Feature,Comparison_Set,A,B,diff,se,T,df,pval,hedges,mean_A,mean_B
AU07_r,ND_CD_MD,CD,MD,0.724864608304908,0.1771749698372647,4.09123596279258,14.058816874026666,0.002933594216945501,1.6593453048523001,0.8927362058918682,0.16787159758696024
AU07_r,ND_CD_MD,CD,ND,0.45194763953005596,0.240010674643829,1.883031411835066,20.933841707617532,0.16840146747173756,0.7525710208897476,0.8927362058918682,0.44078856636181224
AU07_r,ND_CD_MD,MD,ND,-0.272916968774852,0.19331007391495192,-1.4118093446848696,14.647129669394372,0.3605904909030593,-0.5416959013462411,0.16787159758696024,0.44078856636181224
AU07_r,ND_ED_MD,ED,MD,0.7801128345066234,0.2720378731433097,2.8676625996692,10.457446799579767,0.039175547742617445,1.2282693482783056,0.9479844320935836,0.16787159758696024
AU07_r,ND_ED_MD,ED,ND,0.5071958657317714,0.3165734645078228,1.6021427017590042,16.407778388406733,0.2726664044912017,0.678115420732034,0.9479844320935836,0.44078856636181224
AU07_r,ND_ED_MD,MD,ND,-0.272916968774852,0.19331007391495192,-1.4118093446848696,14.647129669394372,0.3605904909030593,-0.5416959013462411,0.16787159758696024,0.44078856636181224
AU07_r,ND_CD_ED_MD,CD,ED,-0.055248226201715434,0.306986878694053,-0.1799693408289822,15.132929943191874,0.9978362008827728,-0.07707160288113374,0.8927362058918682,0.9479844320935836
AU07_r,ND_CD_ED_MD,CD,MD,0.724864608304908,0.1771749698372647,4.09123596279258,14.058816874026666,0.0053230005127464786,1.6593453048523001,0.8927362058918682,0.16787159758696024
AU07_r,ND_CD_ED_MD,CD,ND,0.45194763953005596,0.240010674643829,1.883031411835066,20.933841707617532,0.26522282799519803,0.7525710208897476,0.8927362058918682,0.44078856636181224
AU07_r,ND_CD_ED_MD,ED,MD,0.7801128345066234,0.2720378731433097,2.8676625996692,10.457446799579767,0.0655824772605903,1.2282693482783056,0.9479844320935836,0.16787159758696024
AU07_r,ND_CD_ED_MD,ED,ND,0.5071958657317714,0.3165734645078228,1.6021427017590042,16.407778388406733,0.4044576657033746,0.678115420732034,0.9479844320935836,0.44078856636181224
AU07_r,ND_CD_ED_MD,MD,ND,-0.272916968774852,0.19331007391495192,-1.4118093446848696,14.647129669394372,0.5119228899181371,-0.5416959013462411,0.16787159758696024,0.44078856636181224
AU09_r,ND_CD_ED,CD,ED,-0.002179879950509944,0.025865466830828316,-0.08427761867850021,18.641309488753105,0.9960926080806098,-0.03493402380520068,0.12633201369925157,0.1285118936497615
AU09_r,ND_CD_ED,CD,ND,0.05898078175577305,0.021306346600834723,2.7682259591826197,12.755110772978352,0.04015228500697576,1.1518089997766012,0.12633201369925157,0.06735123194347852
AU09_r,ND_CD_ED,ED,ND,0.061160661706282995,0.0180575261154891,3.386990073563929,12.636296545074051,0.013008671487789059,1.478411070813931,0.1285118936497615,0.06735123194347852
AU09_r,ND_CD_MD,CD,MD,0.06857961232235539,0.03279748138018954,2.091002401293506,17.312376409007314,0.12097808823853617,0.8865520607457524,0.12633201369925157,0.057752401376896176
AU09_r,ND_CD_MD,CD,ND,0.05898078175577305,0.021306346600834723,2.7682259591826197,12.755110772978352,0.04015228500697576,1.1518089997766012,0.12633201369925157,0.06735123194347852
AU09_r,ND_CD_MD,MD,ND,-0.00959883056658234,0.02706892424753468,-0.3546070201683969,10.478178567405914,0.9334653218625667,-0.15804606936769525,0.057752401376896176,0.06735123194347852
AU09_r,ND_ED_MD,ED,MD,0.07075949227286533,0.030786175936945295,2.298417718972028,15.201582462096642,0.08651052529782155,0.9844519484540265,0.1285118936497615,0.057752401376896176
AU09_r,ND_ED_MD,ED,ND,0.061160661706282995,0.0180575261154891,3.386990073563929,12.636296545074051,0.013008671487789059,1.478411070813931,0.1285118936497615,0.06735123194347852
AU09_r,ND_ED_MD,MD,ND,-0.00959883056658234,0.02706892424753468,-0.3546070201683969,10.478178567405914,0.9334653218625667,-0.15804606936769525,0.057752401376896176,0.06735123194347852
AU09_r,ND_CD_ED_MD,CD,ED,-0.002179879950509944,0.025865466830828316,-0.08427761867850021,18.641309488753105,0.9997771707635769,-0.03493402380520068,0.12633201369925157,0.1285118936497615
AU09_r,ND_CD_ED_MD,CD,MD,0.06857961232235539,0.03279748138018954,2.091002401293506,17.312376409007314,0.19499637939564984,0.8865520607457524,0.12633201369925157,0.057752401376896176
AU09_r,ND_CD_ED_MD,CD,ND,0.05898078175577305,0.021306346600834723,2.7682259591826197,12.755110772978352,0.0679418075437942,1.1518089997766012,0.12633201369925157,0.06735123194347852
AU09_r,ND_CD_ED_MD,ED,MD,0.07075949227286533,0.030786175936945295,2.298417718972028,15.201582462096642,0.14203353588739187,0.9844519484540265,0.1285118936497615,0.057752401376896176
AU09_r,ND_CD_ED_MD,ED,ND,0.061160661706282995,0.0180575261154891,3.386990073563929,12.636296545074051,0.02279297734885266,1.478411070813931,0.1285118936497615,0.06735123194347852
AU09_r,ND_CD_ED_MD,MD,ND,-0.00959883056658234,0.02706892424753468,-0.3546070201683969,10.478178567405914,0.9838654409288705,-0.15804606936769525,0.057752401376896176,0.06735123194347852
AU25_r,ND_CD_ED,CD,ED,0.23508350885753848,0.1637896269869166,1.4352771489998986,18.997016998799577,0.34349748833788707,0.5993967662464893,0.8874555024417444,0.652371993584206
AU25_r,ND_CD_ED,CD,ND,0.5907208288928458,0.12657333493649636,4.6670242921956575,12.927648940112059,0.001209052770204444,1.9405612694712948,0.8874555024417444,0.29673467354889865
AU25_r,ND_CD_ED,ED,ND,0.3556373200353073,0.12224795271237276,2.9091474510993023,11.87424962326814,0.032885584126779444,1.27864544124766,0.652371993584206,0.29673467354889865
AU25_r,ND_CD_MD,CD,MD,0.533795549805772,0.12595220063984722,4.2380803756825856,12.664840058436205,0.002732532973549029,1.7097517771276336,0.8874555024417444,0.3536599526359724
AU25_r,ND_CD_MD,CD,ND,0.5907208288928458,0.12657333493649636,4.6670242921956575,12.927648940112059,0.001209052770204444,1.9405612694712948,0.8874555024417444,0.29673467354889865
AU25_r,ND_CD_MD,MD,ND,0.05692527908707373,0.06309894515658385,0.9021589655074298,19.926074154874183,0.6452345223581907,0.36703766888454237,0.3536599526359724,0.29673467354889865
AU25_r,ND_ED_MD,ED,MD,0.29871204094823356,0.12160472717555171,2.4564180018841304,11.615739489674471,0.07344486888942026,1.0521261945604634,0.652371993584206,0.3536599526359724
AU25_r,ND_ED_MD,ED,ND,0.3556373200353073,0.12224795271237276,2.9091474510993023,11.87424962326814,0.032885584126779444,1.27864544124766,0.652371993584206,0.29673467354889865
AU25_r,ND_ED_MD,MD,ND,0.05692527908707373,0.06309894515658385,0.9021589655074298,19.926074154874183,0.6452345223581907,0.36703766888454237,0.3536599526359724,0.29673467354889865
AU25_r,ND_CD_ED_MD,CD,ED,0.23508350885753848,0.1637896269869166,1.4352771489998986,18.997016998799577,0.49392326805648057,0.5993967662464893,0.8874555024417444,0.652371993584206
AU25_r,ND_CD_ED_MD,CD,MD,0.533795549805772,0.12595220063984722,4.2380803756825856,12.664840058436205,0.00492936671761246,1.7097517771276336,0.8874555024417444,0.3536599526359724
AU25_r,ND_CD_ED_MD,CD,ND,0.5907208288928458,0.12657333493649636,4.6670242921956575,12.927648940112059,0.002206319642717225,1.9405612694712948,0.8874555024417444,0.29673467354889865
AU25_r,ND_CD_ED_MD,ED,MD,0.29871204094823356,0.12160472717555171,2.4564180018841304,11.615739489674471,0.12025704181767882,1.0521261945604634,0.652371993584206,0.3536599526359724
AU25_r,ND_CD_ED_MD,ED,ND,0.3556373200353073,0.12224795271237276,2.9091474510993023,11.87424962326814,0.05584420767210074,1.27864544124766,0.652371993584206,0.29673467354889865
AU25_r,ND_CD_ED_MD,MD,ND,0.05692527908707373,0.06309894515658385,0.9021589655074298,19.926074154874183,0.803820411248485,0.36703766888454237,0.3536599526359724,0.29673467354889865
AU26_r,ND_CD_ED,CD,ED,0.07018470933547893,0.10087421727949157,0.6957645990056963,15.645107182676677,0.7693924753607588,0.28392550942091055,0.6034409457914106,0.5332562364559317
AU26_r,ND_CD_ED,CD,ND,0.3193286767798417,0.093708974330587,3.4076637703163026,12.753180502705371,0.012384026048253838,1.417878275735148,0.6034409457914106,0.2841122690115689
AU26_r,ND_CD_ED,ED,ND,0.2491439674443628,0.059500326515942864,4.18727059216399,16.047227570130445,0.0018919036558333602,1.777396570446777,0.5332562364559317,0.2841122690115689
AU26_r,ND_CD_MD,CD,MD,0.2600788859996888,0.1126799093555251,2.3081211858193265,18.515196739407024,0.0795658401763435,0.9556612780743986,0.6034409457914106,0.3433620597917218
AU26_r,ND_CD_MD,CD,ND,0.3193286767798417,0.093708974330587,3.4076637703163026,12.753180502705371,0.012384026048253838,1.417878275735148,0.6034409457914106,0.2841122690115689
AU26_r,ND_CD_MD,MD,ND,0.05924979078015291,0.07785527031693547,0.76102479047285,12.803587038141623,0.7325726621444588,0.3316978862307347,0.3433620597917218,0.2841122690115689
AU26_r,ND_ED_MD,ED,MD,0.18989417666420988,0.08634627356048756,2.1992168142749624,16.152959016079294,0.10148526961643922,0.9419624901143542,0.5332562364559317,0.3433620597917218
AU26_r,ND_ED_MD,ED,ND,0.2491439674443628,0.059500326515942864,4.18727059216399,16.047227570130445,0.0018919036558333602,1.777396570446777,0.5332562364559317,0.2841122690115689
AU26_r,ND_ED_MD,MD,ND,0.05924979078015291,0.07785527031693547,0.76102479047285,12.803587038141623,0.7325726621444588,0.3316978862307347,0.3433620597917218,0.2841122690115689
AU26_r,ND_CD_ED_MD,CD,ED,0.07018470933547893,0.10087421727949157,0.6957645990056963,15.645107182676677,0.8971761204670966,0.28392550942091055,0.6034409457914106,0.5332562364559317
AU26_r,ND_CD_ED_MD,CD,MD,0.2600788859996888,0.1126799093555251,2.3081211858193265,18.515196739407024,0.13222860207985643,0.9556612780743986,0.6034409457914106,0.3433620597917218
AU26_r,ND_CD_ED_MD,CD,ND,0.3193286767798417,0.093708974330587,3.4076637703163026,12.753180502705371,0.0217368488733648,1.417878275735148,0.6034409457914106,0.2841122690115689
AU26_r,ND_CD_ED_MD,ED,MD,0.18989417666420988,0.08634627356048756,2.1992168142749624,16.152959016079294,0.1652779932596824,0.9419624901143542,0.5332562364559317,0.3433620597917218
AU26_r,ND_CD_ED_MD,ED,ND,0.2491439674443628,0.059500326515942864,4.18727059216399,16.047227570130445,0.0034804813240593147,1.777396570446777,0.5332562364559317,0.2841122690115689
AU26_r,ND_CD_ED_MD,MD,ND,0.05924979078015291,0.07785527031693547,0.76102479047285,12.803587038141623,0.8703602200201179,0.3316978862307347,0.3433620597917218,0.2841122690115689
AU45_r,ND_CD_MD,CD,MD,-0.4648399881026059,0.10999300327721201,-4.226086880554428,9.962112290268148,0.004571496226106864,-1.8536628296098527,0.17229670804194347,0.6371366961445494
AU45_r,ND_CD_MD,CD,ND,-0.0004503562570672137,0.0287969615406735,-0.01563901998588011,16.41415303736236,0.9998651668365243,-0.006421464214741969,0.17229670804194347,0.17274706429901068
AU45_r,ND_CD_MD,MD,ND,0.4643896318455387,0.1081671124543189,4.29326087484918,9.338177379247696,0.004733488558660515,1.9386943702279018,0.6371366961445494,0.17274706429901068
AU45_r,ND_ED_MD,ED,MD,-0.44103958212991873,0.11100002246278622,-3.973328764665623,10.30389546662825,0.006387384453454881,-1.7018452355009484,0.19609711401463065,0.6371366961445494
AU45_r,ND_ED_MD,ED,ND,0.023350049715619964,0.032431608205164615,0.7199781635220159,13.50143121620541,0.7561017421979748,0.3119421927907221,0.19609711401463065,0.17274706429901068
AU45_r,ND_ED_MD,MD,ND,0.4643896318455387,0.1081671124543189,4.29326087484918,9.338177379247696,0.004733488558660515,1.9386943702279018,0.6371366961445494,0.17274706429901068
AU45_r,ND_CD_ED_MD,CD,ED,-0.023800405972687178,0.038080779456423984,-0.6249978680169112,18.223792139035393,0.9227095321157043,-0.26356322826450235,0.17229670804194347,0.19609711401463065
AU45_r,ND_CD_ED_MD,CD,MD,-0.4648399881026059,0.10999300327721201,-4.226086880554428,9.962112290268148,0.008033929702883191,-1.8536628296098527,0.17229670804194347,0.6371366961445494
AU45_r,ND_CD_ED_MD,CD,ND,-0.0004503562570672137,0.0287969615406735,-0.01563901998588011,16.41415303736236,0.9999985646427832,-0.006421464214741969,0.17229670804194347,0.17274706429901068
AU45_r,ND_CD_ED_MD,ED,MD,-0.44103958212991873,0.11100002246278622,-3.973328764665623,10.30389546662825,0.011195127814058847,-1.7018452355009484,0.19609711401463065,0.6371366961445494
AU45_r,ND_CD_ED_MD,ED,ND,0.023350049715619964,0.032431608205164615,0.7199781635220159,13.50143121620541,0.887453857713566,0.3119421927907221,0.19609711401463065,0.17274706429901068
AU45_r,ND_CD_ED_MD,MD,ND,0.4643896318455387,0.1081671124543189,4.29326087484918,9.338177379247696,0.008266808727674935,1.9386943702279018,0.6371366961445494,0.17274706429901068
pose_Rx,ND_ED_MD,ED,MD,-0.14731686949890663,0.06158654558558593,-2.3920300789428515,17.09488720721829,0.06969101707368652,-1.0245477367052038,-0.0464420591123493,0.10087481038655732
pose_Rx,ND_ED_MD,ED,ND,0.0011757841295963883,0.06689511981119965,0.017576530738189027,19.59738763477564,0.9998296916273789,0.007206608436632011,-0.0464420591123493,-0.047617843241945686
pose_Rx,ND_ED_MD,MD,ND,0.148492653628503,0.0600183882261642,2.474119316049371,19.840032015926962,0.05614573975190251,0.9927002651543222,0.10087481038655732,-0.047617843241945686
Speed,ND_CD_ED,CD,ED,3.190281619639066,1.4828964491822232,2.151385298277853,17.197210497011735,0.10873110330570568,0.9126942548632374,75.02291703701343,71.83263541737436
Speed,ND_CD_ED,CD,ND,5.183807798790795,1.2435872114374116,4.168431253646492,20.850366592420613,0.0012270779690550793,1.6766141290442216,75.02291703701343,69.83910923822263
Speed,ND_CD_ED,ED,ND,1.9935261791517291,1.4634760474345152,1.3621857239456676,17.161639657771843,0.3817459164657645,0.5730160610494333,71.83263541737436,69.83910923822263
Speed,ND_CD_MD,CD,MD,8.09418917133408,2.4064601889317734,3.3635250682983817,11.849960968212006,0.014652455068293824,1.4613037845165964,75.02291703701343,66.92872786567935
Speed,ND_CD_MD,CD,ND,5.183807798790795,1.2435872114374116,4.168431253646492,20.850366592420613,0.0012270779690550793,1.6766141290442216,75.02291703701343,69.83910923822263
Speed,ND_CD_MD,MD,ND,-2.9103813725432843,2.3945418984287685,-1.2154230312081802,11.674242603506103,0.46758478377110047,-0.5352181070643923,66.92872786567935,69.83910923822263
Speed,ND_CD_ED_MD,CD,ED,3.190281619639066,1.4828964491822232,2.151385298277853,17.197210497011735,0.17660317423756766,0.9126942548632374,75.02291703701343,71.83263541737436
Speed,ND_CD_ED_MD,CD,MD,8.09418917133408,2.4064601889317734,3.3635250682983817,11.849960968212006,0.02549270881753163,1.4613037845165964,75.02291703701343,66.92872786567935
Speed,ND_CD_ED_MD,CD,ND,5.183807798790795,1.2435872114374116,4.168431253646492,20.850366592420613,0.0022980097842121294,1.6766141290442216,75.02291703701343,69.83910923822263
Speed,ND_CD_ED_MD,ED,MD,4.9039075516950135,2.5271136954789784,1.9405171838798285,13.674005915555977,0.2570833896442093,0.8311569767802792,71.83263541737436,66.92872786567935
Speed,ND_CD_ED_MD,ED,ND,1.9935261791517291,1.4634760474345152,1.3621857239456676,17.161639657771843,0.5382335885484456,0.5730160610494333,71.83263541737436,69.83910923822263
Speed,ND_CD_ED_MD,MD,ND,-2.9103813725432843,2.3945418984287685,-1.2154230312081802,11.674242603506103,0.6296643212836851,-0.5352181070643923,66.92872786567935,69.83910923822263
gaze_0_y,ND_CD_MD,CD,MD,-0.10184185706609625,0.05593297712911252,-1.820783771816942,16.090741854547293,0.19438656686884015,-0.7443594653773512,0.1818089583457521,0.28365081541184833
gaze_0_y,ND_CD_MD,CD,ND,0.030851979904840204,0.06421831590131342,0.4804233725507773,20.420445550418858,0.8812643291449471,0.19397599428262421,0.1818089583457521,0.15095697844091188
gaze_0_y,ND_CD_MD,MD,ND,0.13269383697093645,0.05129240299474122,2.5870076117225578,18.548051320210913,0.04601544911389377,1.0205262312169934,0.28365081541184833,0.15095697844091188
gaze_0_y,ND_ED_MD,ED,MD,-0.18375742235282896,0.05197554440681292,-3.535459309758421,15.574672599230114,0.007565875608881001,-1.5142981962949111,0.09989339305901937,0.28365081541184833
gaze_0_y,ND_ED_MD,ED,ND,-0.05106358538189251,0.060802560662028396,-0.8398262314268297,19.71756849739961,0.6833152923718566,-0.34356965892572366,0.09989339305901937,0.15095697844091188
gaze_0_y,ND_ED_MD,MD,ND,0.13269383697093645,0.05129240299474122,2.5870076117225578,18.548051320210913,0.04601544911389377,1.0205262312169934,0.28365081541184833,0.15095697844091188
gaze_0_y,ND_CD_ED_MD,CD,ED,0.08191556528673272,0.06476525850029882,1.2648072003967183,18.954034358204584,0.5952339187402717,0.526590223576217,0.1818089583457521,0.09989339305901937
gaze_0_y,ND_CD_ED_MD,CD,MD,-0.10184185706609625,0.05593297712911252,-1.820783771816942,16.090741854547293,0.29980171317660087,-0.7443594653773512,0.1818089583457521,0.28365081541184833
gaze_0_y,ND_CD_ED_MD,CD,ND,0.030851979904840204,0.06421831590131342,0.4804233725507773,20.420445550418858,0.962572832999429,0.19397599428262421,0.1818089583457521,0.15095697844091188
gaze_0_y,ND_CD_ED_MD,ED,MD,-0.18375742235282896,0.05197554440681292,-3.535459309758421,15.574672599230114,0.013581419202451261,-1.5142981962949111,0.09989339305901937,0.28365081541184833
gaze_0_y,ND_CD_ED_MD,ED,ND,-0.05106358538189251,0.060802560662028396,-0.8398262314268297,19.71756849739961,0.8349058366106299,-0.34356965892572366,0.09989339305901937,0.15095697844091188
gaze_0_y,ND_CD_ED_MD,MD,ND,0.13269383697093645,0.05129240299474122,2.5870076117225578,18.548051320210913,0.07870741330260411,1.0205262312169934,0.28365081541184833,0.15095697844091188
gaze_0_z,ND_ED_MD,ED,MD,-0.031169632595570262,0.01083216068275599,-2.877508329911506,13.505118197426862,0.03152258526721685,-1.2324864443444357,-0.9655317719328661,-0.9343621393372958
gaze_0_z,ND_ED_MD,ED,ND,-0.020860613125995853,0.012596317023904863,-1.6560882904429357,14.834641316236437,0.2542261003206785,-0.6361872854039261,-0.9655317719328661,-0.9446711588068702
gaze_0_z,ND_ED_MD,MD,ND,0.01030901946957441,0.015045252959751421,0.6852008070022331,19.863135637394727,0.7747099571052107,0.2750953785276482,-0.9343621393372958,-0.9446711588068702
gaze_0_z,ND_CD_ED_MD,CD,ED,0.017018257955655924,0.01618754242514419,1.0513181994334964,12.05558216542732,0.7238338092606434,0.42311493550369667,-0.9485135139772102,-0.9655317719328661
gaze_0_z,ND_CD_ED_MD,CD,MD,-0.014151374639914338,0.01815844056691093,-0.7793276403757692,16.5278142132885,0.862703854586139,-0.31918452749117104,-0.9485135139772102,-0.9343621393372958
gaze_0_z,ND_CD_ED_MD,CD,ND,-0.0038423551703399283,0.01926292971828811,-0.1994688879901804,18.976250730428625,0.9970890677054799,-0.08112863580317088,-0.9485135139772102,-0.9446711588068702
gaze_0_z,ND_CD_ED_MD,ED,MD,-0.031169632595570262,0.01083216068275599,-2.877508329911506,13.505118197426862,0.05399664149759886,-1.2324864443444357,-0.9655317719328661,-0.9343621393372958
gaze_0_z,ND_CD_ED_MD,ED,ND,-0.020860613125995853,0.012596317023904863,-1.6560882904429357,14.834641316236437,0.37957267552611285,-0.6361872854039261,-0.9655317719328661,-0.9446711588068702
gaze_0_z,ND_CD_ED_MD,MD,ND,0.01030901946957441,0.015045252959751421,0.6852008070022331,19.863135637394727,0.901508351319109,0.2750953785276482,-0.9343621393372958,-0.9446711588068702
gaze_1_y,ND_ED_MD,ED,MD,-0.1572041836649815,0.06289182276008501,-2.4995965574836685,16.01591971357127,0.05832434080902982,-1.0706203145981412,0.12838178377461779,0.2855859674395993
gaze_1_y,ND_ED_MD,ED,ND,-0.014040453800955116,0.06879651797347885,-0.20408669238707297,18.986750786211235,0.9773273200527781,-0.08438318849836303,0.12838178377461779,0.1424222375755729
gaze_1_y,ND_ED_MD,MD,ND,0.1431637298640264,0.05779958144513831,2.476899075816202,19.65019909606638,0.05603723560581353,0.9898990865868832,0.2855859674395993,0.1424222375755729
gaze_angle_y,ND_ED_MD,ED,MD,-0.17689101909789556,0.05893055451827623,-3.0016859767208888,15.998225370540814,0.021779843968848134,-1.2856738720895537,0.11725375033439996,0.2941447694322955
gaze_angle_y,ND_ED_MD,ED,ND,-0.034984234739311046,0.06666159454270566,-0.5248034491119016,19.508436249741536,0.8602068641269879,-0.21549151815886727,0.11725375033439996,0.152237985073711
gaze_angle_y,ND_ED_MD,MD,ND,0.1419067843585845,0.0567038941019731,2.5025932805141617,19.2084763730103,0.05370144618541328,0.9939531232204352,0.2941447694322955,0.152237985073711
gaze_angle_y,ND_CD_ED_MD,CD,ED,0.07434733830895891,0.07015161075618279,1.0598094257216515,18.998802807636597,0.7172291750774771,0.44249384084676074,0.19160108864335887,0.11725375033439996
gaze_angle_y,ND_CD_ED_MD,CD,MD,-0.10254368078893664,0.06076851085092242,-1.687447649334328,17.030451121936142,0.3600510827803448,-0.6926660939747878,0.19160108864335887,0.2941447694322955
gaze_angle_y,ND_CD_ED_MD,CD,ND,0.03936310356964787,0.06829179923082444,0.5763957607355114,20.536871395603693,0.938027250954644,0.23253062696507246,0.19160108864335887,0.152237985073711
gaze_angle_y,ND_CD_ED_MD,ED,MD,-0.17689101909789556,0.05893055451827623,-3.0016859767208888,15.998225370540814,0.03809704734705832,-1.2856738720895537,0.11725375033439996,0.2941447694322955
gaze_angle_y,ND_CD_ED_MD,ED,ND,-0.034984234739311046,0.06666159454270566,-0.5248034491119016,19.508436249741536,0.9520632771881551,-0.21549151815886727,0.11725375033439996,0.152237985073711
gaze_angle_y,ND_CD_ED_MD,MD,ND,0.1419067843585845,0.0567038941019731,2.5025932805141617,19.2084763730103,0.09129593889765208,0.9939531232204352,0.2941447694322955,0.152237985073711
