experiment,ablation,removed_type,removed_name,removed_group,removed_groups,num_removed_groups,num_features,acc_mean,acc_std,bacc_mean,bacc_std,prec_mean,prec_std,rec_mean,rec_std,f1_mean,f1_std,spec_mean,spec_std,auc_mean,auc_std
4Class_ND_CD_ED_MD,baseline_all_features,baseline,none,none,none,0,39,0.5336178987605985,0.03394562627325669,0.5336178987605985,0.03394562627325669,0.5262317876775731,0.0375647089326188,0.5336178987605985,0.03394562627325669,0.525291811052454,0.03675655096296247,0.8445392995868662,0.011315208757752205,0.7769056630614333,0.025748298031535857
4Class_ND_CD_ED_MD,group_minus_AU_POSE,group,AU_POSE,"AU,POSE","AU,POSE",2,16,0.45761455004555407,0.019114992457370274,0.45761455004555396,0.019114992457370285,0.4483554299376481,0.011969755916480862,0.45761455004555396,0.019114992457370285,0.4453431582875614,0.015482732208858003,0.8192048500151847,0.006371664152456809,0.7078337246980538,0.016380453146208458
4Class_ND_CD_ED_MD,group_minus_AU_VEHICLE,group,AU_VEHICLE,"AU,VEHICLE","AU,VEHICLE",2,17,0.38696229633251195,0.008788415433285927,0.38696229633251195,0.008788415433285941,0.3738154662918299,0.02630052566272869,0.38696229633251195,0.008788415433285941,0.372093228804916,0.012182234073360084,0.7956540987775039,0.0029294718110953128,0.6459071089488393,0.01733066848501085
4Class_ND_CD_ED_MD,group_minus_AU_GAZE,group,AU_GAZE,"AU,GAZE","AU,GAZE",2,11,0.3897981000115819,0.03129592832778382,0.3897981000115819,0.031295928327783835,0.39137650248169537,0.039138806683633884,0.3897981000115819,0.031295928327783835,0.38177475833260355,0.025234955788073124,0.7965993666705273,0.010431976109261276,0.6544287071330992,0.030058471627668774
4Class_ND_CD_ED_MD,group_minus_POSE_VEHICLE,group,POSE_VEHICLE,"POSE,VEHICLE","POSE,VEHICLE",2,28,0.5435945558420872,0.020951597175026284,0.5435945558420872,0.020951597175026284,0.5372606419888136,0.031047780578258403,0.5435945558420872,0.020951597175026284,0.535356043220476,0.02587887483335499,0.8478648519473623,0.00698386572500874,0.792724109234465,0.009905001559749941
4Class_ND_CD_ED_MD,group_minus_POSE_GAZE,group,POSE_GAZE,"POSE,GAZE","POSE,GAZE",2,22,0.5673907676272874,0.022351250156322423,0.5673907676272874,0.022351250156322406,0.576507127600058,0.023925305271306277,0.5673907676272874,0.022351250156322406,0.5667175670130481,0.02492038642987862,0.8557969225424292,0.00745041671877417,0.8133181043842314,0.01468971792635548
4Class_ND_CD_ED_MD,group_minus_VEHICLE_GAZE,group,VEHICLE_GAZE,"VEHICLE,GAZE","VEHICLE,GAZE",2,23,0.4929582878006675,0.030955526909426524,0.4929582878006675,0.030955526909426524,0.49520499707923704,0.048946389295956655,0.4929582878006675,0.030955526909426524,0.4874275989174082,0.039877669685186315,0.8309860959335559,0.010318508969808826,0.7521840298798919,0.030562200778703526
4Class_ND_CD_ED_MD,feature_minus_AU01_r,feature,AU01_r,AU,AU,1,38,0.5375594934853564,0.03361376011752123,0.5375594934853564,0.033613760117521235,0.5301381190294306,0.03952236729501203,0.5375594934853564,0.033613760117521235,0.5293870218753538,0.03759043663412944,0.8458531644951188,0.011204586705840382,0.7799108892474793,0.028562327293453888
4Class_ND_CD_ED_MD,feature_minus_AU02_r,feature,AU02_r,AU,AU,1,38,0.5383980488675115,0.031239088136239986,0.5383980488675115,0.03123908813624001,0.5311514169336539,0.037992253958878376,0.5383980488675115,0.03123908813624001,0.5301371927512541,0.03630627534409224,0.8461326829558372,0.010413029378746623,0.7765713047018767,0.02454455600383619
4Class_ND_CD_ED_MD,feature_minus_AU04_r,feature,AU04_r,AU,AU,1,38,0.5369785536875941,0.03208624794320045,0.5369785536875941,0.03208624794320047,0.5303245673966217,0.03857103078330564,0.5369785536875941,0.03208624794320047,0.5294586185902195,0.03613958227258327,0.8456595178958647,0.010695415981066787,0.7780110600873273,0.02533986341285432
4Class_ND_CD_ED_MD,feature_minus_AU05_r,feature,AU05_r,AU,AU,1,38,0.5358911289486121,0.03004736829912781,0.5358911289486121,0.03004736829912781,0.5303248458340206,0.03783381721500413,0.5358911289486121,0.03004736829912781,0.5286368302139521,0.03489665481220989,0.8452970429828707,0.010015789433042613,0.7765625288178188,0.02662231223098894
4Class_ND_CD_ED_MD,feature_minus_AU06_r,feature,AU06_r,AU,AU,1,38,0.5371088606926333,0.03300238301808773,0.5371088606926333,0.03300238301808774,0.5292608677611511,0.03902416141354289,0.5371088606926333,0.03300238301808774,0.5284293319616987,0.037458305720206045,0.8457029535642111,0.011000794339362616,0.7778632115959488,0.025245317928105276
4Class_ND_CD_ED_MD,feature_minus_AU07_r,feature,AU07_r,AU,AU,1,38,0.531417387667887,0.03921814102541012,0.531417387667887,0.039218141025410144,0.5261567290992802,0.042776522840978895,0.531417387667887,0.039218141025410144,0.5242729400080715,0.04243957364197613,0.8438057958892957,0.013072713675136655,0.7743925313634035,0.02773193015924734
4Class_ND_CD_ED_MD,feature_minus_AU09_r,feature,AU09_r,AU,AU,1,38,0.540541522374303,0.02684611893557061,0.540541522374303,0.02684611893557067,0.530309343484864,0.041907809848184874,0.540541522374303,0.02684611893557067,0.5313443527045199,0.03528465049314808,0.8468471741247677,0.008948706311856854,0.7824541342004354,0.021121751841342188
4Class_ND_CD_ED_MD,feature_minus_AU10_r,feature,AU10_r,AU,AU,1,38,0.5367229286815894,0.03175928325286179,0.5367229286815894,0.03175928325286181,0.5298178492867993,0.039695723774937325,0.5367229286815894,0.03175928325286181,0.5285724159377799,0.03663034301811752,0.8455743095605296,0.010586427750953979,0.7772664699248631,0.026620943468204282
4Class_ND_CD_ED_MD,feature_minus_AU12_r,feature,AU12_r,AU,AU,1,38,0.5397801930778663,0.0344478361581618,0.5397801930778663,0.03444783615816181,0.5323360801060739,0.04281158893155525,0.5397801930778663,0.03444783615816181,0.5316552374745014,0.03941718090996196,0.8465933976926221,0.011482612052720602,0.7789130815651855,0.027516625758812117
4Class_ND_CD_ED_MD,feature_minus_AU14_r,feature,AU14_r,AU,AU,1,38,0.5351343768923085,0.03075377832916979,0.5351343768923085,0.030753778329169788,0.5292412503936952,0.03974924713277863,0.5351343768923085,0.030753778329169788,0.5279148688702997,0.0365054872544957,0.845044792297436,0.010251259443056597,0.7774288371949514,0.025725355656449126
4Class_ND_CD_ED_MD,feature_minus_AU15_r,feature,AU15_r,AU,AU,1,38,0.5355685275475133,0.03602297329966852,0.5355685275475134,0.036022973299668526,0.5300934994204825,0.0385356789262284,0.5355685275475134,0.036022973299668526,0.5284605955260362,0.03790472605790551,0.8451895091825044,0.01200765776655617,0.7775133303744584,0.03022404755324449
4Class_ND_CD_ED_MD,feature_minus_AU17_r,feature,AU17_r,AU,AU,1,38,0.530133674528461,0.030203809025064296,0.530133674528461,0.030203809025064296,0.5222109900136982,0.03999833569935851,0.530133674528461,0.030203809025064296,0.5213907948455045,0.035650757949461855,0.8433778915094869,0.010067936341688087,0.7722227737581072,0.02423575648337696
4Class_ND_CD_ED_MD,feature_minus_AU20_r,feature,AU20_r,AU,AU,1,38,0.5273572026685998,0.03246614319409365,0.5273572026685998,0.03246614319409369,0.5191934778392703,0.04436547586317027,0.5273572026685998,0.03246614319409369,0.519384564932485,0.0390781280415672,0.8424524008895332,0.010822047731364593,0.770157097498684,0.026461081361923083
4Class_ND_CD_ED_MD,feature_minus_AU23_r,feature,AU23_r,AU,AU,1,38,0.5280038675906431,0.029129959948228895,0.5280038675906431,0.029129959948228912,0.5197875323641403,0.036193765392602106,0.5280038675906431,0.029129959948228912,0.5197220231484533,0.0330679642594192,0.8426679558635477,0.009709986649409693,0.7706294484370979,0.02575499047365825
4Class_ND_CD_ED_MD,feature_minus_AU25_r,feature,AU25_r,AU,AU,1,38,0.5225194594119792,0.03122160381858373,0.5225194594119793,0.03122160381858372,0.5135360347396907,0.03929699951234248,0.5225194594119793,0.03122160381858372,0.5129992067082887,0.03628885896376417,0.8408398198039931,0.010407201272861226,0.767073842902245,0.027138922076972796
4Class_ND_CD_ED_MD,feature_minus_AU26_r,feature,AU26_r,AU,AU,1,38,0.5311753095225801,0.02850113541677812,0.5311753095225801,0.028501135416778126,0.5243293500258799,0.04215839250336767,0.5311753095225801,0.028501135416778126,0.5230457129293885,0.036291210593088714,0.8437251031741934,0.009500378472259374,0.7737787244090704,0.02366038206945506
4Class_ND_CD_ED_MD,feature_minus_AU45_r,feature,AU45_r,AU,AU,1,38,0.5162027092918675,0.03581047593640976,0.5162027092918675,0.03581047593640976,0.5183409909571611,0.04075574857811438,0.5162027092918675,0.03581047593640976,0.5100974753248314,0.04022947678198984,0.8387342364306225,0.01193682531213654,0.7651230963540941,0.025939873443462397
4Class_ND_CD_ED_MD,feature_minus_pose_Tx,feature,pose_Tx,POSE,POSE,1,38,0.5395109810441021,0.03770798271189197,0.5395109810441021,0.03770798271189199,0.5335626577800954,0.0460623983167381,0.5395109810441021,0.03770798271189199,0.5323056699059415,0.043239275430959054,0.846503660348034,0.012569327570630656,0.7806340042076568,0.021059885542923075
4Class_ND_CD_ED_MD,feature_minus_pose_Ty,feature,pose_Ty,POSE,POSE,1,38,0.546288227813329,0.021969719758649996,0.5462882278133291,0.02196971975865001,0.5380802524332091,0.033278147541391495,0.5462882278133291,0.02196971975865001,0.5371058906701197,0.028961928004804714,0.848762742604443,0.007323239919550009,0.7859243960872535,0.021870893379329
4Class_ND_CD_ED_MD,feature_minus_pose_Tz,feature,pose_Tz,POSE,POSE,1,38,0.5403078616310564,0.03325287077176302,0.5403078616310564,0.03325287077176302,0.5332761602496766,0.04097611444859926,0.5403078616310564,0.03325287077176302,0.5316665629638733,0.03818224033789844,0.8467692872103522,0.011084290257254372,0.7817553893024027,0.026739796873612193
4Class_ND_CD_ED_MD,feature_minus_pose_Rx,feature,pose_Rx,POSE,POSE,1,38,0.5398139627913624,0.039125726723143364,0.5398139627913624,0.039125726723143385,0.5340088890017565,0.044621768129406755,0.5398139627913624,0.039125726723143385,0.532322996438974,0.043802817952587066,0.8466046542637875,0.013041908907714426,0.7783071098776408,0.024451342736974545
4Class_ND_CD_ED_MD,feature_minus_pose_Ry,feature,pose_Ry,POSE,POSE,1,38,0.5360893381842068,0.02993337659274062,0.5360893381842069,0.029933376592740635,0.5280235159876613,0.043626139437886804,0.5360893381842069,0.029933376592740635,0.527722442231607,0.037469651170020005,0.8453631127280691,0.009977792197580155,0.7791460218126852,0.024596705282464628
4Class_ND_CD_ED_MD,feature_minus_pose_Rz,feature,pose_Rz,POSE,POSE,1,38,0.5328576373931753,0.031842753792075906,0.5328576373931753,0.031842753792075885,0.5261542724358551,0.03989392120487486,0.5328576373931753,0.031842753792075885,0.5245676442257636,0.037553783990123275,0.8442858791310585,0.01061425126402529,0.7793879540166654,0.02608223672544414
4Class_ND_CD_ED_MD,feature_minus_Speed,feature,Speed,VEHICLE,VEHICLE,1,38,0.535888520458165,0.03317800027364216,0.535888520458165,0.03317800027364218,0.528328441676071,0.0433829065612232,0.535888520458165,0.03317800027364218,0.5274968544432158,0.03915590935560801,0.8452961734860551,0.011059333424547417,0.7746394458377083,0.0251837543335444
4Class_ND_CD_ED_MD,feature_minus_Acceleration,feature,Acceleration,VEHICLE,VEHICLE,1,38,0.536225635253243,0.034567712218294064,0.536225635253243,0.034567712218294064,0.5295386930623691,0.041902280418927344,0.536225635253243,0.034567712218294064,0.5281580753126964,0.03940607030564868,0.8454085450844143,0.01152257073943135,0.7765749871282555,0.025806783420777312
4Class_ND_CD_ED_MD,feature_minus_Brake,feature,Brake,VEHICLE,VEHICLE,1,38,0.5369849506566503,0.03422575757899128,0.5369849506566503,0.034225757578991274,0.5294009292854567,0.04248312421834371,0.5369849506566503,0.034225757578991274,0.5285292704680569,0.03940491528461282,0.8456616502188835,0.011408585859663799,0.7774563851849803,0.026574276251220053
4Class_ND_CD_ED_MD,feature_minus_Steering,feature,Steering,VEHICLE,VEHICLE,1,38,0.5293489870179012,0.02800649008922595,0.5293489870179012,0.02800649008922595,0.5229677033058009,0.03769938454505731,0.5293489870179012,0.02800649008922595,0.5212820157522062,0.03297598942122145,0.843116329005967,0.009335496696408636,0.7711832260560887,0.023494927746822363
4Class_ND_CD_ED_MD,feature_minus_LaneOffset,feature,LaneOffset,VEHICLE,VEHICLE,1,38,0.5333145712920782,0.033223209458061606,0.5333145712920782,0.033223209458061606,0.5259506645829223,0.041971928298795536,0.5333145712920782,0.033223209458061606,0.5247441228294655,0.0384687231958115,0.8444381904306928,0.011074403152687193,0.7762734169555131,0.026111865618671428
4Class_ND_CD_ED_MD,feature_minus_gaze_0_x,feature,gaze_0_x,GAZE,GAZE,1,38,0.5351676125372667,0.03588072654154831,0.5351676125372667,0.03588072654154831,0.5294227422447925,0.042289530468320694,0.5351676125372667,0.03588072654154831,0.5273301378299389,0.0406733170884263,0.8450558708457555,0.011960242180516114,0.7766336644542776,0.025234197994566932
4Class_ND_CD_ED_MD,feature_minus_gaze_0_y,feature,gaze_0_y,GAZE,GAZE,1,38,0.5362577003527427,0.030550822034930047,0.5362577003527427,0.030550822034930047,0.5298712609817492,0.03555140436802977,0.5362577003527427,0.030550822034930047,0.5281808782702078,0.034319382023862685,0.8454192334509143,0.010183607344976663,0.7774306534676054,0.0250135218073989
4Class_ND_CD_ED_MD,feature_minus_gaze_0_z,feature,gaze_0_z,GAZE,GAZE,1,38,0.5337191822070994,0.03208453882492901,0.5337191822070992,0.03208453882492905,0.5263786676498219,0.0410141079670803,0.5337191822070992,0.03208453882492905,0.5253436912251108,0.037661567577291166,0.8445730607356998,0.010694846274976315,0.7776532708106113,0.024969767827219446
4Class_ND_CD_ED_MD,feature_minus_gaze_1_x,feature,gaze_1_x,GAZE,GAZE,1,38,0.5343267528020725,0.02890359889902407,0.5343267528020725,0.028903598899024066,0.5263220506635499,0.038349404226722714,0.5343267528020725,0.028903598899024066,0.5255964116736245,0.03437371166952844,0.8447755842673574,0.009634532966341336,0.7773635343030709,0.025299165821315573
4Class_ND_CD_ED_MD,feature_minus_gaze_1_y,feature,gaze_1_y,GAZE,GAZE,1,38,0.5377681867427434,0.03273641889091642,0.5377681867427434,0.032736418890916434,0.5296150699288469,0.04058374011413605,0.5377681867427434,0.032736418890916434,0.5289601594473743,0.03759132377273437,0.8459227289142477,0.01091213963030545,0.7779696009184546,0.02531025730934756
4Class_ND_CD_ED_MD,feature_minus_gaze_1_z,feature,gaze_1_z,GAZE,GAZE,1,38,0.531026811375515,0.03598134259339497,0.531026811375515,0.035981342593395,0.525138274246274,0.04371731532219704,0.531026811375515,0.035981342593395,0.5230054681581724,0.041304760193902744,0.8436756037918384,0.011993780864464978,0.7773916049726808,0.027397079922719086
4Class_ND_CD_ED_MD,feature_minus_gaze_angle_x,feature,gaze_angle_x,GAZE,GAZE,1,38,0.535136204342889,0.036242785998341125,0.5351362043428891,0.03624278599834116,0.5272925122053709,0.04510431247946126,0.5351362043428891,0.03624278599834116,0.5263334119909683,0.041900992831106515,0.8450454014476296,0.012080928666113705,0.7764297792901607,0.02632811962874795
4Class_ND_CD_ED_MD,feature_minus_gaze_angle_y,feature,gaze_angle_y,GAZE,GAZE,1,38,0.5347987912969948,0.03330965724791559,0.5347987912969948,0.03330965724791558,0.5280693615494604,0.0415763384089519,0.5347987912969948,0.03330965724791558,0.5267962953155835,0.03840876803903201,0.8449329304323315,0.011103219082638473,0.776752303126842,0.02505157169899774
4Class_ND_CD_ED_MD,feature_minus_gaze_vel,feature,gaze_vel,GAZE,GAZE,1,38,0.5351425806735306,0.034859615932930146,0.5351425806735305,0.03485961593293016,0.5290286122786882,0.04030582469561127,0.5351425806735305,0.03485961593293016,0.5274777939446355,0.038692781822889745,0.8450475268911768,0.01161987197764339,0.7769206752771668,0.026300241686046832
4Class_ND_CD_ED_MD,feature_minus_gaze_amp,feature,gaze_amp,GAZE,GAZE,1,38,0.533248135099514,0.028536952953851114,0.533248135099514,0.0285369529538511,0.526858757231705,0.034957087836477864,0.533248135099514,0.0285369529538511,0.5250891719351674,0.03267465202332312,0.8444160450331714,0.00951231765128369,0.7769721978399733,0.025124708164444856
4Class_ND_CD_ED_MD,feature_minus_gaze_acc,feature,gaze_acc,GAZE,GAZE,1,38,0.5365359774341546,0.03539053888604973,0.5365359774341546,0.03539053888604973,0.53007701381108,0.0406769071930757,0.5365359774341546,0.03539053888604973,0.5285845253156056,0.039538285026858806,0.8455119924780515,0.011796846295349913,0.778189267462477,0.02671252573449859
3Class_ND_ED_MD,baseline_all_features,baseline,none,none,none,0,39,0.7663848421305314,0.03136154370014708,0.7663848421305314,0.03136154370014708,0.7901722643732747,0.026452567350069282,0.7663848421305314,0.03136154370014708,0.7646762099064208,0.034257781201204075,0.8831924210652657,0.015680771850073584,0.926121295520916,0.01286413589852384
3Class_ND_ED_MD,group_minus_AU_POSE,group,AU_POSE,"AU,POSE","AU,POSE",2,16,0.6009591002117359,0.02236697233194602,0.6009591002117359,0.022366972331946032,0.6166458656503403,0.028811372532650308,0.6009591002117359,0.022366972331946032,0.5868060232415832,0.022987569215127533,0.800479550105868,0.011183486165973061,0.7877330685569628,0.030937914431541473
3Class_ND_ED_MD,group_minus_AU_VEHICLE,group,AU_VEHICLE,"AU,VEHICLE","AU,VEHICLE",2,17,0.579197187925218,0.021409888500315086,0.5791971879252179,0.021409888500315048,0.6062240189369151,0.031436923661445286,0.5791971879252179,0.021409888500315048,0.5598526989808603,0.02511884888585701,0.7895985939626089,0.010704944250157555,0.7916994891362672,0.019740894374317905
3Class_ND_ED_MD,group_minus_AU_GAZE,group,AU_GAZE,"AU,GAZE","AU,GAZE",2,11,0.6032897364517815,0.04306916964464519,0.6032897364517816,0.04306916964464518,0.6251676013090306,0.04757520605147699,0.6032897364517816,0.04306916964464518,0.5916210284185007,0.04601168490181051,0.8016448682258908,0.02153458482232254,0.8107499926349572,0.03700172326198789
3Class_ND_ED_MD,group_minus_POSE_VEHICLE,group,POSE_VEHICLE,"POSE,VEHICLE","POSE,VEHICLE",2,28,0.7501293123402366,0.01576696044613801,0.7501293123402366,0.015766960446137953,0.7669647582031203,0.011420385919662103,0.7501293123402366,0.015766960446137953,0.7495597892946975,0.016004675886105595,0.8750646561701183,0.007883480223068997,0.9098570396672265,0.010455309655018554
3Class_ND_ED_MD,group_minus_POSE_GAZE,group,POSE_GAZE,"POSE,GAZE","POSE,GAZE",2,22,0.7860381882536959,0.03702513885610889,0.7860381882536959,0.037025138856108857,0.8028753953089298,0.029816262842265434,0.7860381882536959,0.037025138856108857,0.7873199451350237,0.036831575685673856,0.8930190941268478,0.018512569428054463,0.929239458948604,0.01171503015727574
3Class_ND_ED_MD,group_minus_VEHICLE_GAZE,group,VEHICLE_GAZE,"VEHICLE,GAZE","VEHICLE,GAZE",2,23,0.7266248149151768,0.04686233806545688,0.7266248149151768,0.04686233806545688,0.7492982415286769,0.04259316661970298,0.7266248149151768,0.04686233806545688,0.7248560165457045,0.048288578732230504,0.8633124074575884,0.023431169032728474,0.9044120753180703,0.021183037229682157
3Class_ND_ED_MD,feature_minus_AU01_r,feature,AU01_r,AU,AU,1,38,0.7637613489275027,0.03454626822349486,0.7637613489275027,0.034546268223494866,0.7871684026212349,0.02875936657026431,0.7637613489275027,0.034546268223494866,0.7620645320095105,0.03777650561358402,0.8818806744637513,0.017273134111747388,0.9252333523258104,0.01299873575974001
3Class_ND_ED_MD,feature_minus_AU02_r,feature,AU02_r,AU,AU,1,38,0.7535345081568926,0.03645686823073526,0.7535345081568926,0.036456868230735254,0.7790244520366381,0.028681368676779388,0.7535345081568926,0.036456868230735254,0.7514599611574556,0.039779879620744564,0.8767672540784464,0.018228434115367658,0.9242226433709071,0.01200599558233597
3Class_ND_ED_MD,feature_minus_AU04_r,feature,AU04_r,AU,AU,1,38,0.759501082627918,0.03636307153601273,0.759501082627918,0.036363071536012745,0.7861098039774449,0.028329088138578255,0.759501082627918,0.036363071536012745,0.7581247119960313,0.03981765649390108,0.8797505413139591,0.018181535768006366,0.9261185364359467,0.012921014833447132
3Class_ND_ED_MD,feature_minus_AU05_r,feature,AU05_r,AU,AU,1,38,0.7534096506102059,0.03998879361005869,0.7534096506102059,0.03998879361005862,0.7783789896918883,0.032091228521743384,0.7534096506102059,0.03998879361005862,0.7522633280385266,0.04287793365985696,0.876704825305103,0.019994396805029332,0.9234221601241488,0.01399334988014982
3Class_ND_ED_MD,feature_minus_AU06_r,feature,AU06_r,AU,AU,1,38,0.7604587465870273,0.03683345246807819,0.7604587465870273,0.03683345246807819,0.7859779416410877,0.030416440230597953,0.7604587465870273,0.03683345246807819,0.758749671818901,0.039768033568825,0.8802293732935137,0.01841672623403908,0.9259267293869533,0.013119796574029473
3Class_ND_ED_MD,feature_minus_AU07_r,feature,AU07_r,AU,AU,1,38,0.7494011895061697,0.03317926075156478,0.7494011895061699,0.03317926075156479,0.7741211443929966,0.028998708450197364,0.7494011895061699,0.03317926075156479,0.7470261917940371,0.03664666873728754,0.8747005947530848,0.016589630375782358,0.9201114474874534,0.013961124747122248
3Class_ND_ED_MD,feature_minus_AU09_r,feature,AU09_r,AU,AU,1,38,0.7692349846751751,0.04221360026455471,0.7692349846751751,0.04221360026455467,0.7897224279770393,0.0366652730670974,0.7692349846751751,0.04221360026455467,0.7678304306817951,0.045157956488413836,0.8846174923375877,0.021106800132277365,0.926651336934244,0.014387370037224272
3Class_ND_ED_MD,feature_minus_AU10_r,feature,AU10_r,AU,AU,1,38,0.755947597911837,0.03990613545621728,0.755947597911837,0.039906135456217254,0.7815715200451142,0.032333953258859974,0.755947597911837,0.039906135456217254,0.7538648902072395,0.0431007326223271,0.8779737989559185,0.01995306772810862,0.9239626299732034,0.012845163923602007
3Class_ND_ED_MD,feature_minus_AU12_r,feature,AU12_r,AU,AU,1,38,0.760731612098197,0.035402321545664986,0.7607316120981971,0.03540232154566496,0.7839540520887007,0.030036632402797272,0.7607316120981971,0.03540232154566496,0.7582305821287495,0.039314780322497155,0.8803658060490983,0.01770116077283252,0.9256870998597672,0.012674819863112178
3Class_ND_ED_MD,feature_minus_AU14_r,feature,AU14_r,AU,AU,1,38,0.7572997361606888,0.04008742273958824,0.7572997361606887,0.04008742273958823,0.7816146653426654,0.0319524202121181,0.7572997361606887,0.04008742273958823,0.7549148076711231,0.043537312762750434,0.8786498680803444,0.020043711369794073,0.9230995991694849,0.013838073295017586
3Class_ND_ED_MD,feature_minus_AU15_r,feature,AU15_r,AU,AU,1,38,0.7586523317107194,0.03138104512585578,0.7586523317107194,0.031381045125855746,0.7832966088610807,0.028120232121264375,0.7586523317107194,0.031381045125855746,0.7567651153115548,0.03452974783419492,0.8793261658553597,0.015690522562927904,0.9249974861361429,0.012711575871968703
3Class_ND_ED_MD,feature_minus_AU17_r,feature,AU17_r,AU,AU,1,38,0.7568158537091855,0.03342579979651924,0.7568158537091855,0.03342579979651926,0.7805959573820844,0.02839929024915201,0.7568158537091855,0.03342579979651926,0.7549851655609058,0.03659496345432502,0.8784079268545927,0.016712899898259588,0.9236847449373823,0.013703003067363112
3Class_ND_ED_MD,feature_minus_AU20_r,feature,AU20_r,AU,AU,1,38,0.7591283469176117,0.03311683442034452,0.7591283469176117,0.03311683442034448,0.7833510844720013,0.028699939144839936,0.7591283469176117,0.03311683442034448,0.7576173452433826,0.03599938340782422,0.8795641734588058,0.016558417210172264,0.9249962242625035,0.012654794920256087
3Class_ND_ED_MD,feature_minus_AU23_r,feature,AU23_r,AU,AU,1,38,0.7570062169658437,0.04005712130102907,0.7570062169658437,0.04005712130102907,0.7823522522064033,0.03183306411483844,0.7570062169658437,0.04005712130102907,0.7546951148365495,0.043335513329489206,0.8785031084829219,0.020028560650514598,0.9234927304309668,0.01269441131200796
3Class_ND_ED_MD,feature_minus_AU25_r,feature,AU25_r,AU,AU,1,38,0.730683741358709,0.03323097321425489,0.7306837413587088,0.03323097321425491,0.7620785512047016,0.03134034773664262,0.7306837413587088,0.03323097321425491,0.7282266817976237,0.0355240532944545,0.8653418706793545,0.016615486607127417,0.9104115750170994,0.01407179448167037
3Class_ND_ED_MD,feature_minus_AU26_r,feature,AU26_r,AU,AU,1,38,0.7583441270152474,0.02946739075354765,0.7583441270152473,0.02946739075354759,0.7836608210119169,0.022422000182601425,0.7583441270152473,0.02946739075354759,0.7566006563597993,0.032898428908153345,0.8791720635076237,0.014733695376773872,0.920683735514879,0.012530076320585936
3Class_ND_ED_MD,feature_minus_AU45_r,feature,AU45_r,AU,AU,1,38,0.7403066948337902,0.024038348325382132,0.7403066948337902,0.024038348325382104,0.7667300570607574,0.02276635816945672,0.7403066948337902,0.024038348325382104,0.7380611197674833,0.02783837089002879,0.8701533474168951,0.012019174162691052,0.9135323880214795,0.014440861718775332
3Class_ND_ED_MD,feature_minus_pose_Tx,feature,pose_Tx,POSE,POSE,1,38,0.7618030862810818,0.03265926215416256,0.761803086281082,0.03265926215416252,0.7840820340028396,0.02597855273506589,0.761803086281082,0.03265926215416252,0.7600114433919585,0.035698343125234976,0.8809015431405409,0.01632963107708131,0.925161523575094,0.012317662500657979
3Class_ND_ED_MD,feature_minus_pose_Ty,feature,pose_Ty,POSE,POSE,1,38,0.7614568233768864,0.03924449181483443,0.7614568233768864,0.039244491814834505,0.7848740772807029,0.030587931198585064,0.7614568233768864,0.039244491814834505,0.7597959672075489,0.042311712916970765,0.8807284116884432,0.019622245907417252,0.9274966966636734,0.01229880703903251
3Class_ND_ED_MD,feature_minus_pose_Tz,feature,pose_Tz,POSE,POSE,1,38,0.7590879716904873,0.030472203406173983,0.7590879716904873,0.030472203406173994,0.7832433601616132,0.02617490541442022,0.7590879716904873,0.030472203406173994,0.7570558881165117,0.03353826794550756,0.8795439858452436,0.015236101703087037,0.9241225454705084,0.012519886849500676
3Class_ND_ED_MD,feature_minus_pose_Rx,feature,pose_Rx,POSE,POSE,1,38,0.7620264966420078,0.03616673789100202,0.7620264966420078,0.036166737891002027,0.7858177670739638,0.02759014670247215,0.7620264966420078,0.036166737891002027,0.7604030718461993,0.03801135415728331,0.8810132483210038,0.018083368945501034,0.9247486422102374,0.012999329554055809
3Class_ND_ED_MD,feature_minus_pose_Ry,feature,pose_Ry,POSE,POSE,1,38,0.7651019215801129,0.030724329964578766,0.7651019215801128,0.030724329964578825,0.7863043563830445,0.02492639325658807,0.7651019215801128,0.030724329964578825,0.7630277896124086,0.034148696546056276,0.8825509607900563,0.015362164982289416,0.9243065873404938,0.012971308831149726
3Class_ND_ED_MD,feature_minus_pose_Rz,feature,pose_Rz,POSE,POSE,1,38,0.7623147748227803,0.03823659026143266,0.7623147748227803,0.03823659026143269,0.7860411185488314,0.030367543961185246,0.7623147748227803,0.03823659026143269,0.7605631819225096,0.04147981061718813,0.8811573874113903,0.019118295130716362,0.9255278549329828,0.012894688450632833
3Class_ND_ED_MD,feature_minus_Speed,feature,Speed,VEHICLE,VEHICLE,1,38,0.7601612008842051,0.037499322923830264,0.7601612008842051,0.037499322923830215,0.7829883341847175,0.03129786352189091,0.7601612008842051,0.037499322923830215,0.7583412571754751,0.04077487990304773,0.8800806004421025,0.018749661461915187,0.9214807491789021,0.013914786035089109
3Class_ND_ED_MD,feature_minus_Acceleration,feature,Acceleration,VEHICLE,VEHICLE,1,38,0.7658602161468325,0.03411917251675026,0.7658602161468325,0.03411917251675025,0.7895606465246204,0.027524668714955205,0.7658602161468325,0.03411917251675025,0.7642535239076058,0.03749606675972046,0.8829301080734162,0.017059586258375118,0.925083116195902,0.013311167631314362
3Class_ND_ED_MD,feature_minus_Brake,feature,Brake,VEHICLE,VEHICLE,1,38,0.7635734439010688,0.03083964728731069,0.7635734439010687,0.03083964728731066,0.7867286026049298,0.026189354441213702,0.7635734439010687,0.03083964728731066,0.7618190689553508,0.03407476225472663,0.8817867219505345,0.015419823643655338,0.9256935244643134,0.012605129631394492
3Class_ND_ED_MD,feature_minus_Steering,feature,Steering,VEHICLE,VEHICLE,1,38,0.7443059837674616,0.02747747528310911,0.7443059837674616,0.027477475283109107,0.767525915480688,0.02122957674024524,0.7443059837674616,0.027477475283109107,0.7424357903661746,0.030752253718807545,0.8721529918837307,0.013738737641554552,0.9169507164802388,0.011059469279176018
3Class_ND_ED_MD,feature_minus_LaneOffset,feature,LaneOffset,VEHICLE,VEHICLE,1,38,0.7615868488001569,0.035846539697128546,0.7615868488001569,0.035846539697128525,0.7850276501318999,0.02915750633700957,0.7615868488001569,0.035846539697128525,0.7596753383914003,0.03931104294784601,0.8807934244000786,0.01792326984856424,0.9235991502363557,0.012867800299468579
3Class_ND_ED_MD,feature_minus_gaze_0_x,feature,gaze_0_x,GAZE,GAZE,1,38,0.760267283357016,0.03306490870853918,0.7602672833570161,0.03306490870853915,0.7846084835775502,0.02697000015706779,0.7602672833570161,0.03306490870853915,0.7590186842229018,0.03580170927682123,0.880133641678508,0.016532454354269612,0.9242789321796125,0.013651508059658188
3Class_ND_ED_MD,feature_minus_gaze_0_y,feature,gaze_0_y,GAZE,GAZE,1,38,0.7672498737998178,0.028264114566306953,0.7672498737998178,0.02826411456630699,0.789116239000179,0.025295910244235578,0.7672498737998178,0.02826411456630699,0.7656025239657719,0.031403475438191594,0.883624936899909,0.014132057283153523,0.9254807821611675,0.012646636976974842
3Class_ND_ED_MD,feature_minus_gaze_0_z,feature,gaze_0_z,GAZE,GAZE,1,38,0.7661044916838093,0.035323469906216466,0.7661044916838093,0.03532346990621649,0.7888185329607024,0.02911266923326484,0.7661044916838093,0.03532346990621649,0.7646846794932641,0.03844622050486787,0.8830522458419047,0.017661734953108247,0.9267225851219274,0.012821978445245168
3Class_ND_ED_MD,feature_minus_gaze_1_x,feature,gaze_1_x,GAZE,GAZE,1,38,0.7624221344973431,0.0323157420786383,0.762422134497343,0.03231574207863832,0.7869613854487455,0.027179566565418024,0.762422134497343,0.03231574207863832,0.7606685855915464,0.03566923071188964,0.8812110672486716,0.016157871039319156,0.925844869926523,0.012434850787833272
3Class_ND_ED_MD,feature_minus_gaze_1_y,feature,gaze_1_y,GAZE,GAZE,1,38,0.7626532788148341,0.03168905811988064,0.762653278814834,0.03168905811988065,0.7855881835901445,0.026761195851702838,0.762653278814834,0.03168905811988065,0.7611009098034097,0.03527682251669837,0.881326639407417,0.015844529059940347,0.9248962180024047,0.012927774096189754
3Class_ND_ED_MD,feature_minus_gaze_1_z,feature,gaze_1_z,GAZE,GAZE,1,38,0.7628789130892608,0.0378525354403073,0.7628789130892608,0.037852535440307325,0.7862888354792398,0.03197822420092114,0.7628789130892608,0.037852535440307325,0.7613849971109622,0.04133273286740125,0.8814394565446303,0.018926267720153666,0.9256437006312801,0.012635471703825675
3Class_ND_ED_MD,feature_minus_gaze_angle_x,feature,gaze_angle_x,GAZE,GAZE,1,38,0.7617102882893609,0.03256533264166794,0.7617102882893608,0.03256533264166795,0.7858055787060356,0.02855718261710261,0.7617102882893608,0.03256533264166795,0.7604072737167216,0.03565807280867028,0.8808551441446804,0.016282666320833954,0.9247780750765046,0.013067263445126416
3Class_ND_ED_MD,feature_minus_gaze_angle_y,feature,gaze_angle_y,GAZE,GAZE,1,38,0.7589926192202741,0.035577130047788154,0.7589926192202741,0.03557713004778815,0.7834859371929705,0.02891611114709574,0.7589926192202741,0.03557713004778815,0.7576154367122168,0.038870413421356095,0.8794963096101371,0.017788565023894073,0.9257451212231074,0.012554261930880477
3Class_ND_ED_MD,feature_minus_gaze_vel,feature,gaze_vel,GAZE,GAZE,1,38,0.7641312256370296,0.03448889947035767,0.7641312256370296,0.034488899470357715,0.7878183932846977,0.02796856411373163,0.7641312256370296,0.034488899470357715,0.7627693125917681,0.03759501216104355,0.8820656128185147,0.01724444973517886,0.9255428500981061,0.012704163142685318
3Class_ND_ED_MD,feature_minus_gaze_amp,feature,gaze_amp,GAZE,GAZE,1,38,0.7616270152644029,0.03626659746241257,0.7616270152644029,0.0362665974624126,0.7849357137228307,0.028021482083983716,0.7616270152644029,0.0362665974624126,0.7600230045742488,0.03927737698475636,0.8808135076322013,0.0181332987312063,0.9257251749074602,0.012370200530176675
3Class_ND_ED_MD,feature_minus_gaze_acc,feature,gaze_acc,GAZE,GAZE,1,38,0.761341998292038,0.03265165186591436,0.761341998292038,0.0326516518659144,0.7851265049284378,0.026906200716190647,0.761341998292038,0.0326516518659144,0.7600128101836787,0.035543243018146986,0.880670999146019,0.016325825932957175,0.9255682548490567,0.011784220502186074
3Class_ND_CDED_MD,baseline_all_features,baseline,none,none,none,0,39,0.8336065328183586,0.03219580164353422,0.8336065328183586,0.0321958016435342,0.8410593420655552,0.03249015069663755,0.8336065328183586,0.0321958016435342,0.8348057223281871,0.03217101588136569,0.9168032664091793,0.016097900821767167,0.9453124181238121,0.016386174160745406
3Class_ND_CDED_MD,group_minus_AU_POSE,group,AU_POSE,"AU,POSE","AU,POSE",2,16,0.6665725198005781,0.025665236048334008,0.6665725198005781,0.025665236048334008,0.6802592882290704,0.028694749924861998,0.6665725198005781,0.025665236048334008,0.6678826545756699,0.026804958722298895,0.833286259900289,0.012832618024166994,0.8445850624739121,0.021987058570100363
3Class_ND_CDED_MD,group_minus_AU_VEHICLE,group,AU_VEHICLE,"AU,VEHICLE","AU,VEHICLE",2,17,0.6849063177745108,0.0259204508355554,0.6849063177745108,0.025920450835555466,0.7044085390418648,0.027617640382469996,0.6849063177745108,0.025920450835555466,0.6868939134142418,0.026887901480565347,0.8424531588872555,0.012960225417777714,0.8571014667816291,0.02673898445658282
3Class_ND_CDED_MD,group_minus_AU_GAZE,group,AU_GAZE,"AU,GAZE","AU,GAZE",2,11,0.6819731841669479,0.027621359792561903,0.6819731841669479,0.027621359792561903,0.6917928251578741,0.02641343431938541,0.6819731841669479,0.027621359792561903,0.682674379567441,0.026936633203293026,0.8409865920834738,0.013810679896280962,0.8564174598878722,0.020158128371911832
3Class_ND_CDED_MD,group_minus_POSE_VEHICLE,group,POSE_VEHICLE,"POSE,VEHICLE","POSE,VEHICLE",2,28,0.79645113213746,0.03724782018277871,0.7964511321374601,0.037247820182778696,0.8054090427308266,0.03549701780253641,0.7964511321374601,0.037247820182778696,0.7970492540988352,0.03715641341646378,0.89822556606873,0.01862391009138936,0.9275318241871799,0.019109955576261734
3Class_ND_CDED_MD,group_minus_POSE_GAZE,group,POSE_GAZE,"POSE,GAZE","POSE,GAZE",2,22,0.8136854121793332,0.024593428800657006,0.8136854121793334,0.024593428800656975,0.8245281298348125,0.024170665561813968,0.8136854121793334,0.024593428800656975,0.8151312074550192,0.024209110499334472,0.9068427060896667,0.012296714400328498,0.9355324299331016,0.015606078698166902
3Class_ND_CDED_MD,group_minus_VEHICLE_GAZE,group,VEHICLE_GAZE,"VEHICLE,GAZE","VEHICLE,GAZE",2,23,0.7816812355409971,0.031105338639272333,0.7816812355409971,0.031105338639272322,0.7926795671721427,0.030943254488955442,0.7816812355409971,0.031105338639272322,0.7799460595926166,0.032874964968832944,0.8908406177704986,0.015552669319636201,0.9275245390365214,0.01985656384805863
3Class_ND_CDED_MD,feature_minus_AU01_r,feature,AU01_r,AU,AU,1,38,0.8283373156185047,0.03380943383120568,0.8283373156185047,0.033809433831205646,0.8368952340245587,0.03379843186111859,0.8283373156185047,0.033809433831205646,0.8296464863119244,0.03357591913717273,0.9141686578092523,0.016904716915602844,0.9454586057641109,0.01650074444909557
3Class_ND_CDED_MD,feature_minus_AU02_r,feature,AU02_r,AU,AU,1,38,0.8254200477105081,0.03461153291322903,0.8254200477105081,0.03461153291322903,0.8344312549720903,0.03406986158639065,0.8254200477105081,0.03461153291322903,0.8267596563143977,0.03438810599800259,0.9127100238552541,0.017305766456614538,0.9440503500697632,0.01685994269725474
3Class_ND_CDED_MD,feature_minus_AU04_r,feature,AU04_r,AU,AU,1,38,0.8302123627428071,0.0314719027310406,0.8302123627428071,0.03147190273104056,0.8385820441415561,0.031560356498824944,0.8302123627428071,0.03147190273104056,0.8314374270147955,0.031363471183397565,0.9151061813714035,0.015735951365520306,0.9454376714406596,0.016313625581388748
3Class_ND_CDED_MD,feature_minus_AU05_r,feature,AU05_r,AU,AU,1,38,0.8293171616911461,0.035020433961652365,0.8293171616911461,0.03502043396165234,0.8374705336696673,0.03438768570373249,0.8293171616911461,0.03502043396165234,0.8305809188205304,0.03488356906591449,0.9146585808455733,0.01751021698082616,0.9445060660887521,0.016823892618202545
3Class_ND_CDED_MD,feature_minus_AU06_r,feature,AU06_r,AU,AU,1,38,0.8273178294988398,0.033023890407136054,0.8273178294988398,0.033023890407136054,0.8358821999628061,0.03303898341422226,0.8273178294988398,0.033023890407136054,0.8285739310358643,0.032865615778756165,0.9136589147494198,0.016511945203568044,0.9451305747891563,0.01605934365304052
3Class_ND_CDED_MD,feature_minus_AU07_r,feature,AU07_r,AU,AU,1,38,0.8272723212400065,0.03198950385367899,0.8272723212400065,0.03198950385367897,0.8343752154961844,0.032803874218703045,0.8272723212400065,0.03198950385367897,0.8282532367482389,0.03198124183354674,0.9136361606200033,0.015994751926839516,0.9444568616590987,0.015713449845897377
3Class_ND_CDED_MD,feature_minus_AU09_r,feature,AU09_r,AU,AU,1,38,0.8360300610619529,0.0363263346434482,0.8360300610619529,0.0363263346434482,0.8435512736295246,0.035976518902431254,0.8360300610619529,0.0363263346434482,0.837267532664643,0.0362039701420484,0.9180150305309764,0.018163167321724082,0.9467620233642358,0.01706201764020636
3Class_ND_CDED_MD,feature_minus_AU10_r,feature,AU10_r,AU,AU,1,38,0.8294094593963376,0.035563033462509976,0.8294094593963377,0.035563033462509976,0.8368991528271437,0.03595415374931593,0.8294094593963377,0.035563033462509976,0.8305647835285326,0.03546223921333208,0.9147047296981687,0.01778151673125501,0.944729397469035,0.016602965812286787
3Class_ND_CDED_MD,feature_minus_AU12_r,feature,AU12_r,AU,AU,1,38,0.8315269371853902,0.03425151041102592,0.8315269371853902,0.03425151041102592,0.8387581924765382,0.03438377997658821,0.8315269371853902,0.03425151041102592,0.8327032934072749,0.034149297998674895,0.9157634685926951,0.017125755205513,0.9456881431822796,0.016258022120232876
3Class_ND_CDED_MD,feature_minus_AU14_r,feature,AU14_r,AU,AU,1,38,0.8337066825189361,0.03413776933864183,0.8337066825189361,0.034137769338641856,0.8406081331265695,0.03429291957111228,0.8337066825189361,0.034137769338641856,0.8348450466596473,0.034093296984782244,0.916853341259468,0.01706888466932095,0.945244353388971,0.01624230340473568
3Class_ND_CDED_MD,feature_minus_AU15_r,feature,AU15_r,AU,AU,1,38,0.8291681571865961,0.035104585804763555,0.8291681571865961,0.03510458580476354,0.8382277892040868,0.034575039153926256,0.8291681571865961,0.03510458580476354,0.8305861508140266,0.0349798190317876,0.914584078593298,0.017552292902381764,0.9450325572463372,0.016218252529587827
3Class_ND_CDED_MD,feature_minus_AU17_r,feature,AU17_r,AU,AU,1,38,0.8293942585184515,0.03593428152968309,0.8293942585184514,0.03593428152968308,0.8374140373730008,0.03575916215316241,0.8293942585184514,0.03593428152968308,0.83061575299798,0.03588410403574041,0.9146971292592256,0.017967140764841478,0.9452177203011816,0.01694947020513751
3Class_ND_CDED_MD,feature_minus_AU20_r,feature,AU20_r,AU,AU,1,38,0.8288633922623196,0.03127221853253883,0.8288633922623194,0.03127221853253883,0.8374800099405301,0.030918530146683908,0.8288633922623194,0.03127221853253883,0.830170147520058,0.031141318283124015,0.9144316961311597,0.015636109266269398,0.9453016370578726,0.015942819948466743
3Class_ND_CDED_MD,feature_minus_AU23_r,feature,AU23_r,AU,AU,1,38,0.8308936874014922,0.03389974675631474,0.8308936874014922,0.03389974675631477,0.8391463229734624,0.03338229871243777,0.8308936874014922,0.03389974675631477,0.8321080267781223,0.03374978344751552,0.9154468437007461,0.01694987337815739,0.9457856966104174,0.01623433266432098
3Class_ND_CDED_MD,feature_minus_AU25_r,feature,AU25_r,AU,AU,1,38,0.8117592162648124,0.03069026671260556,0.8117592162648126,0.03069026671260553,0.8231750717175073,0.031537291372673505,0.8117592162648126,0.03069026671260553,0.8132424113870407,0.030517381913127296,0.9058796081324061,0.015345133356302759,0.9393832219086736,0.019825370780457426
3Class_ND_CDED_MD,feature_minus_AU26_r,feature,AU26_r,AU,AU,1,38,0.8300445680370526,0.03169561550914944,0.8300445680370524,0.03169561550914944,0.8384807160819255,0.03157829110703541,0.8300445680370524,0.03169561550914944,0.831523064223699,0.0315441970452317,0.9150222840185261,0.015847807754574686,0.9449955230373487,0.015090089915381149
3Class_ND_CDED_MD,feature_minus_AU45_r,feature,AU45_r,AU,AU,1,38,0.8058282930751004,0.03634005932102917,0.8058282930751004,0.03634005932102918,0.8178176375719193,0.03556421293139534,0.8058282930751004,0.03634005932102918,0.8064559969620346,0.03684096862112481,0.9029141465375503,0.018170029660514606,0.9346733472108613,0.02027292944454267
3Class_ND_CDED_MD,feature_minus_pose_Tx,feature,pose_Tx,POSE,POSE,1,38,0.8313569012048401,0.032813385623149116,0.8313569012048403,0.03281338562314912,0.839747179514425,0.03159490703490769,0.8313569012048403,0.03281338562314912,0.8326718748872357,0.03249885977763642,0.91567845060242,0.01640669281157454,0.9458736749280787,0.015353609538405798
3Class_ND_CDED_MD,feature_minus_pose_Ty,feature,pose_Ty,POSE,POSE,1,38,0.8328064175042217,0.0313711020822657,0.8328064175042217,0.031371102082265706,0.8402121452568405,0.03123978493578126,0.8328064175042217,0.031371102082265706,0.8339876922977734,0.031260516600439874,0.9164032087521109,0.01568555104113281,0.9462644503962279,0.01613021373272137
3Class_ND_CDED_MD,feature_minus_pose_Tz,feature,pose_Tz,POSE,POSE,1,38,0.8367194066246244,0.03644527127507853,0.8367194066246244,0.036445271275078475,0.8430452680653133,0.03623519671422628,0.8367194066246244,0.036445271275078475,0.8377906777048387,0.03645499987332675,0.9183597033123123,0.018222635637539286,0.9457343024380662,0.016309144949994057
3Class_ND_CDED_MD,feature_minus_pose_Rx,feature,pose_Rx,POSE,POSE,1,38,0.8313163102968886,0.03523109978155444,0.8313163102968886,0.03523109978155444,0.8387836050854013,0.03434433301189747,0.8313163102968886,0.03523109978155444,0.8325561029843422,0.03506880118630063,0.9156581551484443,0.01761554989077721,0.9446448006726287,0.016873645654505335
3Class_ND_CDED_MD,feature_minus_pose_Ry,feature,pose_Ry,POSE,POSE,1,38,0.8363754815283648,0.03282207234476625,0.8363754815283647,0.032822072344766216,0.8432604772904725,0.03258611928308892,0.8363754815283647,0.032822072344766216,0.8375529390742763,0.03273506448581434,0.9181877407641824,0.01641103617238318,0.9455132410563885,0.016135934219206935
3Class_ND_CDED_MD,feature_minus_pose_Rz,feature,pose_Rz,POSE,POSE,1,38,0.8318898596354026,0.03402279106249223,0.8318898596354026,0.03402279106249221,0.8388911275516062,0.03374151471961948,0.8318898596354026,0.03402279106249221,0.8331205925000091,0.03393508284574452,0.9159449298177014,0.017011395531246105,0.9456977395148998,0.016730123904518588
3Class_ND_CDED_MD,feature_minus_Speed,feature,Speed,VEHICLE,VEHICLE,1,38,0.8305074755765215,0.036456380168447676,0.8305074755765215,0.0364563801684477,0.8372818801795935,0.03612321688061383,0.8305074755765215,0.0364563801684477,0.8316759993227958,0.03625727317765849,0.9152537377882608,0.018228190084223866,0.9444910701700795,0.01690379448720368
3Class_ND_CDED_MD,feature_minus_Acceleration,feature,Acceleration,VEHICLE,VEHICLE,1,38,0.8328413176801611,0.03519489007791231,0.8328413176801611,0.035194890077912266,0.8404332342780375,0.034763197822282016,0.8328413176801611,0.035194890077912266,0.8340908437787853,0.035098125072126216,0.9164206588400805,0.01759744503895612,0.9449699320543393,0.01666538962443553
3Class_ND_CDED_MD,feature_minus_Brake,feature,Brake,VEHICLE,VEHICLE,1,38,0.8302363887519373,0.03197040528840888,0.8302363887519373,0.03197040528840888,0.8382918176974643,0.03168107510602019,0.8302363887519373,0.03197040528840888,0.8315173926233864,0.03186889436166167,0.9151181943759686,0.01598520264420441,0.945527387692359,0.01612160159814725
3Class_ND_CDED_MD,feature_minus_Steering,feature,Steering,VEHICLE,VEHICLE,1,38,0.827992969106732,0.03239669634071784,0.827992969106732,0.032396696340717845,0.8352868711565419,0.032776515962017076,0.827992969106732,0.032396696340717845,0.8287608294210956,0.03231503934601796,0.913996484553366,0.016198348170358992,0.9399045971108846,0.018906363133029923
3Class_ND_CDED_MD,feature_minus_LaneOffset,feature,LaneOffset,VEHICLE,VEHICLE,1,38,0.8338956341332355,0.037068036013334485,0.8338956341332355,0.0370680360133345,0.8406741960787167,0.03657380582469442,0.8338956341332355,0.0370680360133345,0.8350522884929215,0.03700371840041508,0.9169478170666177,0.01853401800666725,0.9456639952810784,0.016388650295613035
3Class_ND_CDED_MD,feature_minus_gaze_0_x,feature,gaze_0_x,GAZE,GAZE,1,38,0.8359078925773392,0.032278336372630605,0.8359078925773392,0.032278336372630625,0.8427477089869451,0.0321889824899432,0.8359078925773392,0.032278336372630625,0.8370449810423176,0.03225449811643785,0.9179539462886697,0.016139168186315278,0.9459070378894914,0.01574831434290436
3Class_ND_CDED_MD,feature_minus_gaze_0_y,feature,gaze_0_y,GAZE,GAZE,1,38,0.8391295284256894,0.03487202859276072,0.8391295284256894,0.03487202859276072,0.8458153273423127,0.034348819011513,0.8391295284256894,0.03487202859276072,0.8403530567953252,0.0348229104429943,0.9195647642128449,0.017436014296380357,0.9464899188980705,0.016412620021707736
3Class_ND_CDED_MD,feature_minus_gaze_0_z,feature,gaze_0_z,GAZE,GAZE,1,38,0.8345836265284277,0.03239524362853063,0.8345836265284274,0.03239524362853063,0.8418008353207957,0.032412421733378084,0.8345836265284274,0.03239524362853063,0.8358081445477851,0.03240371617073665,0.9172918132642136,0.016197621814265338,0.946105273848867,0.015909630542737873
3Class_ND_CDED_MD,feature_minus_gaze_1_x,feature,gaze_1_x,GAZE,GAZE,1,38,0.8352179946097582,0.03186232543268251,0.8352179946097582,0.031862325432682484,0.8421102011522936,0.031764807391076254,0.8352179946097582,0.031862325432682484,0.8364512831871622,0.031833322336841205,0.9176089973048791,0.01593116271634126,0.946130408043379,0.015850598011537747
3Class_ND_CDED_MD,feature_minus_gaze_1_y,feature,gaze_1_y,GAZE,GAZE,1,38,0.8325668130048633,0.03252486686896251,0.8325668130048636,0.03252486686896252,0.8401394780813727,0.03261655915059151,0.8325668130048636,0.03252486686896252,0.8338308850361489,0.032477793889947454,0.9162834065024317,0.0162624334344813,0.9452792387110762,0.01583561270962978
3Class_ND_CDED_MD,feature_minus_gaze_1_z,feature,gaze_1_z,GAZE,GAZE,1,38,0.8311108366171253,0.03152538329362825,0.8311108366171253,0.03152538329362825,0.8396040946202363,0.030828328775612337,0.8311108366171253,0.03152538329362825,0.8323971059750981,0.03126999102465305,0.9155554183085626,0.015762691646814164,0.9452401938404018,0.015914158787817545
3Class_ND_CDED_MD,feature_minus_gaze_angle_x,feature,gaze_angle_x,GAZE,GAZE,1,38,0.8336663305522091,0.03314472060121168,0.8336663305522091,0.033144720601211694,0.8406371185307275,0.03305831031859097,0.8336663305522091,0.033144720601211694,0.834893076885858,0.033090737518113374,0.9168331652761046,0.016572360300605847,0.9453440243998525,0.0162271570967348
3Class_ND_CDED_MD,feature_minus_gaze_angle_y,feature,gaze_angle_y,GAZE,GAZE,1,38,0.8313071738846446,0.03422880773931338,0.8313071738846446,0.03422880773931334,0.8394537776277392,0.03341907668352973,0.8313071738846446,0.03422880773931334,0.8326304410094663,0.034051327056924395,0.9156535869423224,0.01711440386965669,0.9463592453831661,0.01590399326957781
3Class_ND_CDED_MD,feature_minus_gaze_vel,feature,gaze_vel,GAZE,GAZE,1,38,0.8355380470596554,0.0342439718503002,0.8355380470596554,0.034243971850300196,0.8420744798479831,0.03411790757730661,0.8355380470596554,0.034243971850300196,0.8366868972455865,0.03420470528890787,0.9177690235298279,0.01712198592515013,0.94587537958481,0.016205568955525444
3Class_ND_CDED_MD,feature_minus_gaze_amp,feature,gaze_amp,GAZE,GAZE,1,38,0.8336309097487211,0.03678241545685659,0.8336309097487213,0.03678241545685661,0.8408114268102731,0.03637368458293669,0.8336309097487213,0.03678241545685661,0.8348816153141584,0.03674953173632426,0.9168154548743607,0.01839120772842828,0.9452861713123923,0.016787992673221817
3Class_ND_CDED_MD,feature_minus_gaze_acc,feature,gaze_acc,GAZE,GAZE,1,38,0.8327141336690949,0.03204101008739914,0.8327141336690946,0.0320410100873991,0.8404328594892952,0.03191111638456889,0.8327141336690946,0.0320410100873991,0.8339784801102418,0.031985834041113693,0.9163570668345475,0.01602050504369958,0.9453702002469463,0.016296972658323073
3Class_ND_CD_MD,baseline_all_features,baseline,none,none,none,0,39,0.7896882543641182,0.033938427163209196,0.7896882543641183,0.033938427163209224,0.8056253393422483,0.026299483556360474,0.7896882543641183,0.033938427163209224,0.7882218106871147,0.035302176242744066,0.894844127182059,0.01696921358160457,0.9304437020053671,0.014983707163986278
3Class_ND_CD_MD,group_minus_AU_POSE,group,AU_POSE,"AU,POSE","AU,POSE",2,16,0.6587848955605619,0.030368362945085596,0.6587848955605619,0.030368362945085596,0.670629130888556,0.030523919153061522,0.6587848955605619,0.030368362945085596,0.6566202212580483,0.03344438051939112,0.829392447780281,0.015184181472542838,0.8400046414036714,0.021436379601484038
3Class_ND_CD_MD,group_minus_AU_VEHICLE,group,AU_VEHICLE,"AU,VEHICLE","AU,VEHICLE",2,17,0.5846504701079688,0.03611577402548077,0.5846504701079688,0.036115774025480746,0.6007660560188078,0.04600032713665273,0.5846504701079688,0.036115774025480746,0.5678318113326488,0.049371690925072105,0.7923252350539844,0.01805788701274039,0.7926903230846641,0.02616276107517158
3Class_ND_CD_MD,group_minus_AU_GAZE,group,AU_GAZE,"AU,GAZE","AU,GAZE",2,11,0.5846463513052899,0.04743761885232481,0.5846463513052899,0.04743761885232481,0.5901178106825178,0.0633140947390225,0.5846463513052899,0.04743761885232481,0.5672545625220597,0.0604015203510697,0.792323175652645,0.023718809426162436,0.7855713516802708,0.03318445884625041
3Class_ND_CD_MD,group_minus_POSE_VEHICLE,group,POSE_VEHICLE,"POSE,VEHICLE","POSE,VEHICLE",2,28,0.7786062775917457,0.030738309538704364,0.7786062775917457,0.03073830953870438,0.7918351182709181,0.026086967453473657,0.7786062775917457,0.03073830953870438,0.7783630897505561,0.030144317452873437,0.8893031387958729,0.015369154769352128,0.9189600785841263,0.01863447767157832
3Class_ND_CD_MD,group_minus_POSE_GAZE,group,POSE_GAZE,"POSE,GAZE","POSE,GAZE",2,22,0.7856645604987011,0.017848416893684486,0.7856645604987011,0.01784841689368451,0.798337918642044,0.014323799825707412,0.7856645604987011,0.01784841689368451,0.7863324859652656,0.017473630989294046,0.8928322802493506,0.008924208446842278,0.9223069165107987,0.008787870207582671
3Class_ND_CD_MD,group_minus_VEHICLE_GAZE,group,VEHICLE_GAZE,"VEHICLE,GAZE","VEHICLE,GAZE",2,23,0.7342700593101977,0.035705463031621774,0.7342700593101978,0.035705463031621795,0.7552383105709886,0.028637028539963832,0.7342700593101978,0.035705463031621795,0.7322202878165871,0.03637242648515107,0.867135029655099,0.017852731515810884,0.9037145669863464,0.01952895149789438
3Class_ND_CD_MD,feature_minus_AU01_r,feature,AU01_r,AU,AU,1,38,0.7906168911989488,0.03458415354684491,0.7906168911989488,0.0345841535468449,0.8052923144435168,0.02769532022625367,0.7906168911989488,0.0345841535468449,0.7889175013240781,0.03623665611928922,0.8953084455994744,0.01729207677342244,0.9306747604326583,0.013883657409887123
3Class_ND_CD_MD,feature_minus_AU02_r,feature,AU02_r,AU,AU,1,38,0.7805207034009521,0.03631250544675741,0.7805207034009524,0.036312505446757445,0.7969238554362744,0.028890554007584602,0.7805207034009524,0.036312505446757445,0.7787746639011196,0.03812534243702342,0.8902603517004761,0.018156252723378723,0.9291189342080045,0.01359549503310299
3Class_ND_CD_MD,feature_minus_AU04_r,feature,AU04_r,AU,AU,1,38,0.7906774838454564,0.036205473928296775,0.7906774838454566,0.03620547392829678,0.8056464051865351,0.03005772983275198,0.7906774838454566,0.03620547392829678,0.7892823665567932,0.0376899592187635,0.8953387419227283,0.01810273696414836,0.9313306861466613,0.01438894861309047
3Class_ND_CD_MD,feature_minus_AU05_r,feature,AU05_r,AU,AU,1,38,0.7886517161474511,0.03352705857745758,0.7886517161474511,0.03352705857745756,0.8043834969067927,0.026415081005999094,0.7886517161474511,0.03352705857745756,0.7871854722470648,0.03512174742879112,0.8943258580737256,0.01676352928872881,0.9308230127013152,0.014120042746397705
3Class_ND_CD_MD,feature_minus_AU06_r,feature,AU06_r,AU,AU,1,38,0.788579204489884,0.034009255410409764,0.7885792044898838,0.034009255410409764,0.8040988617042372,0.02764735885230314,0.7885792044898838,0.034009255410409764,0.7873172948627845,0.035505415210044335,0.8942896022449421,0.017004627705204913,0.9310166319853795,0.014228776333672886
3Class_ND_CD_MD,feature_minus_AU07_r,feature,AU07_r,AU,AU,1,38,0.7859241462279746,0.04058397479700502,0.7859241462279746,0.04058397479700494,0.8006524454819186,0.03289952035918636,0.7859241462279746,0.04058397479700494,0.784577424854578,0.04195543468564437,0.8929620731139872,0.020291987398502527,0.9283680917438815,0.016043433796159846
3Class_ND_CD_MD,feature_minus_AU09_r,feature,AU09_r,AU,AU,1,38,0.7937764892538962,0.032152331531183374,0.7937764892538962,0.032152331531183374,0.8092818535322921,0.025558277333842385,0.7937764892538962,0.032152331531183374,0.79210002149208,0.03416977058387723,0.8968882446269483,0.01607616576559168,0.9319586950501101,0.014688679420615402
3Class_ND_CD_MD,feature_minus_AU10_r,feature,AU10_r,AU,AU,1,38,0.7853084229384729,0.04060953566808527,0.7853084229384729,0.040609535668085235,0.8024758282662136,0.032575053760169184,0.7853084229384729,0.040609535668085235,0.7841480768941753,0.0418869299820948,0.8926542114692364,0.02030476783404266,0.930145930599168,0.015379126698378575
3Class_ND_CD_MD,feature_minus_AU12_r,feature,AU12_r,AU,AU,1,38,0.789808900581426,0.03633489238158778,0.7898089005814262,0.03633489238158782,0.8059040706220154,0.029747716599479005,0.7898089005814262,0.03633489238158782,0.7883234706533837,0.03811717506392129,0.894904450290713,0.018167446190793916,0.9305719026260239,0.015033500143891768
3Class_ND_CD_MD,feature_minus_AU14_r,feature,AU14_r,AU,AU,1,38,0.7883000463558829,0.03416059814895734,0.7883000463558829,0.03416059814895734,0.8032581215642074,0.027817391246863717,0.7883000463558829,0.03416059814895734,0.7868624466595557,0.03608247809094323,0.8941500231779415,0.01708029907447863,0.9288253323965833,0.015626655655629172
3Class_ND_CD_MD,feature_minus_AU15_r,feature,AU15_r,AU,AU,1,38,0.7891816193811724,0.043134205528368705,0.7891816193811724,0.04313420552836873,0.8048850644822105,0.03581810820393519,0.7891816193811724,0.04313420552836873,0.7876073644818173,0.04518307177829641,0.8945908096905862,0.021567102764184356,0.9310102915205279,0.017341475486121107
3Class_ND_CD_MD,feature_minus_AU17_r,feature,AU17_r,AU,AU,1,38,0.7858495333076788,0.03744918560070991,0.7858495333076789,0.03744918560070991,0.8024783483677138,0.03001214994258041,0.7858495333076789,0.03744918560070991,0.7843400031711572,0.03900930405247951,0.8929247666538395,0.018724592800354923,0.9284443026485804,0.015213392906123412
3Class_ND_CD_MD,feature_minus_AU20_r,feature,AU20_r,AU,AU,1,38,0.7876126979625652,0.030847270428472514,0.7876126979625652,0.030847270428472507,0.8029918112527463,0.02434639961135658,0.7876126979625652,0.030847270428472507,0.7861647623226287,0.032404638257407255,0.8938063489812826,0.015423635214236245,0.9297457359354858,0.012927248082233273
3Class_ND_CD_MD,feature_minus_AU23_r,feature,AU23_r,AU,AU,1,38,0.7908714635957698,0.03273052802791612,0.7908714635957699,0.03273052802791604,0.8075448959478416,0.02492169236060115,0.7908714635957699,0.03273052802791604,0.7892762505183532,0.0342961417358073,0.8954357317978848,0.01636526401395807,0.9311532816389023,0.015144228811052497
3Class_ND_CD_MD,feature_minus_AU25_r,feature,AU25_r,AU,AU,1,38,0.7653636110829888,0.025588687724394283,0.7653636110829888,0.025588687724394304,0.7851078372020756,0.021757576869531142,0.7653636110829888,0.025588687724394304,0.7641108550374939,0.026804973404042937,0.8826818055414944,0.012794343862197109,0.9206659445673356,0.011221820759057866
3Class_ND_CD_MD,feature_minus_AU26_r,feature,AU26_r,AU,AU,1,38,0.7892398937908858,0.03152083056370967,0.7892398937908858,0.031520830563709676,0.8045018677652666,0.025525772603003212,0.7892398937908858,0.031520830563709676,0.7875040681931702,0.033662847776359264,0.8946199468954429,0.015760415281854838,0.9283098686434931,0.014883611831803544
3Class_ND_CD_MD,feature_minus_AU45_r,feature,AU45_r,AU,AU,1,38,0.7573740316290319,0.05325948562241044,0.7573740316290319,0.05325948562241042,0.7779542604384955,0.042472937201177514,0.7573740316290319,0.05325948562241042,0.7565546652959128,0.05406742224008818,0.8786870158145159,0.026629742811205226,0.9171359340491962,0.020633965354888376
3Class_ND_CD_MD,feature_minus_pose_Tx,feature,pose_Tx,POSE,POSE,1,38,0.7927886663926277,0.03523080565271088,0.7927886663926276,0.03523080565271081,0.806864856901526,0.029151800187292375,0.7927886663926276,0.03523080565271081,0.7914717825303597,0.03676728987302196,0.8963943331963138,0.017615402826355382,0.9310569181922228,0.01441581011977327
3Class_ND_CD_MD,feature_minus_pose_Ty,feature,pose_Ty,POSE,POSE,1,38,0.8007487469428511,0.023894419574777913,0.8007487469428511,0.0238944195747779,0.8134007263700707,0.019606141543238153,0.8007487469428511,0.0238944195747779,0.7999196144153189,0.02482880609655438,0.9003743734714256,0.011947209787388936,0.9350295152699621,0.01244905600559618
3Class_ND_CD_MD,feature_minus_pose_Tz,feature,pose_Tz,POSE,POSE,1,38,0.79226395397342,0.028382090712032473,0.79226395397342,0.028382090712032466,0.8066979443399926,0.022798641684688065,0.79226395397342,0.028382090712032466,0.7908826134568961,0.029835760383829693,0.89613197698671,0.014191045356016245,0.9320709317852138,0.012785146838334384
3Class_ND_CD_MD,feature_minus_pose_Rx,feature,pose_Rx,POSE,POSE,1,38,0.7848389538932966,0.04081720117489161,0.7848389538932966,0.04081720117489159,0.8007326577862857,0.03312877994281088,0.7848389538932966,0.04081720117489159,0.7837909187576463,0.04208076433197383,0.8924194769466481,0.020408600587445837,0.927105181929415,0.01600023333574158
3Class_ND_CD_MD,feature_minus_pose_Ry,feature,pose_Ry,POSE,POSE,1,38,0.790333496860059,0.0331579191986164,0.790333496860059,0.03315791919861642,0.8049685270829634,0.027513498678778017,0.790333496860059,0.03315791919861642,0.7885781502710605,0.034973931297392895,0.8951667484300294,0.016578959599308128,0.9326167158086394,0.013511547746024907
3Class_ND_CD_MD,feature_minus_pose_Rz,feature,pose_Rz,POSE,POSE,1,38,0.7935114405171645,0.03336933763476089,0.7935114405171646,0.03336933763476084,0.8089688293174033,0.02658722491794659,0.7935114405171646,0.03336933763476084,0.79197622611347,0.03515819752944876,0.8967557202585823,0.016684668817380472,0.9314246737261929,0.014320392730324106
3Class_ND_CD_MD,feature_minus_Speed,feature,Speed,VEHICLE,VEHICLE,1,38,0.7811421508099674,0.033232586011689255,0.7811421508099674,0.03323258601168927,0.7980593580483234,0.027220266616148424,0.7811421508099674,0.03323258601168927,0.779695381943467,0.03534105527798047,0.8905710754049837,0.016616293005844628,0.9305413886212281,0.014194721467793462
3Class_ND_CD_MD,feature_minus_Acceleration,feature,Acceleration,VEHICLE,VEHICLE,1,38,0.7903564019500452,0.0344794784489717,0.7903564019500452,0.03447947844897165,0.8065659153740459,0.02713952384709854,0.7903564019500452,0.03447947844897165,0.7888935656431284,0.03613843156271165,0.8951782009750225,0.017239739224485795,0.9311572408198348,0.01483067756423745
3Class_ND_CD_MD,feature_minus_Brake,feature,Brake,VEHICLE,VEHICLE,1,38,0.7922062878064318,0.03255636546044102,0.7922062878064317,0.03255636546044101,0.807576893051691,0.02647366763490842,0.7922062878064317,0.03255636546044101,0.7907732207743282,0.034197327889401295,0.8961031439032159,0.01627818273022052,0.9311011112445419,0.01429082236828098
3Class_ND_CD_MD,feature_minus_Steering,feature,Steering,VEHICLE,VEHICLE,1,38,0.7791489042188011,0.035089001499586346,0.7791489042188011,0.03508900149958642,0.7959577856139549,0.027191765841800795,0.7791489042188011,0.03508900149958642,0.777781328166631,0.0360685570451288,0.8895744521094006,0.017544500749793152,0.9260167581869346,0.015054091365082083
3Class_ND_CD_MD,feature_minus_LaneOffset,feature,LaneOffset,VEHICLE,VEHICLE,1,38,0.7890156621263053,0.03818883326768078,0.7890156621263053,0.038188833267680786,0.8049805836982475,0.031079087096363475,0.7890156621263053,0.038188833267680786,0.7875870683686962,0.03990239103359755,0.8945078310631527,0.019094416633840355,0.9307878627488476,0.01615641251834308
3Class_ND_CD_MD,feature_minus_gaze_0_x,feature,gaze_0_x,GAZE,GAZE,1,38,0.789272277170179,0.033191027345497094,0.789272277170179,0.0331910273454971,0.805303034199175,0.026266791033419588,0.789272277170179,0.0331910273454971,0.7882289518359744,0.03447635154393269,0.8946361385850896,0.016595513672748564,0.9307810124932331,0.014797593320741136
3Class_ND_CD_MD,feature_minus_gaze_0_y,feature,gaze_0_y,GAZE,GAZE,1,38,0.7920895592351325,0.03404563043503667,0.7920895592351324,0.034045630435036674,0.807778918997589,0.02724276970205018,0.7920895592351324,0.034045630435036674,0.7904685996961989,0.0359854627209429,0.8960447796175662,0.017022815217518302,0.931934275867096,0.014743658972811132
3Class_ND_CD_MD,feature_minus_gaze_0_z,feature,gaze_0_z,GAZE,GAZE,1,38,0.7901381415688948,0.031296562577648505,0.7901381415688948,0.03129656257764851,0.8054327798529239,0.024584752089128182,0.7901381415688948,0.03129656257764851,0.7887277665239314,0.03282915539343743,0.8950690707844474,0.01564828128882425,0.931281292430781,0.014327843678889497
3Class_ND_CD_MD,feature_minus_gaze_1_x,feature,gaze_1_x,GAZE,GAZE,1,38,0.7924886323631563,0.030052563276529352,0.7924886323631564,0.030052563276529328,0.8082710060916997,0.023579334970326694,0.7924886323631564,0.030052563276529328,0.7914535099000238,0.03089843525330446,0.8962443161815781,0.015026281638264699,0.931975308861189,0.014598223652092672
3Class_ND_CD_MD,feature_minus_gaze_1_y,feature,gaze_1_y,GAZE,GAZE,1,38,0.7902836583813329,0.03462861117398107,0.7902836583813329,0.03462861117398109,0.805587781699041,0.028504428602612947,0.7902836583813329,0.03462861117398109,0.7885209428425525,0.03679922295810533,0.8951418291906664,0.017314305586990576,0.930934574308603,0.014522002739120446
3Class_ND_CD_MD,feature_minus_gaze_1_z,feature,gaze_1_z,GAZE,GAZE,1,38,0.7902184923769326,0.03434082149685003,0.7902184923769326,0.03434082149685,0.8062664862665159,0.026925252021316695,0.7902184923769326,0.03434082149685,0.7891441464482956,0.03569936518937835,0.8951092461884663,0.01717041074842498,0.9311281405585078,0.014340851787968248
3Class_ND_CD_MD,feature_minus_gaze_angle_x,feature,gaze_angle_x,GAZE,GAZE,1,38,0.783861717225837,0.034613311244526976,0.7838617172258371,0.03461331124452706,0.8001194482508207,0.02809622313311926,0.7838617172258371,0.03461331124452706,0.7823617493167272,0.03639433282964209,0.8919308586129185,0.01730665562226353,0.9310366286309607,0.013478609903504635
3Class_ND_CD_MD,feature_minus_gaze_angle_y,feature,gaze_angle_y,GAZE,GAZE,1,38,0.7912314674178191,0.032851611116751125,0.7912314674178191,0.0328516111167511,0.8063387936722825,0.026547517888646597,0.7912314674178191,0.0328516111167511,0.7901639320626459,0.034264639713024556,0.8956157337089096,0.016425805558375584,0.9318584825157534,0.014270711910499976
3Class_ND_CD_MD,feature_minus_gaze_vel,feature,gaze_vel,GAZE,GAZE,1,38,0.7923170405162065,0.03562481990252685,0.7923170405162065,0.035624819902526854,0.8082575054210857,0.02781517070917358,0.7923170405162065,0.035624819902526854,0.7908547984666414,0.037128410239213115,0.8961585202581033,0.017812409951263382,0.9318190274884017,0.014631309228680523
3Class_ND_CD_MD,feature_minus_gaze_amp,feature,gaze_amp,GAZE,GAZE,1,38,0.7895998284900461,0.036119766121560724,0.7895998284900462,0.03611976612156074,0.8063880697490056,0.028666259507186626,0.7895998284900462,0.03611976612156074,0.7884120898891693,0.0376264842567943,0.8947999142450233,0.018059883060780386,0.9304665344323453,0.014950293376960194
3Class_ND_CD_MD,feature_minus_gaze_acc,feature,gaze_acc,GAZE,GAZE,1,38,0.7909565806402343,0.0345546554710577,0.7909565806402343,0.03455465547105773,0.8064889015311201,0.028147591547032356,0.7909565806402343,0.03455465547105773,0.789650455423964,0.03607021386365071,0.8954782903201173,0.017277327735528904,0.9316968144955362,0.014455818115643969
