experiment,ablation,removed_type,removed_name,removed_group,num_features,acc_mean,acc_std,prec_mean,prec_std,rec_mean,rec_std,f1_mean,f1_std,spec_mean,spec_std,auc_mean,auc_std
3Class_ND_ED_MD,baseline_all_features,baseline,none,none,39,0.7904768668831169,0.04123930507524918,0.799851794493349,0.032117885962092675,0.7899956346049328,0.04159156654000063,0.7908860674076006,0.039513738117219456,0.8950930055157122,0.021009863630628546,0.917870940592563,0.021889345755521282
3Class_ND_ED_MD,group_minus_AU,group,AU,AU,22,0.5793643465909091,0.06553140885954707,0.6093091264891108,0.044559640419389486,0.5782211290493234,0.06581686177774002,0.5700294624968196,0.06586924289596273,0.7894847796882336,0.032654491235769655,0.7787261219942729,0.05191386673700997
3Class_ND_ED_MD,group_minus_POSE,group,POSE,POSE,33,0.783612012987013,0.06293990568202489,0.7932194321239661,0.05687584606845236,0.7837869856161979,0.062329814865982325,0.7847137092414422,0.062002180041904074,0.8918836103896799,0.03125097290255414,0.911028137733274,0.03808446127842787
3Class_ND_ED_MD,group_minus_VEHICLE,group,VEHICLE,VEHICLE,34,0.797624797077922,0.03830448760929119,0.79951677465212,0.03853298287548519,0.7975967906931637,0.038753691558231856,0.797837896678147,0.03886397393451611,0.898744197462519,0.019049363794300823,0.9146436627444927,0.02799665131868837
3Class_ND_ED_MD,group_minus_GAZE,group,GAZE,GAZE,28,0.8024041193181818,0.036618018508964366,0.8059394620629501,0.034812629786985405,0.8025340463197482,0.0366266634726612,0.80260590131704,0.036425652624048385,0.9012491598254859,0.01821214275309785,0.9158858277237952,0.02462701309734427
3Class_ND_ED_MD,feature_minus_AU01_r,feature,AU01_r,AU,38,0.8057016030844156,0.03463861148526409,0.8111721244983443,0.030345636950994133,0.8059620901311044,0.03430920061781864,0.8056059760116806,0.034397356717937276,0.9028119202191169,0.017334371727765877,0.9249932879147822,0.021747001193453023
3Class_ND_ED_MD,feature_minus_AU02_r,feature,AU02_r,AU,38,0.7800400771103896,0.068732352296202,0.7883264253309961,0.06219563189791299,0.7804368662894146,0.06814170239181737,0.7796998069953216,0.0702415730526754,0.8900565063322965,0.03417032917648969,0.8900915434011107,0.056069892370172486
3Class_ND_ED_MD,feature_minus_AU04_r,feature,AU04_r,AU,38,0.7947468547077922,0.05374095888215747,0.8069184110612964,0.03804008845219381,0.7946166724397385,0.053994156555454115,0.7948663771260666,0.0546678052268834,0.8973314919644153,0.027017634951690277,0.9282230911183535,0.01575388297169151
3Class_ND_ED_MD,feature_minus_AU05_r,feature,AU05_r,AU,38,0.7876719764610389,0.06965786759796012,0.7943117248897491,0.06760049981798287,0.7877787385162794,0.06934276317602867,0.7878444218259525,0.0699347805664248,0.8938579446405722,0.03463805468828984,0.9122996732282054,0.04095673935665424
3Class_ND_ED_MD,feature_minus_AU06_r,feature,AU06_r,AU,38,0.7881990665584415,0.04102395662121906,0.7939485739813166,0.034082795840558955,0.7878095375441122,0.041516902895307795,0.7866629913085659,0.04375573442654811,0.8941654608223679,0.02065547961715017,0.9139888828730409,0.023117423870462617
3Class_ND_ED_MD,feature_minus_AU07_r,feature,AU07_r,AU,38,0.7792025162337662,0.05462470583486311,0.7846158572873554,0.05074599140202428,0.7792319714139628,0.0544430368409678,0.7792613498693755,0.05440942147941955,0.88962071804507,0.027239260716009264,0.9000380326221711,0.03500763577762456
3Class_ND_ED_MD,feature_minus_AU09_r,feature,AU09_r,AU,38,0.8167410714285716,0.03891743916314967,0.8194587965317526,0.037892217458391754,0.8169050374695589,0.03837220216142501,0.8166065851536001,0.039446577233732745,0.9084120441774741,0.019454558398821053,0.9230721549939542,0.026608013783299047
3Class_ND_ED_MD,feature_minus_AU10_r,feature,AU10_r,AU,38,0.8010460633116884,0.047742612189386906,0.8030935208777319,0.047594096674146366,0.8010711087601626,0.0473986740935103,0.800577460227346,0.048229241405018365,0.9005466619660194,0.023859151548210233,0.918227741757369,0.027634908205235384
3Class_ND_ED_MD,feature_minus_AU12_r,feature,AU12_r,AU,38,0.781583299512987,0.07289386169359932,0.7853674653477986,0.07126423414901627,0.781566876918929,0.0729919825833276,0.7815064047350891,0.07464428965684208,0.8906826926839478,0.036400513967723994,0.9087468743893556,0.043657731819377786
3Class_ND_ED_MD,feature_minus_AU14_r,feature,AU14_r,AU,38,0.7856087662337663,0.04782831474795654,0.7976260747708136,0.03487942304823354,0.7855525491347108,0.04823199716158635,0.7865833920020868,0.04645088859579114,0.8928790694052868,0.0239562204863559,0.9113925879668159,0.02872704928759223
3Class_ND_ED_MD,feature_minus_AU15_r,feature,AU15_r,AU,38,0.7759420657467533,0.05690794803586745,0.7851148326288369,0.04807849397689016,0.7764863850098931,0.05624934663830773,0.7757256314714905,0.05706860040269694,0.8881665269507873,0.028128102868814044,0.9155455981139615,0.027801287988985394
3Class_ND_ED_MD,feature_minus_AU17_r,feature,AU17_r,AU,38,0.7825106534090909,0.07661827502018075,0.7901495279853377,0.06373838546330339,0.7827724822059312,0.07582642296809818,0.7819925372204722,0.07600469588531197,0.8914483440214731,0.037903015994545534,0.9043584813607277,0.035867896941587075
3Class_ND_ED_MD,feature_minus_AU20_r,feature,AU20_r,AU,38,0.791614752435065,0.06374174329772034,0.7945512446710035,0.06145387090219353,0.7915204173541299,0.06385336934391056,0.7919695157803217,0.06307506355687781,0.8957889578965714,0.031944483324248936,0.9104242675142842,0.035449528453445366
3Class_ND_ED_MD,feature_minus_AU23_r,feature,AU23_r,AU,38,0.8054596185064934,0.05442463933234827,0.8107432737889655,0.04901251450481484,0.8054288897718195,0.054451559381611725,0.8062927152312274,0.05363208343783387,0.9026404521035101,0.02732324422887553,0.9149469045753363,0.036453262999133616
3Class_ND_ED_MD,feature_minus_AU25_r,feature,AU25_r,AU,38,0.7695124797077921,0.07296330412049583,0.7763148381832344,0.06679575031907369,0.7695096729868238,0.0724714956962494,0.7664408405390895,0.07939778217640076,0.8847003664065138,0.0364563927949592,0.9040978718302739,0.033973831141622404
3Class_ND_ED_MD,feature_minus_AU26_r,feature,AU26_r,AU,38,0.7383928571428571,0.10819757527801734,0.7434581173894694,0.10495970686208118,0.7384118827373622,0.10871356325756384,0.7314036221701277,0.11989202019422053,0.8692916456810764,0.05393216480620102,0.8913722396364093,0.056860392174215256
3Class_ND_ED_MD,feature_minus_AU45_r,feature,AU45_r,AU,38,0.7614209618506493,0.05147204725654273,0.7656167158142548,0.05310618953161851,0.7616191447611153,0.051403639871585576,0.7607699554297493,0.05188195803499285,0.8806478943794318,0.02568226110045835,0.9026026034827345,0.039195639886812544
3Class_ND_ED_MD,feature_minus_pose_Tx,feature,pose_Tx,POSE,38,0.7828292410714286,0.05357682148264635,0.7893699025527585,0.04846446869574445,0.7831279217279932,0.053008906257935466,0.782653371571823,0.05497359625634656,0.8917108210645791,0.02663050294787442,0.9065562133877647,0.03877038217086854
3Class_ND_ED_MD,feature_minus_pose_Ty,feature,pose_Ty,POSE,38,0.8025187702922079,0.03237143625323132,0.8086018779957047,0.032830899127931676,0.8020682426931046,0.032714183147799045,0.8021466558528866,0.03344607787877433,0.9012771269150912,0.016297413777477114,0.9188124422104453,0.02242765676199624
3Class_ND_ED_MD,feature_minus_pose_Tz,feature,pose_Tz,POSE,38,0.8007984983766235,0.05089497649361308,0.8040634015602965,0.046742982532987906,0.8000244991175111,0.051767761628723645,0.7981127301471377,0.053818603297200375,0.9003724629205007,0.025649665592116122,0.9216333129828349,0.018816554773546487
3Class_ND_ED_MD,feature_minus_pose_Rx,feature,pose_Rx,POSE,38,0.7894373985389611,0.04636168025096924,0.7965593813958012,0.03635007778992819,0.7892953093848087,0.04657846797066438,0.7895830709566869,0.04532800593161357,0.894648323683751,0.023314522645596567,0.9133030211821428,0.026169266569041807
3Class_ND_ED_MD,feature_minus_pose_Ry,feature,pose_Ry,POSE,38,0.7975593547077923,0.04275766814756252,0.8024341817279783,0.04155654107440215,0.7974256228947516,0.042898234103301625,0.7982925831525025,0.04253530185173579,0.8987330027362104,0.021313301147086558,0.917546218799145,0.0326568227457484
3Class_ND_ED_MD,feature_minus_pose_Rz,feature,pose_Rz,POSE,38,0.8064285714285715,0.03820155689315931,0.8088147761009493,0.036097986648390326,0.8063064941900098,0.03872374380580428,0.8065735754302343,0.038242334841462985,0.9031560244232468,0.0192291956366182,0.9233801194456952,0.0218152328207982
3Class_ND_ED_MD,feature_minus_Speed,feature,Speed,VEHICLE,38,0.8078561282467532,0.03168892066960025,0.8093322814715018,0.03220513096208635,0.8078854674964633,0.031031842223178358,0.8075469182700383,0.03173354927743078,0.9039460420116043,0.015823323330117083,0.9191859338069321,0.021764183320932714
3Class_ND_ED_MD,feature_minus_Acceleration,feature,Acceleration,VEHICLE,38,0.8084161931818181,0.045691962528383985,0.8127895357602336,0.04169905114074326,0.8083892581409893,0.04549120678698713,0.8086533270214076,0.044929351182135015,0.9043715324242427,0.022585837345869813,0.921386857113595,0.023845351486572464
3Class_ND_ED_MD,feature_minus_Brake,feature,Brake,VEHICLE,38,0.7874431818181818,0.055146911815150024,0.7929615758977782,0.051807247731375884,0.7876206284411823,0.05494953068332155,0.7873775843116392,0.05560447536827282,0.8937598495753344,0.027461652966298666,0.9095020438876672,0.04538594388209832
3Class_ND_ED_MD,feature_minus_Steering,feature,Steering,VEHICLE,38,0.8117319399350651,0.03273006989512393,0.8154320364107214,0.028884025029252178,0.811545607050595,0.03269526140870376,0.8119567886488491,0.031393870363786304,0.90585379984752,0.016358330307521943,0.9252515157248654,0.017901700866304653
3Class_ND_ED_MD,feature_minus_LaneOffset,feature,LaneOffset,VEHICLE,38,0.7860856331168831,0.0635250589150689,0.7906703741204522,0.059290380063694026,0.7861406332577189,0.06362852877941598,0.7860985631291613,0.06287050047481678,0.8930746006249706,0.03181767778799684,0.9065556320216936,0.04123821470675372
3Class_ND_ED_MD,feature_minus_gaze_0_x,feature,gaze_0_x,GAZE,38,0.7923741883116884,0.05249413727013432,0.7984104228949357,0.049371366373981165,0.7920797842794622,0.052987373912662436,0.7910263701193994,0.053443722662618084,0.8961065142303287,0.02638762602858359,0.9064305545819643,0.032930933557346914
3Class_ND_ED_MD,feature_minus_gaze_0_y,feature,gaze_0_y,GAZE,38,0.8127972808441559,0.03788326256568867,0.815235886272793,0.03808497067641519,0.8125549353009074,0.03761035409679585,0.8119664813151708,0.037165084340495654,0.9064364544308576,0.018900809792675784,0.9192426331170314,0.02889091846176657
3Class_ND_ED_MD,feature_minus_gaze_0_z,feature,gaze_0_z,GAZE,38,0.7934735186688312,0.04177200724633859,0.7998414904786758,0.0374150731403869,0.7934449513945174,0.041843827267255614,0.7947968959611275,0.040538178275966376,0.8965149929257705,0.021021021159851935,0.9152800696471275,0.027479381493957025
3Class_ND_ED_MD,feature_minus_gaze_1_x,feature,gaze_1_x,GAZE,38,0.7990949675324674,0.03656753497694276,0.8016922382831234,0.03418179329821851,0.7990915592502346,0.03626471043394756,0.7973590846159663,0.039331311670808854,0.8996064462558848,0.01827371686569573,0.9192695879586867,0.023597133196097266
3Class_ND_ED_MD,feature_minus_gaze_1_y,feature,gaze_1_y,GAZE,38,0.7990645292207792,0.05570067860625256,0.8054419261006422,0.05440823603546121,0.7993582558695682,0.0553898726508447,0.799499056821162,0.055302564538105135,0.8995075034525446,0.02773522470789522,0.9135769934530039,0.03638060537754073
3Class_ND_ED_MD,feature_minus_gaze_1_z,feature,gaze_1_z,GAZE,38,0.7945205965909091,0.05844806656703195,0.7993828871030174,0.05616982658694928,0.7947427665331628,0.05829934062127956,0.7950822762038336,0.05810500962691163,0.8973430528870436,0.02909810421657218,0.9158944068323567,0.03478145619277212
3Class_ND_ED_MD,feature_minus_gaze_angle_x,feature,gaze_angle_x,GAZE,38,0.7743242694805195,0.07017959882261954,0.7766942513257095,0.06751676491605192,0.7742583720558047,0.07047833012975208,0.7734889018868522,0.0714336930642649,0.8870983193573945,0.03518086888097821,0.902194124385083,0.04300277108659444
3Class_ND_ED_MD,feature_minus_gaze_angle_y,feature,gaze_angle_y,GAZE,38,0.7732776988636364,0.06367625187765324,0.7819720447780603,0.0535956471349271,0.7732024453333723,0.06373133100347575,0.7742104429042954,0.06235180356545254,0.8866684075905631,0.03181616996412906,0.9097864533620541,0.03618425900751713
3Class_ND_ED_MD,feature_minus_gaze_vel,feature,gaze_vel,GAZE,38,0.7808872767857142,0.0806835746240016,0.7862124784879386,0.07464237478687685,0.7807760032257397,0.08064564331055125,0.7814565361627545,0.07952054411194294,0.8904080498159355,0.04038602411604833,0.9084737294325371,0.04188878128651992
3Class_ND_ED_MD,feature_minus_gaze_amp,feature,gaze_amp,GAZE,38,0.7971540178571429,0.04815153204648243,0.8038529355677859,0.040845945492127785,0.7965984265399007,0.04807970316301595,0.7972140834198893,0.046288963701898694,0.898502972871561,0.024327770401458868,0.9168645102433555,0.024666454535062207
3Class_ND_ED_MD,feature_minus_gaze_acc,feature,gaze_acc,GAZE,38,0.7938103693181818,0.06047657959446266,0.8042779260510476,0.045631143542030676,0.7932436959628473,0.061285938020771896,0.7930815374554652,0.06086692311218822,0.8967420608840111,0.030598785428272487,0.9180171334297567,0.02819205455159832
3Class_ND_CDED_MD,baseline_all_features,baseline,none,none,39,0.7938032280219781,0.014134642500027363,0.7985477362175788,0.01671774400851821,0.7937451292059896,0.01424609706015067,0.7938306118951908,0.013290607227091144,0.8968984273857213,0.007087821766186492,0.9141537378346618,0.015542700507408554
3Class_ND_CDED_MD,group_minus_AU,group,AU,AU,22,0.596088598901099,0.03967098328790842,0.6057040018974902,0.04944703202507468,0.5962941139277873,0.03901612149643089,0.5848961383760782,0.03129564434858288,0.7979275668096462,0.01963815523389484,0.8033181482437589,0.03267732632925267
3Class_ND_CDED_MD,group_minus_POSE,group,POSE,POSE,33,0.7780906593406594,0.04839729250656042,0.7840144520231653,0.05020393767834903,0.7780276215146461,0.04877929322081148,0.7774586328766788,0.0495497040193487,0.8890612242774315,0.024329109719124074,0.9087757954352244,0.03220892301739106
3Class_ND_CDED_MD,group_minus_VEHICLE,group,VEHICLE,VEHICLE,34,0.7922510302197803,0.035295189340444504,0.8000462914582723,0.034183831416922716,0.7922293030579908,0.035132953735015335,0.7916003415464197,0.03619153045525147,0.8961131328043515,0.01748756854636787,0.9199246732109403,0.024020744927797304
3Class_ND_CDED_MD,group_minus_GAZE,group,GAZE,GAZE,28,0.7797218406593407,0.018767859957871082,0.7889757195720832,0.020504553020703198,0.7797419479616623,0.01858820275769869,0.7785476146817041,0.018773235418435338,0.889886957006371,0.009383786144898485,0.9126565511816818,0.016175322537170023
3Class_ND_CDED_MD,feature_minus_AU01_r,feature,AU01_r,AU,38,0.7871497252747253,0.03738535328953691,0.7883916543945483,0.037714317277733396,0.7871476723752953,0.03731542848825697,0.7866685675116256,0.03817835311260212,0.8936225481636478,0.01865419088413968,0.9139929534725079,0.026982501753569494
3Class_ND_CDED_MD,feature_minus_AU02_r,feature,AU02_r,AU,38,0.8146067994505495,0.012798390562939537,0.8221849097218044,0.013799998144835112,0.8145538650204639,0.012683078620684582,0.8143602315961556,0.013508727131443776,0.9073175591734017,0.006389344433061049,0.9277952273766894,0.0024320634497435063
3Class_ND_CDED_MD,feature_minus_AU04_r,feature,AU04_r,AU,38,0.7974759615384615,0.025519660314989614,0.8017393477452706,0.026950277309782077,0.7976505729353558,0.02547877110596686,0.7975596435059349,0.02518359848530766,0.8987218963373115,0.012782381301075318,0.9212392583760811,0.018715931524650332
3Class_ND_CDED_MD,feature_minus_AU05_r,feature,AU05_r,AU,38,0.804325206043956,0.01513852026596038,0.8102703395165356,0.017374791886952547,0.8043214631262764,0.01505795377380214,0.8040912433314518,0.015448167250981682,0.9021005211034574,0.007479051046900183,0.9211092194787437,0.004979605212722055
3Class_ND_CDED_MD,feature_minus_AU06_r,feature,AU06_r,AU,38,0.7925686813186814,0.029077083411572387,0.8001107182824285,0.03210834647488281,0.7924848978085525,0.029254094718073075,0.7907047403318768,0.029814990088725013,0.8962845950955989,0.01461622753181407,0.9216951864941461,0.02220138866124862
3Class_ND_CDED_MD,feature_minus_AU07_r,feature,AU07_r,AU,38,0.7886778846153847,0.05311377633353725,0.7954493455173961,0.05075403039480038,0.788811378029253,0.05296427855279062,0.7892442435410034,0.05302190549330913,0.8943627333223858,0.026566743196262153,0.91283846664337,0.03608456492096467
3Class_ND_CDED_MD,feature_minus_AU09_r,feature,AU09_r,AU,38,0.8088169642857143,0.019413227593891875,0.8155019034805215,0.01911574878484291,0.8087291484565995,0.019226441576847227,0.8081619135124051,0.019747108168419375,0.9043514503062813,0.009739307999925262,0.9271019950669439,0.013263292225937133
3Class_ND_CDED_MD,feature_minus_AU10_r,feature,AU10_r,AU,38,0.8057469093406594,0.008968905883963988,0.8119285386007296,0.011695365906251037,0.805826166851001,0.00922224592980402,0.8061090757402397,0.00915183024808253,0.9028428824674218,0.004504213580279299,0.926177323557915,0.012420508375253556
3Class_ND_CDED_MD,feature_minus_AU12_r,feature,AU12_r,AU,38,0.8058997252747254,0.018556256890144892,0.8079979798429052,0.020531942581491713,0.8059539180397538,0.018814981575834694,0.8055150483837927,0.01897981020137299,0.9029979718589102,0.009285101520860092,0.9199296476018791,0.01550732411147246
3Class_ND_CDED_MD,feature_minus_AU14_r,feature,AU14_r,AU,38,0.7987791895604396,0.01926463425692461,0.8024725475868113,0.019368660265430555,0.7989980219967765,0.019443471308905395,0.7988501736699429,0.019715975763453148,0.899431456106683,0.009539816607164114,0.9184834536273867,0.011611974798411095
3Class_ND_CDED_MD,feature_minus_AU15_r,feature,AU15_r,AU,38,0.8155339972527473,0.02236561929571365,0.8228137257679435,0.020304270683892556,0.815588692937401,0.022318781225486813,0.8157714757460124,0.02228500788129813,0.9077308108499718,0.01112721869153174,0.9310514379627625,0.013749903244268027
3Class_ND_CDED_MD,feature_minus_AU17_r,feature,AU17_r,AU,38,0.7956370192307692,0.03786690270719398,0.8006407954356904,0.039938786661226515,0.7955857154647964,0.03763573220205981,0.7958412777827872,0.037962131350519894,0.8978341384079169,0.01896269809109727,0.917166450723266,0.023851444396140887
3Class_ND_CDED_MD,feature_minus_AU20_r,feature,AU20_r,AU,38,0.7847561813186813,0.04574366298720812,0.7908427841281891,0.044826230392237876,0.7846129246232254,0.04611420697605842,0.7838072272715688,0.04611427744203107,0.8924087037300359,0.022852594231333918,0.9107396013951623,0.024225533323280653
3Class_ND_CDED_MD,feature_minus_AU23_r,feature,AU23_r,AU,38,0.7964663461538461,0.05696833153914805,0.8000362466069347,0.05370458665366405,0.7964537104755977,0.05706718626535838,0.7972035066432901,0.05624933752654914,0.8981504109220912,0.028573419506002198,0.9158504955552548,0.03777707094446814
3Class_ND_CDED_MD,feature_minus_AU25_r,feature,AU25_r,AU,38,0.7820947802197802,0.030464589987142375,0.7870207992066864,0.03216017231105591,0.7820871301279266,0.03055589244190779,0.7809807426629051,0.03171954064348358,0.8910509754118234,0.015180957742842265,0.9075657790835399,0.018732419555471686
3Class_ND_CDED_MD,feature_minus_AU26_r,feature,AU26_r,AU,38,0.7959787087912088,0.02026037610825628,0.8026478609732332,0.02143289619172533,0.7961916678484091,0.020374612288222415,0.7959945581360209,0.020391409328592187,0.8980985147549291,0.010103365768552586,0.9210813782621884,0.011356148717414591
3Class_ND_CDED_MD,feature_minus_AU45_r,feature,AU45_r,AU,38,0.7674296016483517,0.06774017570909469,0.770809826226998,0.07043111889555942,0.7673965370035123,0.0676648362062337,0.7659444940162052,0.0687000539135442,0.8837010507356655,0.03380620913999466,0.8890866290217072,0.042763360175466926
3Class_ND_CDED_MD,feature_minus_pose_Tx,feature,pose_Tx,POSE,38,0.7946583104395604,0.03422337432098619,0.8008008506901578,0.03584266899836172,0.7947576729153255,0.03414984989917722,0.7945658615679804,0.03461968482981584,0.8973578707422087,0.017168980943588534,0.9158952491702209,0.017373095841225424
3Class_ND_CDED_MD,feature_minus_pose_Ty,feature,pose_Ty,POSE,38,0.7906387362637363,0.05868913438871019,0.7960872646213203,0.0562906192598281,0.7906016048837455,0.058655783112063466,0.790349283748555,0.05771833138604202,0.8952846322918765,0.02941607632251537,0.9119073193886494,0.03490537515085861
3Class_ND_CDED_MD,feature_minus_pose_Tz,feature,pose_Tz,POSE,38,0.7957726648351648,0.023332911666411976,0.7976389086385569,0.023853343124264795,0.7956289002176161,0.023536902500857628,0.7950406864454465,0.024191461934499055,0.897875853646297,0.011663458834394692,0.9179053277878116,0.01496237198054811
3Class_ND_CDED_MD,feature_minus_pose_Rx,feature,pose_Rx,POSE,38,0.7958258928571429,0.03148861388705547,0.8054594350617897,0.028458780302803192,0.7958574103902527,0.03160666473942584,0.7960805691934769,0.03142236980368375,0.897877069377387,0.015723963287709485,0.9212763049575405,0.017767859185550485
3Class_ND_CDED_MD,feature_minus_pose_Ry,feature,pose_Ry,POSE,38,0.7982812499999999,0.04013344439959023,0.8022677414323558,0.03840051003986442,0.7985502119786044,0.03998801264504642,0.798216864036289,0.04003563876896835,0.8992102436050061,0.02005783165782853,0.921693739261177,0.022808322219922978
3Class_ND_CDED_MD,feature_minus_pose_Rz,feature,pose_Rz,POSE,38,0.7915006868131869,0.035331591007817915,0.7985073874232578,0.03371209190756335,0.7915294135449304,0.03499748571112972,0.7914633844802828,0.03451074520734387,0.8958386408070286,0.01752696590476314,0.9131166233684823,0.031878954774467984
3Class_ND_CDED_MD,feature_minus_Speed,feature,Speed,VEHICLE,38,0.7904395604395604,0.027164728444810046,0.7936582914360288,0.02899779833032782,0.7903400082518677,0.026994729178654923,0.7901908564981669,0.02675482209764567,0.8951834308798642,0.01353448751978581,0.9117463847444169,0.024404564114742185
3Class_ND_CDED_MD,feature_minus_Acceleration,feature,Acceleration,VEHICLE,38,0.8053519917582417,0.02603932525802327,0.8107765562520394,0.026307488498923247,0.8050791493190866,0.026525009418157722,0.8046038066333855,0.02702089296785691,0.9026579193816691,0.013002085099584147,0.9206104748674768,0.020635876548654744
3Class_ND_CDED_MD,feature_minus_Brake,feature,Brake,VEHICLE,38,0.8036692994505493,0.01781597212657019,0.8105000218835723,0.021499304780409473,0.8038683826003077,0.017550907567501134,0.8039400586854057,0.01802940957483677,0.9017977024802842,0.008919831951848154,0.9160361106236667,0.014649157665636401
3Class_ND_CDED_MD,feature_minus_Steering,feature,Steering,VEHICLE,38,0.7876717032967033,0.021918615518497872,0.7964181300815519,0.02272521124020341,0.787833345358219,0.021822019977144672,0.7875359362618561,0.02113345668174836,0.8938705612782876,0.010805019758192088,0.9121823259467252,0.013996982326287164
3Class_ND_CDED_MD,feature_minus_LaneOffset,feature,LaneOffset,VEHICLE,38,0.7935336538461539,0.02169178477487905,0.7992954359351995,0.028304872020226614,0.7936401524503239,0.021536949200968457,0.7931777426012969,0.02229681760476198,0.8967325222971134,0.010830468687916055,0.915665340797517,0.015084941909349113
3Class_ND_CDED_MD,feature_minus_gaze_0_x,feature,gaze_0_x,GAZE,38,0.8071548763736264,0.012586175608246854,0.8121417264529882,0.012005212441172372,0.8072541002191997,0.012443100267326895,0.8072369126045545,0.01240976088665605,0.9035949348278354,0.006400461820907739,0.9211907033417713,0.013783626418977736
3Class_ND_CDED_MD,feature_minus_gaze_0_y,feature,gaze_0_y,GAZE,38,0.7902197802197801,0.03783326250818541,0.7974705539332474,0.03413820775935767,0.7902857808503181,0.03760386688412277,0.7904600356199473,0.03686690023989882,0.8951600463658156,0.018852847158849755,0.9174734485882438,0.018392609058985432
3Class_ND_CDED_MD,feature_minus_gaze_0_z,feature,gaze_0_z,GAZE,38,0.8010714285714287,0.019544778477960587,0.8030736097726295,0.02012980081483525,0.8011083140159926,0.019521460784544992,0.8004186944106074,0.019846578058254596,0.9005109190466609,0.009777032131016737,0.916890759262188,0.011665223985377159
3Class_ND_CDED_MD,feature_minus_gaze_1_x,feature,gaze_1_x,GAZE,38,0.804114010989011,0.012344429844171853,0.8113595889703358,0.008611997827431954,0.8040284093135238,0.012385398789242814,0.8034758298688305,0.013104422075770554,0.902154434110283,0.006168988437779736,0.9167187407923925,0.012961954096360936
3Class_ND_CDED_MD,feature_minus_gaze_1_y,feature,gaze_1_y,GAZE,38,0.7934769917582418,0.0308983965397162,0.7986782978253594,0.03127093034066982,0.7935702729436316,0.030781087598709962,0.7938738624039884,0.030931101851517873,0.8967660012392112,0.015520071745911633,0.9228663208355126,0.01960277099231693
3Class_ND_CDED_MD,feature_minus_gaze_1_z,feature,gaze_1_z,GAZE,38,0.798125,0.02467365117893985,0.805275599027841,0.02149450777896431,0.7982127553846586,0.02414892900386199,0.798726771631606,0.02380612794741725,0.898921686517171,0.012465599730929897,0.9163225440851862,0.016725204763080044
3Class_ND_CDED_MD,feature_minus_gaze_angle_x,feature,gaze_angle_x,GAZE,38,0.8059392170329671,0.02632534954737421,0.8091778466874467,0.02652021466829083,0.8058703602410493,0.026218793176352895,0.8063801856060877,0.025765767217466946,0.9029759811522057,0.013208527900670366,0.918927089756593,0.018359043958730212
3Class_ND_CDED_MD,feature_minus_gaze_angle_y,feature,gaze_angle_y,GAZE,38,0.8118801510989011,0.026840759295693302,0.8168893285851127,0.02745714904469561,0.8119838078032492,0.026837582268206966,0.8116976330807715,0.02781379702674467,0.9060135217728155,0.013357799386378096,0.9234613816414873,0.019066954036691033
3Class_ND_CDED_MD,feature_minus_gaze_vel,feature,gaze_vel,GAZE,38,0.7872458791208791,0.031487050829709,0.792649146994097,0.03507447237672786,0.787416158998094,0.03137458777663723,0.7861044073341341,0.0326436621469087,0.8936701721203842,0.015824904994299064,0.917418749411328,0.026866688887382306
3Class_ND_CDED_MD,feature_minus_gaze_amp,feature,gaze_amp,GAZE,38,0.7786830357142858,0.022335486644529574,0.7858334899327376,0.021468358733892322,0.7785229870380214,0.02219985324551623,0.7789869243462799,0.021917543744776675,0.8891857641900407,0.01130654431157347,0.9146404871028159,0.01445539660504594
3Class_ND_CDED_MD,feature_minus_gaze_acc,feature,gaze_acc,GAZE,38,0.8124192994505494,0.03958932889775149,0.813330362616959,0.040182150045072765,0.8123697475479839,0.039611346882949774,0.812043070667643,0.03963058456601641,0.9062229951216219,0.019859505932582254,0.9188788695143459,0.028607461856744426
3Class_ND_CD_MD,baseline_all_features,baseline,none,none,39,0.8101089015151516,0.040073373580907234,0.8200006839640558,0.036933857954096184,0.8103563160944203,0.04031152297897734,0.8107184652969499,0.04007937035083539,0.9051015573923124,0.020043732157133124,0.923616126788582,0.025659371589976884
3Class_ND_CD_MD,group_minus_AU,group,AU,AU,22,0.653332497771836,0.036238089036299666,0.6615883429119612,0.043738563766433605,0.6525755879791355,0.035455297010895406,0.6487677001023748,0.03520392349039883,0.8265704553021145,0.017933329349939707,0.8245834112637151,0.029316231449180066
3Class_ND_CD_MD,group_minus_POSE,group,POSE,POSE,33,0.8141418783422459,0.029352080188428598,0.8211757234101608,0.02790573240866032,0.8140963308261029,0.029316220415463973,0.8143593920317326,0.02908761275667999,0.907024394600486,0.014670546198092993,0.9269006554910908,0.018820061377969502
3Class_ND_CD_MD,group_minus_VEHICLE,group,VEHICLE,VEHICLE,34,0.7925983177361855,0.03924774466782075,0.7962467747565769,0.04083323936390901,0.7925307406969094,0.039218537133699424,0.7929375946839892,0.03940164697032799,0.8962894280246667,0.01958292995528995,0.9147903006948515,0.03339046976546185
3Class_ND_CD_MD,group_minus_GAZE,group,GAZE,GAZE,28,0.7761071189839572,0.03311213933243422,0.794411963896263,0.03086111643292373,0.77620471673082,0.03336718126996486,0.7763331664820005,0.03393166756990867,0.8880605896863759,0.01655046576775486,0.913636257218078,0.022141611453337408
3Class_ND_CD_MD,feature_minus_AU01_r,feature,AU01_r,AU,38,0.8186079545454547,0.025192538031427052,0.8305126875000525,0.01966358035525422,0.8185857331855582,0.02520839573966945,0.8194257199718548,0.024854360064061245,0.9093119119789765,0.01258157466079266,0.9372348594017611,0.013259346390841203
3Class_ND_CD_MD,feature_minus_AU02_r,feature,AU02_r,AU,38,0.8162586341354723,0.036417824395154036,0.82250782089453,0.035976568028069394,0.8165593995467024,0.03652180222968066,0.8158673460256607,0.036858359069252014,0.9081335420511737,0.018199125266242205,0.9332133103202855,0.018101934672904507
3Class_ND_CD_MD,feature_minus_AU04_r,feature,AU04_r,AU,38,0.8292307263814618,0.03143331021435915,0.8304065389977501,0.030231866554307513,0.8294506033349366,0.03142603726224446,0.8289924080832536,0.030935927393345056,0.9146006789782645,0.015710815169323395,0.9343870979351607,0.02523857764935523
3Class_ND_CD_MD,feature_minus_AU05_r,feature,AU05_r,AU,38,0.8127395276292335,0.04173734961724859,0.820182882372959,0.03544004385551425,0.813013085876789,0.041952081569652896,0.8136060982317126,0.04123314859651044,0.9063383185856984,0.02080009309004688,0.930146399074328,0.021834957104285745
3Class_ND_CD_MD,feature_minus_AU06_r,feature,AU06_r,AU,38,0.8147629790552585,0.029736847316189873,0.819942792677222,0.03129162888340863,0.8147201872040215,0.029773148584938104,0.8152317406779028,0.030147993234170598,0.9074505763813658,0.01484527143307899,0.9279720285787304,0.023829223192073437
3Class_ND_CD_MD,feature_minus_AU07_r,feature,AU07_r,AU,38,0.8113873106060607,0.021917998271450793,0.8151406117434039,0.02530018917126142,0.8109397563008439,0.02173744690281167,0.8106690710581435,0.0219735554325088,0.9056314634618221,0.010900473016165283,0.92296375616943,0.018387652914920442
3Class_ND_CD_MD,feature_minus_AU09_r,feature,AU09_r,AU,38,0.8147643716577541,0.026729981887256705,0.8211427974206396,0.022342709595744494,0.8146319972821056,0.026461319056272754,0.8150224975932925,0.026228404324698723,0.9074089668634432,0.013374974131888017,0.9344566316435985,0.013248848725968848
3Class_ND_CD_MD,feature_minus_AU10_r,feature,AU10_r,AU,38,0.8196245543672014,0.024458853875855002,0.8245154871632016,0.024545646693410913,0.8195181423527579,0.024647675448194066,0.8196152474519447,0.024826549725225893,0.9098289214431965,0.012279626677197472,0.9323690399695697,0.015044371602888799
3Class_ND_CD_MD,feature_minus_AU12_r,feature,AU12_r,AU,38,0.8089544340463458,0.03157921574495453,0.8144633177307959,0.028581516970218178,0.8087978009421304,0.03155810018099873,0.8082706574393761,0.0317470041879888,0.9045293658663074,0.015789048272930005,0.9230386269479309,0.01766068112084452
3Class_ND_CD_MD,feature_minus_AU14_r,feature,AU14_r,AU,38,0.8215003899286988,0.032790211262801384,0.8236864155061856,0.03161824504634095,0.8216260339261471,0.033178200822618034,0.8217410794570558,0.03278118343981263,0.9107372570703867,0.01639231426910403,0.9352877867590383,0.01994047302811115
3Class_ND_CD_MD,feature_minus_AU15_r,feature,AU15_r,AU,38,0.8116895053475937,0.03812343622927379,0.8188560793195985,0.034911888713726864,0.8119045549881097,0.03836046687174964,0.8116532189708625,0.03747984151634591,0.9057744213112242,0.019071861307511023,0.9288092768258931,0.0278258478108772
3Class_ND_CD_MD,feature_minus_AU17_r,feature,AU17_r,AU,38,0.8102230949197861,0.02345357271772409,0.8150299844600253,0.02029895674674508,0.8102274001855815,0.02345931797867426,0.8102493926118257,0.023447610634229277,0.9051282572684285,0.011711438210613694,0.9291928279155531,0.015829924711732876
3Class_ND_CD_MD,feature_minus_AU20_r,feature,AU20_r,AU,38,0.8172947303921567,0.0293647669122553,0.8221679877503274,0.031194885454432483,0.8172648334091674,0.029218347944758558,0.8170502656763367,0.0289937082969524,0.908641858527055,0.014686205053696508,0.9267356173583632,0.021327931532466027
3Class_ND_CD_MD,feature_minus_AU23_r,feature,AU23_r,AU,38,0.8134010138146166,0.04217673990699263,0.8196689284043295,0.04108048918350238,0.813288782329552,0.04209181913071893,0.8141484735279295,0.042381817057616435,0.9066663320252892,0.021048716232597277,0.930029662443147,0.02561113180098939
3Class_ND_CD_MD,feature_minus_AU25_r,feature,AU25_r,AU,38,0.7858831885026738,0.026241468311520383,0.794457627487933,0.020931184953906907,0.786041582322156,0.02625892317559096,0.7858861148875433,0.024782155355105993,0.8930087430952834,0.013089369682726755,0.9150075083526603,0.016271431579851014
3Class_ND_CD_MD,feature_minus_AU26_r,feature,AU26_r,AU,38,0.8086243872549019,0.02696736657815453,0.8126509957709404,0.028415937138107347,0.808220192387564,0.027064403435828225,0.8080674665104406,0.02733847869788095,0.9043597193813581,0.013467011636958695,0.9236353422865544,0.019787137425651115
3Class_ND_CD_MD,feature_minus_AU45_r,feature,AU45_r,AU,38,0.7758801247771836,0.03541728761562318,0.7845043572159085,0.0289031263807563,0.7757831129861257,0.035876389676032266,0.7739378556412772,0.03917019884696384,0.8879181087446757,0.017772560837982163,0.9070962224902882,0.018974779613532066
3Class_ND_CD_MD,feature_minus_pose_Tx,feature,pose_Tx,POSE,38,0.8199253565062389,0.016516595309523662,0.8240022941645456,0.013231914502872024,0.8198972521166926,0.01656001565264412,0.8197455887122779,0.016425018171287692,0.9099274350290443,0.008264341566117097,0.9294661424114977,0.012017596839545645
3Class_ND_CD_MD,feature_minus_pose_Ty,feature,pose_Ty,POSE,38,0.8220588235294117,0.030085707218987533,0.8316351421091944,0.02923447639968146,0.8219280868190808,0.029930879328857917,0.8228307362189952,0.029759992831245648,0.9111375988937397,0.01501146739309987,0.9395519495694853,0.014826457024011043
3Class_ND_CD_MD,feature_minus_pose_Tz,feature,pose_Tz,POSE,38,0.8157099487522281,0.032719932230913365,0.8210972449059757,0.033686923511793664,0.8157930759285923,0.03275503032414992,0.8165112814437133,0.032737750317639175,0.9078383992235084,0.016316339076059446,0.9250005285228127,0.019260564740823785
3Class_ND_CD_MD,feature_minus_pose_Rx,feature,pose_Rx,POSE,38,0.8216897838680927,0.026796836451422654,0.8244532162913316,0.027487266352519697,0.8215791397814138,0.026849319090979307,0.8210710111682775,0.027283922680849525,0.9108273881163097,0.01339591839391621,0.9312004892114834,0.0156406178670703
3Class_ND_CD_MD,feature_minus_pose_Ry,feature,pose_Ry,POSE,38,0.8104361631016044,0.025729129756900306,0.8121289501877531,0.02680021606319562,0.8103735155778715,0.02572005760501744,0.810455314354844,0.026155690830765212,0.9052154444704413,0.012880848959433188,0.9234719664657665,0.018736743163835945
3Class_ND_CD_MD,feature_minus_pose_Rz,feature,pose_Rz,POSE,38,0.8176721256684492,0.03291030981650137,0.8196222533103207,0.03188822035666748,0.8178746400569213,0.03289987581319372,0.8167844546770825,0.032438903914835275,0.9088570003459745,0.016473347340415476,0.9317072422530851,0.023464345872200067
3Class_ND_CD_MD,feature_minus_Speed,feature,Speed,VEHICLE,38,0.8112745098039216,0.02330395512911441,0.8173292077485291,0.01911554842921002,0.8116277440612482,0.02346042412607071,0.8116478025497507,0.022331120741478666,0.90567069838146,0.011606681022260049,0.9298177169710214,0.014163876340445247
3Class_ND_CD_MD,feature_minus_Acceleration,feature,Acceleration,VEHICLE,38,0.8207428141711229,0.02364639627935908,0.8252725888659935,0.021801379220509367,0.8206926457685582,0.0235630228844267,0.820541519082733,0.023665927955328233,0.9104230322186979,0.011800296413742833,0.9298031091372101,0.013442250563870895
3Class_ND_CD_MD,feature_minus_Brake,feature,Brake,VEHICLE,38,0.811529356060606,0.03939047476873422,0.8175561332237035,0.03470040792459708,0.8114596989555232,0.03937107901374007,0.8111682415284036,0.0392175496736294,0.9058058091005157,0.01969119035706314,0.9292215962551833,0.02210874960331969
3Class_ND_CD_MD,feature_minus_Steering,feature,Steering,VEHICLE,38,0.8123370655080213,0.026478673589962698,0.8182814627847087,0.02396718087289758,0.8121248968264994,0.026245041911647615,0.8124888435553235,0.025639286005833137,0.9061418860476571,0.013229923466575167,0.929754132551962,0.013830985272265136
3Class_ND_CD_MD,feature_minus_LaneOffset,feature,LaneOffset,VEHICLE,38,0.8132380793226381,0.031800367512792534,0.8187505506203554,0.030594442875179435,0.8135061263697146,0.03201219310894087,0.8130946382553139,0.031198054199509793,0.9065759267147164,0.01582368834253237,0.9232486760643219,0.022196576965791505
3Class_ND_CD_MD,feature_minus_gaze_0_x,feature,gaze_0_x,GAZE,38,0.8024286987522282,0.041002581796533134,0.8116446697580276,0.036165688786615316,0.802216480903463,0.040772720167755266,0.8018662593316181,0.04022828769915047,0.9012000751268765,0.02044134207539896,0.9235043226070248,0.02364688072550791
3Class_ND_CD_MD,feature_minus_gaze_0_y,feature,gaze_0_y,GAZE,38,0.8165399398395721,0.028390916548181544,0.8202979084116684,0.028847092600298788,0.8161823284311229,0.028561387990668978,0.8155918561486863,0.02914634360891286,0.9082720742185566,0.014203077984288293,0.9320371892469188,0.013957552432250523
3Class_ND_CD_MD,feature_minus_gaze_0_z,feature,gaze_0_z,GAZE,38,0.8106589795008912,0.03553749606434832,0.8163789234843932,0.0342149041367513,0.8102174681611102,0.03547633484474866,0.8103419619438457,0.03576300688747206,0.9053338211473335,0.017815244546809057,0.926341532571028,0.02249042779091344
3Class_ND_CD_MD,feature_minus_gaze_1_x,feature,gaze_1_x,GAZE,38,0.8180954768270944,0.027376477354065416,0.8261846945797069,0.023404458932614995,0.8181399940553689,0.027299361009891623,0.8186764652094661,0.02660069122457031,0.9090541404534201,0.01366376957104601,0.931249421087534,0.015781592298560913
3Class_ND_CD_MD,feature_minus_gaze_1_y,feature,gaze_1_y,GAZE,38,0.8184756573083778,0.03034696987051483,0.8235566811646995,0.027716048518596374,0.8187096255413776,0.030576128379272864,0.8182721856105493,0.029761642627802794,0.9092176791573998,0.015180065637676187,0.9299483786085727,0.01746251359406425
3Class_ND_CD_MD,feature_minus_gaze_1_z,feature,gaze_1_z,GAZE,38,0.8229695855614974,0.030055131959710095,0.8253757492693612,0.030840033686175983,0.8229479306598935,0.030266431905539258,0.8223440285102441,0.029837282946265056,0.9115047237355552,0.014999120037408352,0.9330345376766663,0.019542160476375265
3Class_ND_CD_MD,feature_minus_gaze_angle_x,feature,gaze_angle_x,GAZE,38,0.8096131350267379,0.04504073383564493,0.8127361248834892,0.045988448887111635,0.8092435021567385,0.04521716581208461,0.8085583325495558,0.045742292089876034,0.9047757494828421,0.02256009842489491,0.9245472836721813,0.029443485775112573
3Class_ND_CD_MD,feature_minus_gaze_angle_y,feature,gaze_angle_y,GAZE,38,0.8105573195187166,0.014583899565792346,0.8144971440573634,0.013655295662687092,0.8108222538432965,0.01480099052945729,0.8111928128071618,0.014621666086001536,0.9052305226434149,0.007281644301812354,0.9230133385840371,0.009855915520517407
3Class_ND_CD_MD,feature_minus_gaze_vel,feature,gaze_vel,GAZE,38,0.828143103832442,0.026547147293470106,0.8309053679585945,0.02682244030674604,0.8278044004405298,0.026518658077729844,0.8267848967367941,0.026651343955000524,0.914014890551943,0.013235542293545288,0.9365070303264197,0.019619584413828984
3Class_ND_CD_MD,feature_minus_gaze_amp,feature,gaze_amp,GAZE,38,0.7976910650623886,0.03012297714989561,0.8061302929136183,0.03161568060653294,0.7977012322449272,0.0299373424973532,0.7978673069975865,0.029512878195100335,0.8988629190352505,0.015110918815308856,0.9237745448193037,0.022432212078249164
3Class_ND_CD_MD,feature_minus_gaze_acc,feature,gaze_acc,GAZE,38,0.8334182820855615,0.02803115056223208,0.8351931364448163,0.028506679183310058,0.8333990938306425,0.027904859363807752,0.8329708618404293,0.027844763684513524,0.9166868451321974,0.013993376433047834,0.938675682144766,0.019861013630003987
