Feature,Comparison_Set,A,B,diff,se,T,df,pval,hedges,mean_A,mean_B
AU02_r,ND_CD_MD,CD,MD,0.15966537194302105,0.06681576829872542,2.3896360995083676,61.82801972169416,0.05140526052165639,0.588272275759835,0.042801774310835955,-0.1168635976321851
AU02_r,ND_CD_MD,CD,ND,0.03198265372165375,0.05260051287310375,0.6080293133036628,41.4663369559859,0.8165494260638887,0.15132405096006743,0.042801774310835955,0.010819120589182205
AU02_r,ND_CD_MD,MD,ND,-0.1276827182213673,0.04886176526957524,-2.6131417380630637,40.60342363521517,0.03283645780965905,-0.6394420168359098,-0.1168635976321851,0.010819120589182205
AU02_r,ND_ED_MD,ED,MD,0.12858005323490904,0.06394677078974434,2.010735673544448,55.70608398246583,0.11904151037871424,0.5197000763546048,0.011716455602723929,-0.1168635976321851
AU02_r,ND_ED_MD,ED,ND,0.0008973350135417241,0.04890456579503281,0.01834869605636833,35.21424459104042,0.999814399882579,0.0046510381116805916,0.011716455602723929,0.010819120589182205
AU02_r,ND_ED_MD,MD,ND,-0.1276827182213673,0.04886176526957524,-2.6131417380630637,40.60342363521517,0.03283645780965905,-0.6394420168359098,-0.1168635976321851,0.010819120589182205
AU05_r,ND_CD_ED,CD,ED,0.0016753422616004043,0.05214815520240554,0.03212658731833955,53.36159534768169,0.9994311329585002,0.008305559460788129,0.1541458235399372,0.1524704812783368
AU05_r,ND_CD_ED,CD,ND,0.23042969309188435,0.036728714024279276,6.273829596635491,47.13844599640657,3.0460369693230405e-07,1.4164310756414067,0.1541458235399372,-0.07628386955194716
AU05_r,ND_CD_ED,ED,ND,0.22875435083028395,0.043187299041383194,5.296796880283844,34.32666041007179,2.0182962853110276e-05,1.3766597975342305,0.1524704812783368,-0.07628386955194716
AU05_r,ND_CD_MD,CD,MD,0.11367576865853377,0.057613020595667454,1.973091628996836,54.581718623164626,0.12858369476079545,0.49231532594626914,0.1541458235399372,0.04047005488140342
AU05_r,ND_CD_MD,CD,ND,0.23042969309188435,0.036728714024279276,6.273829596635491,47.13844599640657,3.0460369693230405e-07,1.4164310756414067,0.1541458235399372,-0.07628386955194716
AU05_r,ND_CD_MD,MD,ND,0.11675392443335059,0.049648492924080634,2.3516106442925344,36.91262958775004,0.06106084406145451,0.6285880080730866,0.04047005488140342,-0.07628386955194716
AU05_r,ND_ED_MD,ED,MD,0.11200042639693336,0.0619306427123873,1.8084815769969582,55.59659344709695,0.17619054281964486,0.46236768857687316,0.1524704812783368,0.04047005488140342
AU05_r,ND_ED_MD,ED,ND,0.22875435083028395,0.043187299041383194,5.296796880283844,34.32666041007179,2.0182962853110276e-05,1.3766597975342305,0.1524704812783368,-0.07628386955194716
AU05_r,ND_ED_MD,MD,ND,0.11675392443335059,0.049648492924080634,2.3516106442925344,36.91262958775004,0.06106084406145451,0.6285880080730866,0.04047005488140342,-0.07628386955194716
AU05_r,ND_CD_ED_MD,CD,ED,0.0016753422616004043,0.05214815520240554,0.03212658731833955,53.36159534768169,0.9999879288049148,0.008305559460788129,0.1541458235399372,0.1524704812783368
AU05_r,ND_CD_ED_MD,CD,MD,0.11367576865853377,0.057613020595667454,1.973091628996836,54.581718623164626,0.21072691095108065,0.49231532594626914,0.1541458235399372,0.04047005488140342
AU05_r,ND_CD_ED_MD,CD,ND,0.23042969309188435,0.036728714024279276,6.273829596635491,47.13844599640657,6.044736281518581e-07,1.4164310756414067,0.1541458235399372,-0.07628386955194716
AU05_r,ND_CD_ED_MD,ED,MD,0.11200042639693336,0.0619306427123873,1.8084815769969582,55.59659344709695,0.28028362564725295,0.46236768857687316,0.1524704812783368,0.04047005488140342
AU05_r,ND_CD_ED_MD,ED,ND,0.22875435083028395,0.043187299041383194,5.296796880283844,34.32666041007179,3.948460192815251e-05,1.3766597975342305,0.1524704812783368,-0.07628386955194716
AU05_r,ND_CD_ED_MD,MD,ND,0.11675392443335059,0.049648492924080634,2.3516106442925344,36.91262958775004,0.10481405417152267,0.6285880080730866,0.04047005488140342,-0.07628386955194716
AU06_r,ND_CD_ED,CD,ED,-0.06989896359399123,0.08624774129139341,-0.8104439901542834,56.808008188332394,0.698142773288794,-0.20632377694079596,0.13268440234083065,0.20258336593482187
AU06_r,ND_CD_ED,CD,ND,0.14970299961653882,0.06612712906379287,2.2638666117217987,47.204540725688474,0.0710058796513986,0.5106217263520035,0.13268440234083065,-0.017018597275708168
AU06_r,ND_CD_ED,ED,ND,0.21960196321053005,0.06837414070203228,3.2117692589005777,37.46537548428487,0.007461901915470692,0.7702798385068842,0.20258336593482187,-0.017018597275708168
AU06_r,ND_CD_MD,CD,MD,0.39564781472907695,0.08936559033106033,4.427294815189776,60.82921404320701,0.000118279410446398,1.0965372745431534,0.13268440234083065,-0.26296341238824633
AU06_r,ND_CD_MD,CD,ND,0.14970299961653882,0.06612712906379287,2.2638666117217987,47.204540725688474,0.0710058796513986,0.5106217263520035,0.13268440234083065,-0.017018597275708168
AU06_r,ND_CD_MD,MD,ND,-0.24594481511253816,0.07226727457219541,-3.4032667838723865,41.46337220817541,0.004159909511657012,-0.8185489976227301,-0.26296341238824633,-0.017018597275708168
AU06_r,ND_ED_MD,ED,MD,0.46554677832306823,0.09104084058125063,5.113603689847138,55.998377898635084,1.1779834791059152e-05,1.3155245507569349,0.20258336593482187,-0.26296341238824633
AU06_r,ND_ED_MD,ED,ND,0.21960196321053005,0.06837414070203228,3.2117692589005777,37.46537548428487,0.007461901915470692,0.7702798385068842,0.20258336593482187,-0.017018597275708168
AU06_r,ND_ED_MD,MD,ND,-0.24594481511253816,0.07226727457219541,-3.4032667838723865,41.46337220817541,0.004159909511657012,-0.8185489976227301,-0.26296341238824633,-0.017018597275708168
AU06_r,ND_CD_ED_MD,CD,ED,-0.06989896359399123,0.08624774129139341,-0.8104439901542834,56.808008188332394,0.8492714411250989,-0.20632377694079596,0.13268440234083065,0.20258336593482187
AU06_r,ND_CD_ED_MD,CD,MD,0.39564781472907695,0.08936559033106033,4.427294815189776,60.82921404320701,0.0002314711867621444,1.0965372745431534,0.13268440234083065,-0.26296341238824633
AU06_r,ND_CD_ED_MD,CD,ND,0.14970299961653882,0.06612712906379287,2.2638666117217987,47.204540725688474,0.12127868038694767,0.5106217263520035,0.13268440234083065,-0.017018597275708168
AU06_r,ND_CD_ED_MD,ED,MD,0.46554677832306823,0.09104084058125063,5.113603689847138,55.998377898635084,2.3248394491637292e-05,1.3155245507569349,0.20258336593482187,-0.26296341238824633
AU06_r,ND_CD_ED_MD,ED,ND,0.21960196321053005,0.06837414070203228,3.2117692589005777,37.46537548428487,0.013807937566652995,0.7702798385068842,0.20258336593482187,-0.017018597275708168
AU06_r,ND_CD_ED_MD,MD,ND,-0.24594481511253816,0.07226727457219541,-3.4032667838723865,41.46337220817541,0.0078034988501266556,-0.8185489976227301,-0.26296341238824633,-0.017018597275708168
AU07_r,ND_CD_ED,CD,ED,-0.046380005192181745,0.08541025370478426,-0.5430261962748831,56.97228855347049,0.8504335341186702,-0.1380972750023,0.1865798637484388,0.23295986894062054
AU07_r,ND_CD_ED,CD,ND,0.2108150694820513,0.06678212283489862,3.1567590327015598,49.661552801971744,0.007511170329735806,0.6887483471452854,0.1865798637484388,-0.024235205733612517
AU07_r,ND_CD_ED,ED,ND,0.2571950746742331,0.06840846809654637,3.7596964503173504,39.64109571199155,0.001559334122579581,0.8620809113525831,0.23295986894062054,-0.024235205733612517
AU07_r,ND_CD_MD,CD,MD,0.4862616647660418,0.08820858304632025,5.512634348867108,61.075664299914166,2.2431637262121384e-06,1.3646661782992648,0.1865798637484388,-0.29968180101760306
AU07_r,ND_CD_MD,CD,ND,0.2108150694820513,0.06678212283489862,3.1567590327015598,49.661552801971744,0.007511170329735806,0.6887483471452854,0.1865798637484388,-0.024235205733612517
AU07_r,ND_CD_MD,MD,ND,-0.2754465952839905,0.0718718386604946,-3.8324690228830023,43.769976259716515,0.0011478886390635656,-0.8841968494822211,-0.29968180101760306,-0.024235205733612517
AU07_r,ND_ED_MD,ED,MD,0.5326416699582236,0.08944618885128808,5.954883900573851,55.9935528724546,5.36151464558543e-07,1.5325180671706813,0.23295986894062054,-0.29968180101760306
AU07_r,ND_ED_MD,ED,ND,0.2571950746742331,0.06840846809654637,3.7596964503173504,39.64109571199155,0.001559334122579581,0.8620809113525831,0.23295986894062054,-0.024235205733612517
AU07_r,ND_ED_MD,MD,ND,-0.2754465952839905,0.0718718386604946,-3.8324690228830023,43.769976259716515,0.0011478886390635656,-0.8841968494822211,-0.29968180101760306,-0.024235205733612517
AU07_r,ND_CD_ED_MD,CD,ED,-0.046380005192181745,0.08541025370478426,-0.5430261962748831,56.97228855347049,0.948046820591195,-0.1380972750023,0.1865798637484388,0.23295986894062054
AU07_r,ND_CD_ED_MD,CD,MD,0.4862616647660418,0.08820858304632025,5.512634348867108,61.075664299914166,4.44747029237913e-06,1.3646661782992648,0.1865798637484388,-0.29968180101760306
AU07_r,ND_CD_ED_MD,CD,ND,0.2108150694820513,0.06678212283489862,3.1567590327015598,49.661552801971744,0.013967682917187862,0.6887483471452854,0.1865798637484388,-0.024235205733612517
AU07_r,ND_CD_ED_MD,ED,MD,0.5326416699582236,0.08944618885128808,5.954883900573851,55.9935528724546,1.0647274696351516e-06,1.5325180671706813,0.23295986894062054,-0.29968180101760306
AU07_r,ND_CD_ED_MD,ED,ND,0.2571950746742331,0.06840846809654637,3.7596964503173504,39.64109571199155,0.0029662076345223776,0.8620809113525831,0.23295986894062054,-0.024235205733612517
AU07_r,ND_CD_ED_MD,MD,ND,-0.2754465952839905,0.0718718386604946,-3.8324690228830023,43.769976259716515,0.0021956379188028396,-0.8841968494822211,-0.29968180101760306,-0.024235205733612517
AU09_r,ND_CD_ED,CD,ED,-0.093615460551145,0.07396607939500396,-1.2656539499843797,55.260119696548436,0.42042342061767257,-0.3247734505452343,0.1594685618586652,0.2530840224098102
AU09_r,ND_CD_ED,CD,ND,0.22695716807354666,0.05472012903261073,4.147599285416349,48.29172773677735,0.0003918017566444387,0.9213733045704107,0.1594685618586652,-0.06748860621488147
AU09_r,ND_CD_ED,ED,ND,0.32057262862469166,0.06033250564030752,5.313431378698127,36.44935536920435,1.631897321430209e-05,1.3048755568051935,0.2530840224098102,-0.06748860621488147
AU09_r,ND_CD_MD,CD,MD,0.24806241038088211,0.07957696064606971,3.117264197663647,57.77525325223134,0.007887529480352207,0.7753392764481665,0.1594685618586652,-0.08859384852221691
AU09_r,ND_CD_MD,CD,ND,0.22695716807354666,0.05472012903261073,4.147599285416349,48.29172773677735,0.0003918017566444387,0.9213733045704107,0.1594685618586652,-0.06748860621488147
AU09_r,ND_CD_MD,MD,ND,-0.021105242307335445,0.06709339014713622,-0.3145651495780958,39.27559692984128,0.9469896361705398,-0.07922696886225425,-0.08859384852221691,-0.06748860621488147
AU09_r,ND_ED_MD,ED,MD,0.3416778709320271,0.08353568926607535,4.090202330691557,55.848044172903904,0.00040546378757522206,1.048089042134661,0.2530840224098102,-0.08859384852221691
AU09_r,ND_ED_MD,ED,ND,0.32057262862469166,0.06033250564030752,5.313431378698127,36.44935536920435,1.631897321430209e-05,1.3048755568051935,0.2530840224098102,-0.06748860621488147
AU09_r,ND_ED_MD,MD,ND,-0.021105242307335445,0.06709339014713622,-0.3145651495780958,39.27559692984128,0.9469896361705398,-0.07922696886225425,-0.08859384852221691,-0.06748860621488147
AU09_r,ND_CD_ED_MD,CD,ED,-0.093615460551145,0.07396607939500396,-1.2656539499843797,55.260119696548436,0.5883703064361306,-0.3247734505452343,0.1594685618586652,0.2530840224098102
AU09_r,ND_CD_ED_MD,CD,MD,0.24806241038088211,0.07957696064606971,3.117264197663647,57.77525325223134,0.01468309493522768,0.7753392764481665,0.1594685618586652,-0.08859384852221691
AU09_r,ND_CD_ED_MD,CD,ND,0.22695716807354666,0.05472012903261073,4.147599285416349,48.29172773677735,0.0007584357204684089,0.9213733045704107,0.1594685618586652,-0.06748860621488147
AU09_r,ND_CD_ED_MD,ED,MD,0.3416778709320271,0.08353568926607535,4.090202330691557,55.848044172903904,0.0007862235644673365,1.048089042134661,0.2530840224098102,-0.08859384852221691
AU09_r,ND_CD_ED_MD,ED,ND,0.32057262862469166,0.06033250564030752,5.313431378698127,36.44935536920435,3.198688277816775e-05,1.3048755568051935,0.2530840224098102,-0.06748860621488147
AU09_r,ND_CD_ED_MD,MD,ND,-0.021105242307335445,0.06709339014713622,-0.3145651495780958,39.27559692984128,0.9890518703313296,-0.07922696886225425,-0.08859384852221691,-0.06748860621488147
AU10_r,ND_CD_ED,CD,ED,-0.037377671447976574,0.09976103376193507,-0.37467205419275074,55.38453332588125,0.925645899431572,-0.09609001041896165,0.12884132191341413,0.1662189933613907
AU10_r,ND_CD_ED,CD,ND,0.1588318772285755,0.07284152021774387,2.1805129375908434,45.551300236803826,0.085406258000162,0.5042407178587006,0.12884132191341413,-0.029990555315161385
AU10_r,ND_CD_ED,ED,ND,0.1962095486765521,0.08017149581193532,2.447372930858325,34.77625895202767,0.050066182491391165,0.6279072964066695,0.1662189933613907,-0.029990555315161385
AU10_r,ND_CD_MD,CD,MD,0.2842677803175089,0.0986933064657728,2.880314688981405,61.03535170343232,0.01491539564200528,0.7130902763336688,0.12884132191341413,-0.15542645840409475
AU10_r,ND_CD_MD,CD,ND,0.1588318772285755,0.07284152021774387,2.1805129375908434,45.551300236803826,0.085406258000162,0.5042407178587006,0.12884132191341413,-0.029990555315161385
AU10_r,ND_CD_MD,MD,ND,-0.12543590308893338,0.0788389093317517,-1.5910405680664983,40.495788035517116,0.26105963126292886,-0.39020201182537323,-0.15542645840409475,-0.029990555315161385
AU10_r,ND_ED_MD,ED,MD,0.3216454517654854,0.10422068131728042,3.086196018871685,55.53837223306626,0.008735264903697137,0.7986985137855253,0.1662189933613907,-0.15542645840409475
AU10_r,ND_ED_MD,ED,ND,0.1962095486765521,0.08017149581193532,2.447372930858325,34.77625895202767,0.050066182491391165,0.6279072964066695,0.1662189933613907,-0.029990555315161385
AU10_r,ND_ED_MD,MD,ND,-0.12543590308893338,0.0788389093317517,-1.5910405680664983,40.495788035517116,0.26105963126292886,-0.39020201182537323,-0.15542645840409475,-0.029990555315161385
AU10_r,ND_CD_ED_MD,CD,ED,-0.037377671447976574,0.09976103376193507,-0.37467205419275074,55.38453332588125,0.9818807316996732,-0.09609001041896165,0.12884132191341413,0.1662189933613907
AU10_r,ND_CD_ED_MD,CD,MD,0.2842677803175089,0.0986933064657728,2.880314688981405,61.03535170343232,0.027329084196887732,0.7130902763336688,0.12884132191341413,-0.15542645840409475
AU10_r,ND_CD_ED_MD,CD,ND,0.1588318772285755,0.07284152021774387,2.1805129375908434,45.551300236803826,0.14408841014629536,0.5042407178587006,0.12884132191341413,-0.029990555315161385
AU10_r,ND_CD_ED_MD,ED,MD,0.3216454517654854,0.10422068131728042,3.086196018871685,55.53837223306626,0.016214057097774903,0.7986985137855253,0.1662189933613907,-0.15542645840409475
AU10_r,ND_CD_ED_MD,ED,ND,0.1962095486765521,0.08017149581193532,2.447372930858325,34.77625895202767,0.08675295097508307,0.6279072964066695,0.1662189933613907,-0.029990555315161385
AU10_r,ND_CD_ED_MD,MD,ND,-0.12543590308893338,0.0788389093317517,-1.5910405680664983,40.495788035517116,0.3949945712962639,-0.39020201182537323,-0.15542645840409475,-0.029990555315161385
AU12_r,ND_CD_ED,CD,ED,0.020152236380360983,0.06937677022855951,0.2904752745619333,56.44465509860383,0.9545912734663403,0.07410790893895801,0.15395486328974417,0.1338026269093832
AU12_r,ND_CD_ED,CD,ND,0.23246176207761482,0.052008429318989344,4.469693953874863,45.28208913202286,0.0001516112589056151,1.0380518675435828,0.15395486328974417,-0.07850689878787065
AU12_r,ND_CD_ED,ED,ND,0.21230952569725384,0.05478730494946837,3.875159143036365,35.57203113645696,0.001248034061167469,0.9729647808640269,0.1338026269093832,-0.07850689878787065
AU12_r,ND_CD_MD,CD,MD,0.10560893886924007,0.07630027621313394,1.3841226285241295,58.16946993294763,0.3557635636014631,0.3441120691213221,0.15395486328974417,0.0483459244205041
AU12_r,ND_CD_MD,CD,ND,0.23246176207761482,0.052008429318989344,4.469693953874863,45.28208913202286,0.0001516112589056151,1.0380518675435828,0.15395486328974417,-0.07850689878787065
AU12_r,ND_CD_MD,MD,ND,0.12685282320837477,0.06332649276945815,2.0031556724637505,37.79449400431463,0.12530196527563442,0.5229582111083548,0.0483459244205041,-0.07850689878787065
AU12_r,ND_ED_MD,ED,MD,0.08545670248887909,0.07822086814653915,1.0925051653579745,55.51308874934897,0.5226969257669258,0.279155474018869,0.1338026269093832,0.0483459244205041
AU12_r,ND_ED_MD,ED,ND,0.21230952569725384,0.05478730494946837,3.875159143036365,35.57203113645696,0.001248034061167469,0.9729647808640269,0.1338026269093832,-0.07850689878787065
AU12_r,ND_ED_MD,MD,ND,0.12685282320837477,0.06332649276945815,2.0031556724637505,37.79449400431463,0.12530196527563442,0.5229582111083548,0.0483459244205041,-0.07850689878787065
AU12_r,ND_CD_ED_MD,CD,ED,0.020152236380360983,0.06937677022855951,0.2904752745619333,56.44465509860383,0.9913716898714198,0.07410790893895801,0.15395486328974417,0.1338026269093832
AU12_r,ND_CD_ED_MD,CD,MD,0.10560893886924007,0.07630027621313394,1.3841226285241295,58.16946993294763,0.5142553274752754,0.3441120691213221,0.15395486328974417,0.0483459244205041
AU12_r,ND_CD_ED_MD,CD,ND,0.23246176207761482,0.052008429318989344,4.469693953874863,45.28208913202286,0.00029516627260672834,1.0380518675435828,0.15395486328974417,-0.07850689878787065
AU12_r,ND_CD_ED_MD,ED,MD,0.08545670248887909,0.07822086814653915,1.0925051653579745,55.51308874934897,0.6955474615735012,0.279155474018869,0.1338026269093832,0.0483459244205041
AU12_r,ND_CD_ED_MD,ED,ND,0.21230952569725384,0.05478730494946837,3.875159143036365,35.57203113645696,0.002375187252847799,0.9729647808640269,0.1338026269093832,-0.07850689878787065
AU12_r,ND_CD_ED_MD,MD,ND,0.12685282320837477,0.06332649276945815,2.0031556724637505,37.79449400431463,0.20487625019964673,0.5229582111083548,0.0483459244205041,-0.07850689878787065
AU14_r,ND_CD_MD,CD,MD,-0.25310022683108907,0.10312821951628129,-2.454228609959964,48.72368543563115,0.04589146321488358,-0.6154308909286843,-0.10459718157800417,0.14850304525308491
AU14_r,ND_CD_MD,CD,ND,-0.11405779909394732,0.05915747745804332,-1.9280368939808388,51.639116241948415,0.1410696620140408,-0.41069663319260336,-0.10459718157800417,0.009460617515943154
AU14_r,ND_CD_MD,MD,ND,0.13904242773714176,0.09330225495497467,1.4902365200523842,36.12090206442218,0.3074296952112404,0.40754651193554337,0.14850304525308491,0.009460617515943154
AU14_r,ND_CD_ED_MD,CD,ED,-0.0202566168717086,0.07907978228631414,-0.25615418108218907,54.928687815949615,0.9940373929469931,-0.06582371078948238,-0.10459718157800417,-0.08434056470629557
AU14_r,ND_CD_ED_MD,CD,MD,-0.25310022683108907,0.10312821951628129,-2.454228609959964,48.72368543563115,0.08031118984325114,-0.6154308909286843,-0.10459718157800417,0.14850304525308491
AU14_r,ND_CD_ED_MD,CD,ND,-0.11405779909394732,0.05915747745804332,-1.9280368939808388,51.639116241948415,0.22917475827050005,-0.41069663319260336,-0.10459718157800417,0.009460617515943154
AU14_r,ND_CD_ED_MD,ED,MD,-0.23284360995938047,0.10704819291765291,-2.175128823879316,51.039618160075825,0.1439998544593707,-0.5477101541978563,-0.08434056470629557,0.14850304525308491
AU14_r,ND_CD_ED_MD,ED,ND,-0.09380118222223872,0.0657532743331892,-1.4265629076800552,38.26634493151724,0.49100734740536345,-0.33623636562610487,-0.08434056470629557,0.009460617515943154
AU14_r,ND_CD_ED_MD,MD,ND,0.13904242773714176,0.09330225495497467,1.4902365200523842,36.12090206442218,0.45369934084333974,0.40754651193554337,0.14850304525308491,0.009460617515943154
AU15_r,ND_CD_ED,CD,ED,-0.07939678457265512,0.08720366152300207,-0.9104753537408781,55.28256638332393,0.6360353346676441,-0.23360977686130965,-0.13358934872333167,-0.054192564150676546
AU15_r,ND_CD_ED,CD,ND,-0.1899218555196271,0.06307491494595531,-3.0110521065681732,44.400697446996844,0.011699817172093563,-0.7095253240447661,-0.13358934872333167,0.05633250679629544
AU15_r,ND_CD_ED,ED,ND,-0.11052507094697198,0.06977620216684696,-1.5839937903568817,33.95350026486,0.26622732218406275,-0.4163108337497937,-0.054192564150676546,0.05633250679629544
AU15_r,ND_CD_MD,CD,MD,-0.09525213250773457,0.08471228126251792,-1.1244194004474313,61.4258121848637,0.5028544536936667,-0.2781192917949688,-0.13358934872333167,-0.038337216215597096
AU15_r,ND_CD_MD,CD,ND,-0.1899218555196271,0.06307491494595531,-3.0110521065681732,44.400697446996844,0.011699817172093563,-0.7095253240447661,-0.13358934872333167,0.05633250679629544
AU15_r,ND_CD_MD,MD,ND,-0.09466972301189253,0.06663640448366293,-1.4206907432273368,40.2010710966766,0.34003261956280895,-0.3505928456509304,-0.038337216215597096,0.05633250679629544
AU15_r,ND_CD_ED_MD,CD,ED,-0.07939678457265512,0.08720366152300207,-0.9104753537408781,55.28256638332393,0.799338646698541,-0.23360977686130965,-0.13358934872333167,-0.054192564150676546
AU15_r,ND_CD_ED_MD,CD,MD,-0.09525213250773457,0.08471228126251792,-1.1244194004474313,61.4258121848637,0.6759915858351309,-0.2781192917949688,-0.13358934872333167,-0.038337216215597096
AU15_r,ND_CD_ED_MD,CD,ND,-0.1899218555196271,0.06307491494595531,-3.0110521065681732,44.400697446996844,0.021483832133656455,-0.7095253240447661,-0.13358934872333167,0.05633250679629544
AU15_r,ND_CD_ED_MD,ED,MD,-0.01585534793507945,0.08981338480476697,-0.17653658159688806,55.14056463940416,0.9980216519198398,-0.04579502223360244,-0.054192564150676546,-0.038337216215597096
AU15_r,ND_CD_ED_MD,ED,ND,-0.11052507094697198,0.06977620216684696,-1.5839937903568817,33.95350026486,0.4009753353887986,-0.4163108337497937,-0.054192564150676546,0.05633250679629544
AU15_r,ND_CD_ED_MD,MD,ND,-0.09466972301189253,0.06663640448366293,-1.4206907432273368,40.2010710966766,0.4941633553418011,-0.3505928456509304,-0.038337216215597096,0.05633250679629544
AU17_r,ND_CD_ED,CD,ED,-0.13940953315454682,0.0765451862497599,-1.821271068564212,57.96781664730992,0.17167526007825995,-0.4580852386723159,-0.20950030004109185,-0.07009076688654503
AU17_r,ND_CD_ED,CD,ND,-0.26653121191491586,0.062129677007471046,-4.289917874236908,46.82379906173457,0.0002579665239849094,-0.9729810148951524,-0.20950030004109185,0.05703091187382399
AU17_r,ND_CD_ED,ED,ND,-0.127121678760369,0.05823480349145096,-2.182915904902656,40.386688148879244,0.08635643998174025,-0.4936439615329558,-0.07009076688654503,0.05703091187382399
AU17_r,ND_CD_MD,CD,MD,-0.2423981834280599,0.0972882052039918,-2.4915474894392866,54.750488232390325,0.04113682488363524,-0.6215814283244853,-0.20950030004109185,0.03289788338696806
AU17_r,ND_CD_MD,CD,ND,-0.26653121191491586,0.062129677007471046,-4.289917874236908,46.82379906173457,0.0002579665239849094,-0.9729810148951524,-0.20950030004109185,0.05703091187382399
AU17_r,ND_CD_MD,MD,ND,-0.02413302848685593,0.08364879958189175,-0.2885041818589377,36.844826359740004,0.9552099151341984,-0.07726350552800902,0.03289788338696806,0.05703091187382399
AU17_r,ND_CD_ED_MD,CD,ED,-0.13940953315454682,0.0765451862497599,-1.821271068564212,57.96781664730992,0.27393985736477167,-0.4580852386723159,-0.20950030004109185,-0.07009076688654503
AU17_r,ND_CD_ED_MD,CD,MD,-0.2423981834280599,0.0972882052039918,-2.4915474894392866,54.750488232390325,0.07248005949225778,-0.6215814283244853,-0.20950030004109185,0.03289788338696806
AU17_r,ND_CD_ED_MD,CD,ND,-0.26653121191491586,0.062129677007471046,-4.289917874236908,46.82379906173457,0.0005007177999641899,-0.9729810148951524,-0.20950030004109185,0.05703091187382399
AU17_r,ND_CD_ED_MD,ED,MD,-0.10298865027351309,0.09484824955922617,-1.0858255239513281,50.4935122744216,0.6997054570394623,-0.2730835562008878,-0.07009076688654503,0.03289788338696806
AU17_r,ND_CD_ED_MD,ED,ND,-0.127121678760369,0.05823480349145096,-2.182915904902656,40.386688148879244,0.14533306817696712,-0.4936439615329558,-0.07009076688654503,0.05703091187382399
AU17_r,ND_CD_ED_MD,MD,ND,-0.02413302848685593,0.08364879958189175,-0.2885041818589377,36.844826359740004,0.9914914848297924,-0.07726350552800902,0.03289788338696806,0.05703091187382399
AU20_r,ND_CD_ED,CD,ED,-0.09371388265584696,0.05929651153838082,-1.5804282617062357,55.59750434938645,0.26251636139672596,-0.40493216808187055,-0.10987289021253768,-0.01615900755669072
AU20_r,ND_CD_ED,CD,ND,-0.13322427113943874,0.045270586916111494,-2.942843912898888,52.407132089881856,0.013198325301520875,-0.6214075880358935,-0.10987289021253768,0.02335138092690107
AU20_r,ND_CD_ED,ED,ND,-0.03951038848359179,0.04911903173304646,-0.8043804425609202,39.54770790288628,0.702538210077918,-0.18477044864405825,-0.01615900755669072,0.02335138092690107
AU20_r,ND_CD_MD,CD,MD,-0.16918278302302664,0.07889803491667063,-2.1443218858582678,48.5617691312626,0.09149858789985088,-0.5377888476867454,-0.10987289021253768,0.05930989281048894
AU20_r,ND_CD_MD,CD,ND,-0.13322427113943874,0.045270586916111494,-2.942843912898888,52.407132089881856,0.013198325301520875,-0.6214075880358935,-0.10987289021253768,0.02335138092690107
AU20_r,ND_CD_MD,MD,ND,0.03595851188358787,0.07156467642267987,0.5024617406387392,36.290773687371605,0.870589482030022,0.1367206465537338,0.05930989281048894,0.02335138092690107
AU20_r,ND_CD_ED_MD,CD,ED,-0.09371388265584696,0.05929651153838082,-1.5804282617062357,55.59750434938645,0.39795982365057225,-0.40493216808187055,-0.10987289021253768,-0.01615900755669072
AU20_r,ND_CD_ED_MD,CD,MD,-0.16918278302302664,0.07889803491667063,-2.1443218858582678,48.5617691312626,0.1537646482277233,-0.5377888476867454,-0.10987289021253768,0.05930989281048894
AU20_r,ND_CD_ED_MD,CD,ND,-0.13322427113943874,0.045270586916111494,-2.942843912898888,52.407132089881856,0.0242190587416109,-0.6214075880358935,-0.10987289021253768,0.02335138092690107
AU20_r,ND_CD_ED_MD,ED,MD,-0.07546890036717967,0.08116743899110651,-0.9297927999853336,50.178612224386484,0.7890477006150858,-0.23368164084132098,-0.01615900755669072,0.05930989281048894
AU20_r,ND_CD_ED_MD,ED,ND,-0.03951038848359179,0.04911903173304646,-0.8043804425609202,39.54770790288628,0.8519663127864643,-0.18477044864405825,-0.01615900755669072,0.02335138092690107
AU20_r,ND_CD_ED_MD,MD,ND,0.03595851188358787,0.07156467642267987,0.5024617406387392,36.290773687371605,0.957972111000673,0.1367206465537338,0.05930989281048894,0.02335138092690107
AU23_r,ND_CD_ED,CD,ED,-0.12852785408480843,0.06906984047148211,-1.860839017543057,54.09225532029579,0.15999073889710203,-0.47977579091250816,-0.017510801891489416,0.11101705219331903
AU23_r,ND_CD_ED,CD,ND,0.036382693897304204,0.04957399083321809,0.7339068992792329,47.67532723407271,0.7446947837086345,0.1644298561016107,-0.017510801891489416,-0.05389349578879362
AU23_r,ND_CD_ED,ED,ND,0.16491054798211266,0.056916039499535324,2.8974354054178177,35.11695942380204,0.01727173080365141,0.7363878181731346,0.11101705219331903,-0.05389349578879362
AU23_r,ND_CD_MD,CD,MD,-0.17139409870604094,0.07355280307931435,-2.3302184489314595,57.03285791544992,0.05963449045715463,-0.58004329795048,-0.017510801891489416,0.15388329681455154
AU23_r,ND_CD_MD,CD,ND,0.036382693897304204,0.04957399083321809,0.7339068992792329,47.67532723407271,0.7446947837086345,0.1644298561016107,-0.017510801891489416,-0.05389349578879362
AU23_r,ND_CD_MD,MD,ND,0.20777679260334517,0.06228007330102519,3.336168080584532,38.45247921617966,0.005256490607354669,0.856725913956465,0.15388329681455154,-0.05389349578879362
AU23_r,ND_ED_MD,ED,MD,-0.04286624462123251,0.07868843514777166,-0.5447591446027938,55.94302590062159,0.8495636078633343,-0.13978516756959117,0.11101705219331903,0.15388329681455154
AU23_r,ND_ED_MD,ED,ND,0.16491054798211266,0.056916039499535324,2.8974354054178177,35.11695942380204,0.01727173080365141,0.7363878181731346,0.11101705219331903,-0.05389349578879362
AU23_r,ND_ED_MD,MD,ND,0.20777679260334517,0.06228007330102519,3.336168080584532,38.45247921617966,0.005256490607354669,0.856725913956465,0.15388329681455154,-0.05389349578879362
AU23_r,ND_CD_ED_MD,CD,ED,-0.12852785408480843,0.06906984047148211,-1.860839017543057,54.09225532029579,0.2569564511512974,-0.47977579091250816,-0.017510801891489416,0.11101705219331903
AU23_r,ND_CD_ED_MD,CD,MD,-0.17139409870604094,0.07355280307931435,-2.3302184489314595,57.03285791544992,0.10314589347803715,-0.58004329795048,-0.017510801891489416,0.15388329681455154
AU23_r,ND_CD_ED_MD,CD,ND,0.036382693897304204,0.04957399083321809,0.7339068992792329,47.67532723407271,0.8829644332934505,0.1644298561016107,-0.017510801891489416,-0.05389349578879362
AU23_r,ND_CD_ED_MD,ED,MD,-0.04286624462123251,0.07868843514777166,-0.5447591446027938,55.94302590062159,0.9475785453157912,-0.13978516756959117,0.11101705219331903,0.15388329681455154
AU23_r,ND_CD_ED_MD,ED,ND,0.16491054798211266,0.056916039499535324,2.8974354054178177,35.11695942380204,0.03122133172038455,0.7363878181731346,0.11101705219331903,-0.05389349578879362
AU23_r,ND_CD_ED_MD,MD,ND,0.20777679260334517,0.06228007330102519,3.336168080584532,38.45247921617966,0.009803187070667185,0.856725913956465,0.15388329681455154,-0.05389349578879362
AU25_r,ND_CD_ED,CD,ED,0.031205913228998183,0.06385493801116508,0.48870007866175996,57.7560297899276,0.876949871219457,0.12342260591655795,0.5100624802365911,0.4788565670075929
AU25_r,ND_CD_ED,CD,ND,0.7599395671116337,0.05314513631571644,14.299324826209904,54.747343933435964,0.0,2.9451034918794514,0.5100624802365911,-0.24987708687504265
AU25_r,ND_CD_ED,ED,ND,0.7287336538826356,0.05163512410519922,14.113138421008621,46.38736594708765,0.0,2.913692865907997,0.4788565670075929,-0.24987708687504265
AU25_r,ND_CD_MD,CD,MD,0.41994398039945935,0.08880520710831666,4.728821586860883,49.78125485046226,5.567665917804998e-05,1.1847861022186794,0.5100624802365911,0.09011849983713174
AU25_r,ND_CD_MD,CD,ND,0.7599395671116337,0.05314513631571644,14.299324826209904,54.747343933435964,0.0,2.9451034918794514,0.5100624802365911,-0.24987708687504265
AU25_r,ND_CD_MD,MD,ND,0.3399955867121744,0.08046799203721071,4.225227672575087,37.611211571873284,0.0004206607782479832,1.108327339122715,0.09011849983713174,-0.24987708687504265
AU25_r,ND_ED_MD,ED,MD,0.3887380671704611,0.08790987053166589,4.422007049031364,47.517337356150016,0.00016518846846980129,1.1054182495691152,0.4788565670075929,0.09011849983713174
AU25_r,ND_ED_MD,ED,ND,0.7287336538826356,0.05163512410519922,14.113138421008621,46.38736594708765,0.0,2.913692865907997,0.4788565670075929,-0.24987708687504265
AU25_r,ND_ED_MD,MD,ND,0.3399955867121744,0.08046799203721071,4.225227672575087,37.611211571873284,0.0004206607782479832,1.108327339122715,0.09011849983713174,-0.24987708687504265
AU25_r,ND_CD_ED_MD,CD,ED,0.031205913228998183,0.06385493801116508,0.48870007866175996,57.7560297899276,0.961311645282022,0.12342260591655795,0.5100624802365911,0.4788565670075929
AU25_r,ND_CD_ED_MD,CD,MD,0.41994398039945935,0.08880520710831666,4.728821586860883,49.78125485046226,0.00010911566290072727,1.1847861022186794,0.5100624802365911,0.09011849983713174
AU25_r,ND_CD_ED_MD,CD,ND,0.7599395671116337,0.05314513631571644,14.299324826209904,54.747343933435964,0.0,2.9451034918794514,0.5100624802365911,-0.24987708687504265
AU25_r,ND_CD_ED_MD,ED,MD,0.3887380671704611,0.08790987053166589,4.422007049031364,47.517337356150016,0.00032165917581084,1.1054182495691152,0.4788565670075929,0.09011849983713174
AU25_r,ND_CD_ED_MD,ED,ND,0.7287336538826356,0.05163512410519922,14.113138421008621,46.38736594708765,0.0,2.913692865907997,0.4788565670075929,-0.24987708687504265
AU25_r,ND_CD_ED_MD,MD,ND,0.3399955867121744,0.08046799203721071,4.225227672575087,37.611211571873284,0.0008103043916863895,1.108327339122715,0.09011849983713174,-0.24987708687504265
AU26_r,ND_CD_ED,CD,ED,-0.004265193968336356,0.07751675873679983,-0.05502286264081787,56.823547464269986,0.9983322955206891,-0.01400641717009785,0.33609209138468116,0.3403572853530175
AU26_r,ND_CD_ED,CD,ND,0.500893906294341,0.06076389512689914,8.243281725904431,50.98602384828952,1.8183976546737313e-10,1.7694540007337043,0.33609209138468116,-0.16480181490965992
AU26_r,ND_CD_ED,ED,ND,0.5051591002626774,0.06269453979074076,8.057465641326607,40.39116348448619,1.8386021594096746e-09,1.8219651667023746,0.3403572853530175,-0.16480181490965992
AU26_r,ND_CD_MD,CD,MD,0.295338472142561,0.10206245152176574,2.893703489765552,50.44734534773356,0.01522932509337449,0.7246055621645886,0.33609209138468116,0.04075361924212019
AU26_r,ND_CD_MD,CD,ND,0.500893906294341,0.06076389512689914,8.243281725904431,50.98602384828952,1.8183976546737313e-10,1.7694540007337043,0.33609209138468116,-0.16480181490965992
AU26_r,ND_CD_MD,MD,ND,0.20555543415178013,0.09131539544428599,2.2510490498526625,36.633272756331486,0.07594202409275563,0.6064620451311121,0.04075361924212019,-0.16480181490965992
AU26_r,ND_ED_MD,ED,MD,0.29960366611089734,0.10322353597514843,2.9024743560715494,50.10096802621368,0.014914470754667786,0.7293473921468945,0.3403572853530175,0.04075361924212019
AU26_r,ND_ED_MD,ED,ND,0.5051591002626774,0.06269453979074076,8.057465641326607,40.39116348448619,1.8386021594096746e-09,1.8219651667023746,0.3403572853530175,-0.16480181490965992
AU26_r,ND_ED_MD,MD,ND,0.20555543415178013,0.09131539544428599,2.2510490498526625,36.633272756331486,0.07594202409275563,0.6064620451311121,0.04075361924212019,-0.16480181490965992
AU26_r,ND_CD_ED_MD,CD,ED,-0.004265193968336356,0.07751675873679983,-0.05502286264081787,56.823547464269986,0.9999394545531606,-0.01400641717009785,0.33609209138468116,0.3403572853530175
AU26_r,ND_CD_ED_MD,CD,MD,0.295338472142561,0.10206245152176574,2.893703489765552,50.44734534773356,0.027815246132340876,0.7246055621645886,0.33609209138468116,0.04075361924212019
AU26_r,ND_CD_ED_MD,CD,ND,0.500893906294341,0.06076389512689914,8.243281725904431,50.98602384828952,3.628115585740943e-10,1.7694540007337043,0.33609209138468116,-0.16480181490965992
AU26_r,ND_CD_ED_MD,ED,MD,0.29960366611089734,0.10322353597514843,2.9024743560715494,50.10096802621368,0.02725422048834003,0.7293473921468945,0.3403572853530175,0.04075361924212019
AU26_r,ND_CD_ED_MD,ED,ND,0.5051591002626774,0.06269453979074076,8.057465641326607,40.39116348448619,3.659101355246719e-09,1.8219651667023746,0.3403572853530175,-0.16480181490965992
AU26_r,ND_CD_ED_MD,MD,ND,0.20555543415178013,0.09131539544428599,2.2510490498526625,36.633272756331486,0.12867415489555456,0.6064620451311121,0.04075361924212019,-0.16480181490965992
AU45_r,ND_CD_ED,CD,ED,-0.02957116861240891,0.056362365609351185,-0.5246615945357465,52.95250643690428,0.8596408175900205,-0.13583559777094198,0.06434033830165645,0.09391150691406536
AU45_r,ND_CD_ED,CD,ND,0.18980732819413937,0.04164334269211802,4.557927292183123,57.34091373762485,8.093362376515589e-05,0.9155621101650845,0.06434033830165645,-0.12546698989248292
AU45_r,ND_CD_ED,ED,ND,0.21937849680654828,0.048796141056303415,4.495816514535821,39.640029788088,0.0001712815287577829,1.0308907692240734,0.09391150691406536,-0.12546698989248292
AU45_r,ND_CD_MD,CD,MD,-0.3286059131106849,0.07115726060990869,-4.6180236604685465,48.287179510111045,8.47227024375341e-05,-1.1584450695200443,0.06434033830165645,0.3929462514123413
AU45_r,ND_CD_MD,CD,ND,0.18980732819413937,0.04164334269211802,4.557927292183123,57.34091373762485,8.093362376515589e-05,0.9155621101650845,0.06434033830165645,-0.12546698989248292
AU45_r,ND_CD_MD,MD,ND,0.5184132413048242,0.0653276577141026,7.935585928606038,37.67853879571778,4.380948936955065e-09,2.0779464978966473,0.3929462514123413,-0.12546698989248292
AU45_r,ND_ED_MD,ED,MD,-0.29903474449827594,0.07556620361590188,-3.9572550980362884,52.46355634146221,0.0006609660660192862,-0.9999127993881823,0.09391150691406536,0.3929462514123413
AU45_r,ND_ED_MD,ED,ND,0.21937849680654828,0.048796141056303415,4.495816514535821,39.640029788088,0.0001712815287577829,1.0308907692240734,0.09391150691406536,-0.12546698989248292
AU45_r,ND_ED_MD,MD,ND,0.5184132413048242,0.0653276577141026,7.935585928606038,37.67853879571778,4.380948936955065e-09,2.0779464978966473,0.3929462514123413,-0.12546698989248292
AU45_r,ND_CD_ED_MD,CD,ED,-0.02957116861240891,0.056362365609351185,-0.5246615945357465,52.95250643690428,0.9527599836859324,-0.13583559777094198,0.06434033830165645,0.09391150691406536
AU45_r,ND_CD_ED_MD,CD,MD,-0.3286059131106849,0.07115726060990869,-4.6180236604685465,48.287179510111045,0.00016563717484374685,-1.1584450695200443,0.06434033830165645,0.3929462514123413
AU45_r,ND_CD_ED_MD,CD,ND,0.18980732819413937,0.04164334269211802,4.557927292183123,57.34091373762485,0.00015859837608056537,0.9155621101650845,0.06434033830165645,-0.12546698989248292
AU45_r,ND_CD_ED_MD,ED,MD,-0.29903474449827594,0.07556620361590188,-3.9572550980362884,52.46355634146221,0.0012751489198512544,-0.9999127993881823,0.09391150691406536,0.3929462514123413
AU45_r,ND_CD_ED_MD,ED,ND,0.21937849680654828,0.048796141056303415,4.495816514535821,39.640029788088,0.0003324662829942149,1.0308907692240734,0.09391150691406536,-0.12546698989248292
AU45_r,ND_CD_ED_MD,MD,ND,0.5184132413048242,0.0653276577141026,7.935585928606038,37.67853879571778,8.707826126830298e-09,2.0779464978966473,0.3929462514123413,-0.12546698989248292
pose_Tx,ND_CD_ED,CD,ED,-0.12722984096949413,0.0713263454692806,-1.7837706408817833,54.43245462224356,0.18458230890740146,-0.45929843670651943,0.07928306217153644,0.20651290314103057
pose_Tx,ND_CD_ED,CD,ND,0.11635848186661815,0.05279391115960492,2.204013290753299,51.76655470650675,0.07994424316889148,0.46879289597786455,0.07928306217153644,-0.03707541969508172
pose_Tx,ND_CD_ED,ED,ND,0.2435883228361123,0.059635187974569646,4.0846408154190135,37.84585866261405,0.0006330354115889891,0.9714345959111236,0.20651290314103057,-0.03707541969508172
pose_Tx,ND_CD_MD,CD,MD,0.18936962223960696,0.08797824117640053,2.1524597412661604,50.60216070517448,0.08952430099109598,0.5389230735278625,0.07928306217153644,-0.11008656006807052
pose_Tx,ND_CD_MD,CD,ND,0.11635848186661815,0.05279391115960492,2.204013290753299,51.76655470650675,0.07994424316889148,0.46879289597786455,0.07928306217153644,-0.03707541969508172
pose_Tx,ND_CD_MD,MD,ND,-0.07301114037298881,0.07879770940358602,-0.9265642481945818,36.97584043734812,0.6271815116675992,-0.247237734950715,-0.11008656006807052,-0.03707541969508172
pose_Tx,ND_ED_MD,ED,MD,0.3165994632091011,0.09224602706744013,3.4321203121044817,52.92769784467052,0.003302085527772669,0.86830467854323,0.20651290314103057,-0.11008656006807052
pose_Tx,ND_ED_MD,ED,ND,0.2435883228361123,0.059635187974569646,4.0846408154190135,37.84585866261405,0.0006330354115889891,0.9714345959111236,0.20651290314103057,-0.03707541969508172
pose_Tx,ND_ED_MD,MD,ND,-0.07301114037298881,0.07879770940358602,-0.9265642481945818,36.97584043734812,0.6271815116675992,-0.247237734950715,-0.11008656006807052,-0.03707541969508172
pose_Tx,ND_CD_ED_MD,CD,ED,-0.12722984096949413,0.0713263454692806,-1.7837706408817833,54.43245462224356,0.2921261247582255,-0.45929843670651943,0.07928306217153644,0.20651290314103057
pose_Tx,ND_CD_ED_MD,CD,MD,0.18936962223960696,0.08797824117640053,2.1524597412661604,50.60216070517448,0.15075188369629755,0.5389230735278625,0.07928306217153644,-0.11008656006807052
pose_Tx,ND_CD_ED_MD,CD,ND,0.11635848186661815,0.05279391115960492,2.204013290753299,51.76655470650675,0.13568678632917297,0.46879289597786455,0.07928306217153644,-0.03707541969508172
pose_Tx,ND_CD_ED_MD,ED,MD,0.3165994632091011,0.09224602706744013,3.4321203121044817,52.92769784467052,0.006243977042112991,0.86830467854323,0.20651290314103057,-0.11008656006807052
pose_Tx,ND_CD_ED_MD,ED,ND,0.2435883228361123,0.059635187974569646,4.0846408154190135,37.84585866261405,0.0012150842967542097,0.9714345959111236,0.20651290314103057,-0.03707541969508172
pose_Tx,ND_CD_ED_MD,MD,ND,-0.07301114037298881,0.07879770940358602,-0.9265642481945818,36.97584043734812,0.7908489554800396,-0.247237734950715,-0.11008656006807052,-0.03707541969508172
pose_Ty,ND_CD_MD,CD,MD,-0.3489766288207507,0.10544791729139347,-3.309469146331198,54.67864747016653,0.004652407285574145,-0.8256878120759914,0.020479217648701965,0.3694558464694527
pose_Ty,ND_CD_MD,CD,ND,0.09873384385937856,0.06823192677022356,1.4470329145456,49.356110593769856,0.3251329951915525,0.31695327667812423,0.020479217648701965,-0.0782546262106766
pose_Ty,ND_CD_MD,MD,ND,0.44771047268012926,0.0914524966539036,4.895552216299378,37.97285911910593,5.38297524756981e-05,1.272255829356254,0.3694558464694527,-0.0782546262106766
pose_Ty,ND_ED_MD,ED,MD,-0.442040988391143,0.10574495515561749,-4.180256048533209,52.57552475893655,0.00032113844007353176,-1.0565710638871058,-0.07258514192169031,0.3694558464694527
pose_Ty,ND_ED_MD,ED,ND,0.005669484288986282,0.06869008742568426,0.08253715348841405,40.02573966895654,0.9962515891556194,0.018788917491011137,-0.07258514192169031,-0.0782546262106766
pose_Ty,ND_ED_MD,MD,ND,0.44771047268012926,0.0914524966539036,4.895552216299378,37.97285911910593,5.38297524756981e-05,1.272255829356254,0.3694558464694527,-0.0782546262106766
pose_Ty,ND_CD_ED_MD,CD,ED,0.09306435957039227,0.08645248537438618,1.0764798625207024,57.27581256034435,0.7051444441603729,0.2731590880989918,0.020479217648701965,-0.07258514192169031
pose_Ty,ND_CD_ED_MD,CD,MD,-0.3489766288207507,0.10544791729139347,-3.309469146331198,54.67864747016653,0.008748858320582698,-0.8256878120759914,0.020479217648701965,0.3694558464694527
pose_Ty,ND_CD_ED_MD,CD,ND,0.09873384385937856,0.06823192677022356,1.4470329145456,49.356110593769856,0.47679294825280893,0.31695327667812423,0.020479217648701965,-0.0782546262106766
pose_Ty,ND_CD_ED_MD,ED,MD,-0.442040988391143,0.10574495515561749,-4.180256048533209,52.57552475893655,0.000623357295378546,-1.0565710638871058,-0.07258514192169031,0.3694558464694527
pose_Ty,ND_CD_ED_MD,ED,ND,0.005669484288986282,0.06869008742568426,0.08253715348841405,40.02573966895654,0.9997948525096985,0.018788917491011137,-0.07258514192169031,-0.0782546262106766
pose_Ty,ND_CD_ED_MD,MD,ND,0.44771047268012926,0.0914524966539036,4.895552216299378,37.97285911910593,0.00010507587056263201,1.272255829356254,0.3694558464694527,-0.0782546262106766
pose_Tz,ND_CD_MD,CD,MD,-0.397305396854892,0.07503537938011401,-5.294907550773129,60.83962646974768,5.129397969483307e-06,-1.311398259638212,-0.10200345726184529,0.29530193959304674
pose_Tz,ND_CD_MD,CD,ND,-0.07601291296510365,0.056096051157695025,-1.355049266327484,48.914055322813844,0.37222533452320994,-0.2985208987151657,-0.10200345726184529,-0.02599054429674164
pose_Tz,ND_CD_MD,MD,ND,0.32129248388978837,0.06117439343604875,5.252074697326833,42.77452348016955,1.3183482795220414e-05,1.2327465272302935,0.29530193959304674,-0.02599054429674164
pose_Tz,ND_ED_MD,ED,MD,-0.348054687106936,0.07611495065932848,-4.572750610648647,55.999423479756565,7.941331667271623e-05,-1.1756877386705402,-0.05275274751388926,0.29530193959304674
pose_Tz,ND_ED_MD,ED,ND,-0.02676220321714762,0.057532117209790824,-0.4651697958474093,39.021232818003476,0.887915736250553,-0.10795742110083119,-0.05275274751388926,-0.02599054429674164
pose_Tz,ND_ED_MD,MD,ND,0.32129248388978837,0.06117439343604875,5.252074697326833,42.77452348016955,1.3183482795220414e-05,1.2327465272302935,0.29530193959304674,-0.02599054429674164
pose_Tz,ND_CD_ED_MD,CD,ED,-0.04925070974795603,0.0720967839580259,-0.6831193715468549,56.95326900385135,0.9031037785741493,-0.173746497336552,-0.10200345726184529,-0.05275274751388926
pose_Tz,ND_CD_ED_MD,CD,MD,-0.397305396854892,0.07503537938011401,-5.294907550773129,60.83962646974768,1.0152415612862953e-05,-1.311398259638212,-0.10200345726184529,0.29530193959304674
pose_Tz,ND_CD_ED_MD,CD,ND,-0.07601291296510365,0.056096051157695025,-1.355049266327484,48.914055322813844,0.5331134506473187,-0.2985208987151657,-0.10200345726184529,-0.02599054429674164
pose_Tz,ND_CD_ED_MD,ED,MD,-0.348054687106936,0.07611495065932848,-4.572750610648647,55.999423479756565,0.0001555929247664123,-1.1756877386705402,-0.05275274751388926,0.29530193959304674
pose_Tz,ND_CD_ED_MD,ED,ND,-0.02676220321714762,0.057532117209790824,-0.4651697958474093,39.021232818003476,0.9662054731336055,-0.10795742110083119,-0.05275274751388926,-0.02599054429674164
pose_Tz,ND_CD_ED_MD,MD,ND,0.32129248388978837,0.06117439343604875,5.252074697326833,42.77452348016955,2.5926759276373446e-05,1.2327465272302935,0.29530193959304674,-0.02599054429674164
pose_Rx,ND_CD_ED,CD,ED,0.011604534847834747,0.07171661341830513,0.16181097091336966,51.61241757952411,0.9856731556202184,0.042082710305145696,-0.14980926142197046,-0.1614137962698052
pose_Rx,ND_CD_ED,CD,ND,-0.16566298427667625,0.05371137812283072,-3.0843182593048946,65.37067940069149,0.008293408095792265,-0.5808223348059923,-0.14980926142197046,0.015853722854705803
pose_Rx,ND_CD_ED,ED,ND,-0.177267519124511,0.06444009338302713,-2.7508886132558192,42.560345861775254,0.023164489840114766,-0.5996347602306837,-0.1614137962698052,0.015853722854705803
pose_Rx,ND_CD_MD,CD,MD,-0.3934948821883012,0.10897609726859234,-3.6108366151015496,41.365713269070774,0.0023114179354742914,-0.9109756790534022,-0.14980926142197046,0.24368562076633074
pose_Rx,ND_CD_MD,CD,ND,-0.16566298427667625,0.05371137812283072,-3.0843182593048946,65.37067940069149,0.008293408095792265,-0.5808223348059923,-0.14980926142197046,0.015853722854705803
pose_Rx,ND_CD_MD,MD,ND,0.22783189791162495,0.10433140836256516,2.1837326025531985,35.88180327223696,0.08773987844956155,0.6015421490781492,0.24368562076633074,0.015853722854705803
pose_Rx,ND_ED_MD,ED,MD,-0.40509941703613594,0.11464468269943118,-3.533521202184337,46.849882012934245,0.0026413100849480564,-0.8821973306743225,-0.1614137962698052,0.24368562076633074
pose_Rx,ND_ED_MD,ED,ND,-0.177267519124511,0.06444009338302713,-2.7508886132558192,42.560345861775254,0.023164489840114766,-0.5996347602306837,-0.1614137962698052,0.015853722854705803
pose_Rx,ND_ED_MD,MD,ND,0.22783189791162495,0.10433140836256516,2.1837326025531985,35.88180327223696,0.08773987844956155,0.6015421490781492,0.24368562076633074,0.015853722854705803
pose_Rx,ND_CD_ED_MD,CD,ED,0.011604534847834747,0.07171661341830513,0.16181097091336966,51.61241757952411,0.9984722450150235,0.042082710305145696,-0.14980926142197046,-0.1614137962698052
pose_Rx,ND_CD_ED_MD,CD,MD,-0.3934948821883012,0.10897609726859234,-3.6108366151015496,41.365713269070774,0.004376980577428191,-0.9109756790534022,-0.14980926142197046,0.24368562076633074
pose_Rx,ND_CD_ED_MD,CD,ND,-0.16566298427667625,0.05371137812283072,-3.0843182593048946,65.37067940069149,0.015444407725943465,-0.5808223348059923,-0.14980926142197046,0.015853722854705803
pose_Rx,ND_CD_ED_MD,ED,MD,-0.40509941703613594,0.11464468269943118,-3.533521202184337,46.849882012934245,0.00500271601786062,-0.8821973306743225,-0.1614137962698052,0.24368562076633074
pose_Rx,ND_CD_ED_MD,ED,ND,-0.177267519124511,0.06444009338302713,-2.7508886132558192,42.560345861775254,0.041622190735838616,-0.5996347602306837,-0.1614137962698052,0.015853722854705803
pose_Rx,ND_CD_ED_MD,MD,ND,0.22783189791162495,0.10433140836256516,2.1837326025531985,35.88180327223696,0.14722427741212896,0.6015421490781492,0.24368562076633074,0.015853722854705803
pose_Ry,ND_CD_MD,CD,MD,-0.3030770968882325,0.10641302942753021,-2.848120183390091,44.66989412359162,0.01784559885643211,-0.7165734813248539,-0.06571920768384856,0.2373578892043839
pose_Ry,ND_CD_MD,CD,ND,-0.03903756445593287,0.05646621234335997,-0.6913437759655827,57.58173121099126,0.7694773708492675,-0.13856664071698083,-0.06571920768384856,-0.026681643227915695
pose_Ry,ND_CD_MD,MD,ND,0.2640395324322996,0.09936108367622454,2.6573737187961033,35.95620732664864,0.030623208748684516,0.7303531395286541,0.2373578892043839,-0.026681643227915695
pose_Ry,ND_ED_MD,ED,MD,-0.28833152566553755,0.1125504382606404,-2.561798337895668,49.856213112650174,0.03537084968962645,-0.6434058122413909,-0.050973636461153674,0.2373578892043839
pose_Ry,ND_ED_MD,ED,ND,-0.02429199323323798,0.06732236966360614,-0.36083092966898356,39.15515836655579,0.9308746976140632,-0.08352025114146738,-0.050973636461153674,-0.026681643227915695
pose_Ry,ND_ED_MD,MD,ND,0.2640395324322996,0.09936108367622454,2.6573737187961033,35.95620732664864,0.030623208748684516,0.7303531395286541,0.2373578892043839,-0.026681643227915695
pose_Ry,ND_CD_ED_MD,CD,ED,-0.01474557122269489,0.07735250053976246,-0.19062824239424608,52.30978440456739,0.9975124633609197,-0.049462888892210226,-0.06571920768384856,-0.050973636461153674
pose_Ry,ND_CD_ED_MD,CD,MD,-0.3030770968882325,0.10641302942753021,-2.848120183390091,44.66989412359162,0.03237323905376033,-0.7165734813248539,-0.06571920768384856,0.2373578892043839
pose_Ry,ND_CD_ED_MD,CD,ND,-0.03903756445593287,0.05646621234335997,-0.6913437759655827,57.58173121099126,0.8999929492782889,-0.13856664071698083,-0.06571920768384856,-0.026681643227915695
pose_Ry,ND_CD_ED_MD,ED,MD,-0.28833152566553755,0.1125504382606404,-2.561798337895668,49.856213112650174,0.06266574228743071,-0.6434058122413909,-0.050973636461153674,0.2373578892043839
pose_Ry,ND_CD_ED_MD,ED,ND,-0.02429199323323798,0.06732236966360614,-0.36083092966898356,39.15515836655579,0.9836796264953389,-0.08352025114146738,-0.050973636461153674,-0.026681643227915695
pose_Ry,ND_CD_ED_MD,MD,ND,0.2640395324322996,0.09936108367622454,2.6573737187961033,35.95620732664864,0.05427943486338793,0.7303531395286541,0.2373578892043839,-0.026681643227915695
Speed,ND_CD_ED,CD,ED,0.028640791444208946,0.042010029019813724,0.6817608107507073,38.40292960456499,0.7754550291473385,0.18449618834470538,0.2517177981431744,0.22307700669896546
Speed,ND_CD_ED,CD,ND,0.3603204213255225,0.025804271510037172,13.963595956792172,90.6967538515876,2.609024107869118e-14,2.291333677091676,0.2517177981431744,-0.1086026231823481
Speed,ND_CD_ED,ED,ND,0.33167962988131355,0.0416803144725707,7.957704592166353,38.456199769890105,3.5490568262019906e-09,1.8681771628464874,0.22307700669896546,-0.1086026231823481
Speed,ND_CD_MD,CD,MD,0.2892999140262943,0.061531682273721765,4.701641550109953,36.01037688431313,0.00010826446765443976,1.1918431959733866,0.2517177981431744,-0.037582115883119854
Speed,ND_CD_MD,CD,ND,0.3603204213255225,0.025804271510037172,13.963595956792172,90.6967538515876,2.609024107869118e-14,2.291333677091676,0.2517177981431744,-0.1086026231823481
Speed,ND_CD_MD,MD,ND,0.07102050729922825,0.061307046900996955,1.1584395414432096,35.72297951828547,0.48531682986922375,0.32067823272252877,-0.037582115883119854,-0.1086026231823481
Speed,ND_ED_MD,ED,MD,0.26065912258208535,0.06969602649938456,3.739942370809146,50.02592033885646,0.0013564928984325375,0.9396396120502156,0.22307700669896546,-0.037582115883119854
Speed,ND_ED_MD,ED,ND,0.33167962988131355,0.0416803144725707,7.957704592166353,38.456199769890105,3.5490568262019906e-09,1.8681771628464874,0.22307700669896546,-0.1086026231823481
Speed,ND_ED_MD,MD,ND,0.07102050729922825,0.061307046900996955,1.1584395414432096,35.72297951828547,0.48531682986922375,0.32067823272252877,-0.037582115883119854,-0.1086026231823481
Speed,ND_CD_ED_MD,CD,ED,0.028640791444208946,0.042010029019813724,0.6817608107507073,38.40292960456499,0.9033965064483321,0.18449618834470538,0.2517177981431744,0.22307700669896546
Speed,ND_CD_ED_MD,CD,MD,0.2892999140262943,0.061531682273721765,4.701641550109953,36.01037688431313,0.00021034777732964471,1.1918431959733866,0.2517177981431744,-0.037582115883119854
Speed,ND_CD_ED_MD,CD,ND,0.3603204213255225,0.025804271510037172,13.963595956792172,90.6967538515876,2.0095036745715333e-14,2.291333677091676,0.2517177981431744,-0.1086026231823481
Speed,ND_CD_ED_MD,ED,MD,0.26065912258208535,0.06969602649938456,3.739942370809146,50.02592033885646,0.0025951651442951418,0.9396396120502156,0.22307700669896546,-0.037582115883119854
Speed,ND_CD_ED_MD,ED,ND,0.33167962988131355,0.0416803144725707,7.957704592166353,38.456199769890105,7.056881412559335e-09,1.8681771628464874,0.22307700669896546,-0.1086026231823481
Speed,ND_CD_ED_MD,MD,ND,0.07102050729922825,0.061307046900996955,1.1584395414432096,35.72297951828547,0.6563910247566392,0.32067823272252877,-0.037582115883119854,-0.1086026231823481
Acceleration,ND_CD_MD,CD,MD,0.19672915558650333,0.04503670104390127,4.368196404855097,41.16574793444819,0.0002399505202872465,1.1022370020887458,-0.0038368505917809603,-0.2005660061782843
Acceleration,ND_CD_MD,CD,ND,-0.04491271802757128,0.02168600249155458,-2.071046429375914,62.32907231888726,0.10421967794522091,-0.3988938107430907,-0.0038368505917809603,0.04107586743579032
Acceleration,ND_CD_MD,MD,ND,-0.24164187361407463,0.04297745819792777,-5.62252594141842,35.2246541067023,7.003333630573039e-06,-1.5813608344752939,-0.2005660061782843,0.04107586743579032
Acceleration,ND_ED_MD,ED,MD,0.20791110298913487,0.04739396064155246,4.386869132157941,46.72105918435053,0.00018943594993781065,1.0949842856817762,0.0073450968108505835,-0.2005660061782843
Acceleration,ND_ED_MD,ED,ND,-0.03373077062493974,0.02623291383813468,-1.285818679277079,40.82729829448552,0.41116200551424475,-0.2884954865013838,0.0073450968108505835,0.04107586743579032
Acceleration,ND_ED_MD,MD,ND,-0.24164187361407463,0.04297745819792777,-5.62252594141842,35.2246541067023,7.003333630573039e-06,-1.5813608344752939,-0.2005660061782843,0.04107586743579032
Acceleration,ND_CD_ED_MD,CD,ED,-0.011181947402631544,0.029485730382714067,-0.3792325052659008,51.4771351976838,0.9812213550196485,-0.09867163580810913,-0.0038368505917809603,0.0073450968108505835
Acceleration,ND_CD_ED_MD,CD,MD,0.19672915558650333,0.04503670104390127,4.368196404855097,41.16574793444819,0.0004650102428275238,1.1022370020887458,-0.0038368505917809603,-0.2005660061782843
Acceleration,ND_CD_ED_MD,CD,ND,-0.04491271802757128,0.02168600249155458,-2.071046429375914,62.32907231888726,0.1739533663000118,-0.3988938107430907,-0.0038368505917809603,0.04107586743579032
Acceleration,ND_CD_ED_MD,ED,MD,0.20791110298913487,0.04739396064155246,4.386869132157941,46.72105918435053,0.0003684612119599917,1.0949842856817762,0.0073450968108505835,-0.2005660061782843
Acceleration,ND_CD_ED_MD,ED,ND,-0.03373077062493974,0.02623291383813468,-1.285818679277079,40.82729829448552,0.577030698523294,-0.2884954865013838,0.0073450968108505835,0.04107586743579032
Acceleration,ND_CD_ED_MD,MD,ND,-0.24164187361407463,0.04297745819792777,-5.62252594141842,35.2246541067023,1.3755992035568987e-05,-1.5813608344752939,-0.2005660061782843,0.04107586743579032
Brake,ND_CD_ED,CD,ED,-0.03951236189370915,0.035361769790654425,-1.1173751236894163,47.817157395152,0.5082064235762023,-0.2940170695408827,-0.09285881598159623,-0.05334645408788708
Brake,ND_CD_ED,CD,ND,-0.13457556855265113,0.023565168440036918,-5.710783222071478,57.83995893855823,1.2183067461535302e-06,-1.1419437311145637,-0.09285881598159623,0.04171675257105489
Brake,ND_CD_ED,ED,ND,-0.09506320665894197,0.031621354743487456,-3.0062977196927534,35.85536693232635,0.013021636648691493,-0.7492987968702145,-0.05334645408788708,0.04171675257105489
Brake,ND_CD_MD,CD,MD,-0.08871138940684219,0.055358568996973494,-1.6024870406547562,38.934088252449115,0.2566898861334681,-0.4051423780064155,-0.09285881598159623,-0.004147426574754042
Brake,ND_CD_MD,CD,ND,-0.13457556855265113,0.023565168440036918,-5.710783222071478,57.83995893855823,1.2183067461535302e-06,-1.1419437311145637,-0.09285881598159623,0.04171675257105489
Brake,ND_CD_MD,MD,ND,-0.045864179145808925,0.05304739837615896,-0.8645886612682898,33.49690209992439,0.6659861547292159,-0.2587424374105579,-0.004147426574754042,0.04171675257105489
Brake,ND_ED_MD,ED,MD,-0.04919902751313304,0.05923819775785587,-0.8305287698697504,46.685300815755596,0.6861388027539088,-0.2072902388549861,-0.05334645408788708,-0.004147426574754042
Brake,ND_ED_MD,ED,ND,-0.09506320665894197,0.031621354743487456,-3.0062977196927534,35.85536693232635,0.013021636648691493,-0.7492987968702145,-0.05334645408788708,0.04171675257105489
Brake,ND_ED_MD,MD,ND,-0.045864179145808925,0.05304739837615896,-0.8645886612682898,33.49690209992439,0.6659861547292159,-0.2587424374105579,-0.004147426574754042,0.04171675257105489
Brake,ND_CD_ED_MD,CD,ED,-0.03951236189370915,0.035361769790654425,-1.1173751236894163,47.817157395152,0.6807232312446952,-0.2940170695408827,-0.09285881598159623,-0.05334645408788708
Brake,ND_CD_ED_MD,CD,MD,-0.08871138940684219,0.055358568996973494,-1.6024870406547562,38.934088252449115,0.3891204097188812,-0.4051423780064155,-0.09285881598159623,-0.004147426574754042
Brake,ND_CD_ED_MD,CD,ND,-0.13457556855265113,0.023565168440036918,-5.710783222071478,57.83995893855823,2.4170630984476915e-06,-1.1419437311145637,-0.09285881598159623,0.04171675257105489
Brake,ND_CD_ED_MD,ED,MD,-0.04919902751313304,0.05923819775785587,-0.8305287698697504,46.685300815755596,0.8396944981972327,-0.2072902388549861,-0.05334645408788708,-0.004147426574754042
Brake,ND_CD_ED_MD,ED,ND,-0.09506320665894197,0.031621354743487456,-3.0062977196927534,35.85536693232635,0.023744292717519655,-0.7492987968702145,-0.05334645408788708,0.04171675257105489
Brake,ND_CD_ED_MD,MD,ND,-0.045864179145808925,0.05304739837615896,-0.8645886612682898,33.49690209992439,0.8229213407649818,-0.2587424374105579,-0.004147426574754042,0.04171675257105489
LaneOffset,ND_CD_ED,CD,ED,-0.020217779782380603,0.0385169025778304,-0.5249066884733762,56.377790703496686,0.8594970408252718,-0.13396688513608124,-0.06718536254160733,-0.046967582759226724
LaneOffset,ND_CD_ED,CD,ND,-0.10271301989056605,0.029179196501545795,-3.5200770482190875,47.3777044911101,0.0027269581981049784,-0.7919946011159126,-0.06718536254160733,0.03552765734895872
LaneOffset,ND_CD_ED,ED,ND,-0.08249524010818544,0.030793789677316344,-2.6789570550634108,37.01428216187296,0.028829410408803602,-0.6491339599107706,-0.046967582759226724,0.03552765734895872
LaneOffset,ND_CD_MD,CD,MD,-0.029111379554135834,0.04998768406537413,-0.5823710399558386,50.48656343541561,0.8301401751483303,-0.14582542683324826,-0.06718536254160733,-0.03807398298747149
LaneOffset,ND_CD_MD,CD,ND,-0.10271301989056605,0.029179196501545795,-3.5200770482190875,47.3777044911101,0.0027269581981049784,-0.7919946011159126,-0.06718536254160733,0.03552765734895872
LaneOffset,ND_CD_MD,MD,ND,-0.07360164033643021,0.044311107599792336,-1.6610200990953146,35.39259462034035,0.2341981876438335,-0.46463209533544164,-0.03807398298747149,0.03552765734895872
LaneOffset,ND_ED_MD,ED,MD,-0.008893599771755231,0.05094703654222324,-0.17456559547648087,50.78291670292173,0.9833461857898603,-0.04393115694219721,-0.046967582759226724,-0.03807398298747149
LaneOffset,ND_ED_MD,ED,ND,-0.08249524010818544,0.030793789677316344,-2.6789570550634108,37.01428216187296,0.028829410408803602,-0.6491339599107706,-0.046967582759226724,0.03552765734895872
LaneOffset,ND_ED_MD,MD,ND,-0.07360164033643021,0.044311107599792336,-1.6610200990953146,35.39259462034035,0.2341981876438335,-0.46463209533544164,-0.03807398298747149,0.03552765734895872
LaneOffset,ND_CD_ED_MD,CD,ED,-0.020217779782380603,0.0385169025778304,-0.5249066884733762,56.377790703496686,0.9527224768854681,-0.13396688513608124,-0.06718536254160733,-0.046967582759226724
LaneOffset,ND_CD_ED_MD,CD,MD,-0.029111379554135834,0.04998768406537413,-0.5823710399558386,50.48656343541561,0.936937397185011,-0.14582542683324826,-0.06718536254160733,-0.03807398298747149
LaneOffset,ND_CD_ED_MD,CD,ND,-0.10271301989056605,0.029179196501545795,-3.5200770482190875,47.3777044911101,0.005163367204121916,-0.7919946011159126,-0.06718536254160733,0.03552765734895872
LaneOffset,ND_CD_ED_MD,ED,MD,-0.008893599771755231,0.05094703654222324,-0.17456559547648087,50.78291670292173,0.9980845784396204,-0.04393115694219721,-0.046967582759226724,-0.03807398298747149
LaneOffset,ND_CD_ED_MD,ED,ND,-0.08249524010818544,0.030793789677316344,-2.6789570550634108,37.01428216187296,0.05125072227923322,-0.6491339599107706,-0.046967582759226724,0.03552765734895872
LaneOffset,ND_CD_ED_MD,MD,ND,-0.07360164033643021,0.044311107599792336,-1.6610200990953146,35.39259462034035,0.35890374995839436,-0.46463209533544164,-0.03807398298747149,0.03552765734895872
gaze_0_y,ND_CD_ED,CD,ED,-0.10062030854847906,0.07169975004477318,-1.4033564759381494,56.806418072048054,0.34599796441140473,-0.35727168695379086,-0.14652900637646568,-0.04590869782798663
gaze_0_y,ND_CD_ED,CD,ND,-0.16466184515991358,0.05653300696278145,-2.912667377985375,52.13469904574406,0.014330533578005289,-0.6169246543895637,-0.14652900637646568,0.0181328387834479
gaze_0_y,ND_CD_ED,ED,ND,-0.06404153661143452,0.058355401943745215,-1.0974397309981818,41.24426640382747,0.521053085123901,-0.2444528833642158,-0.04590869782798663,0.0181328387834479
gaze_0_y,ND_CD_MD,CD,MD,-0.2829138923480606,0.10032642643179966,-2.8199339138265933,47.89825181804187,0.01875841051800331,-0.7076135218823493,-0.14652900637646568,0.1363848859715949
gaze_0_y,ND_CD_MD,CD,ND,-0.16466184515991358,0.05653300696278145,-2.912667377985375,52.13469904574406,0.014330533578005289,-0.6169246543895637,-0.14652900637646568,0.0181328387834479
gaze_0_y,ND_CD_MD,MD,ND,0.118252047188147,0.09126823445267485,1.2956539358659778,35.93172067457485,0.40681002317581805,0.356363411307058,0.1363848859715949,0.0181328387834479
gaze_0_y,ND_CD_ED_MD,CD,ED,-0.10062030854847906,0.07169975004477318,-1.4033564759381494,56.806418072048054,0.5025298904973796,-0.35727168695379086,-0.14652900637646568,-0.04590869782798663
gaze_0_y,ND_CD_ED_MD,CD,MD,-0.2829138923480606,0.10032642643179966,-2.8199339138265933,47.89825181804187,0.03401302452468968,-0.7076135218823493,-0.14652900637646568,0.1363848859715949
gaze_0_y,ND_CD_ED_MD,CD,ND,-0.16466184515991358,0.05653300696278145,-2.912667377985375,52.13469904574406,0.026233095164276632,-0.6169246543895637,-0.14652900637646568,0.0181328387834479
gaze_0_y,ND_CD_ED_MD,ED,MD,-0.18229358379958152,0.10136451006312554,-1.798396536283328,47.9780784673506,0.2866771061419201,-0.44996461690640716,-0.04590869782798663,0.1363848859715949
gaze_0_y,ND_CD_ED_MD,ED,ND,-0.06404153661143452,0.058355401943745215,-1.0974397309981818,41.24426640382747,0.6930662816320172,-0.2444528833642158,-0.04590869782798663,0.0181328387834479
gaze_0_y,ND_CD_ED_MD,MD,ND,0.118252047188147,0.09126823445267485,1.2956539358659778,35.93172067457485,0.5716126719879477,0.356363411307058,0.1363848859715949,0.0181328387834479
gaze_0_z,ND_CD_ED,CD,ED,-0.04081428493064959,0.05178493637375843,-0.7881497552892983,55.427123541548035,0.7118237893236974,-0.20209378288124716,-0.1197134705937871,-0.07889918566313751
gaze_0_z,ND_CD_ED,CD,ND,-0.14760040870862245,0.03888319012836789,-3.795995344552197,50.17956670164045,0.001138917791077998,-0.8228535595511948,-0.1197134705937871,0.027886938114835346
gaze_0_z,ND_CD_ED,ED,ND,-0.10678612377797286,0.04253419537112788,-2.5105946602779525,37.85493652897023,0.04250406471177948,-0.5969674377084563,-0.07889918566313751,0.027886938114835346
gaze_0_z,ND_CD_MD,CD,MD,-0.2134492189605181,0.058378040751005056,-3.656327211646672,55.818672646516866,0.0016213254120047704,-0.9112485139357386,-0.1197134705937871,0.093735748366731
gaze_0_z,ND_CD_MD,CD,ND,-0.14760040870862245,0.03888319012836789,-3.795995344552197,50.17956670164045,0.001138917791077998,-0.8228535595511948,-0.1197134705937871,0.027886938114835346
gaze_0_z,ND_CD_MD,MD,ND,0.06584881025189565,0.05035348828592786,1.3077308542752584,39.01052528997461,0.39947902591886475,0.3313875226545844,0.093735748366731,0.027886938114835346
gaze_0_z,ND_ED_MD,ED,MD,-0.17263493402986851,0.060870772487594385,-2.8360890945659007,55.13962940226432,0.017258206598466774,-0.7231358275391047,-0.07889918566313751,0.093735748366731
gaze_0_z,ND_ED_MD,ED,ND,-0.10678612377797286,0.04253419537112788,-2.5105946602779525,37.85493652897023,0.04250406471177948,-0.5969674377084563,-0.07889918566313751,0.027886938114835346
gaze_0_z,ND_ED_MD,MD,ND,0.06584881025189565,0.05035348828592786,1.3077308542752584,39.01052528997461,0.39947902591886475,0.3313875226545844,0.093735748366731,0.027886938114835346
gaze_0_z,ND_CD_ED_MD,CD,ED,-0.04081428493064959,0.05178493637375843,-0.7881497552892983,55.427123541548035,0.8595232439201355,-0.20209378288124716,-0.1197134705937871,-0.07889918566313751
gaze_0_z,ND_CD_ED_MD,CD,MD,-0.2134492189605181,0.058378040751005056,-3.656327211646672,55.818672646516866,0.0030997993473783625,-0.9112485139357386,-0.1197134705937871,0.093735748366731
gaze_0_z,ND_CD_ED_MD,CD,ND,-0.14760040870862245,0.03888319012836789,-3.795995344552197,50.17956670164045,0.002183466223652064,-0.8228535595511948,-0.1197134705937871,0.027886938114835346
gaze_0_z,ND_CD_ED_MD,ED,MD,-0.17263493402986851,0.060870772487594385,-2.8360890945659007,55.13962940226432,0.031440315099083516,-0.7231358275391047,-0.07889918566313751,0.093735748366731
gaze_0_z,ND_CD_ED_MD,ED,ND,-0.10678612377797286,0.04253419537112788,-2.5105946602779525,37.85493652897023,0.07435413042810246,-0.5969674377084563,-0.07889918566313751,0.027886938114835346
gaze_0_z,ND_CD_ED_MD,MD,ND,0.06584881025189565,0.05035348828592786,1.3077308542752584,39.01052528997461,0.5636666960499859,0.3313875226545844,0.093735748366731,0.027886938114835346
gaze_1_x,ND_CD_ED,CD,ED,0.12531511647125895,0.0585627398341842,2.1398438123981025,49.38990426461562,0.09219225949187926,0.5604112658315433,0.020087512005493753,-0.1052276044657652
gaze_1_x,ND_CD_ED,CD,ND,-0.038455613795444724,0.04203209882754903,-0.9149106246923796,65.93121902929843,0.6328723781082547,-0.1716138340581496,0.020087512005493753,0.05854312580093848
gaze_1_x,ND_CD_ED,ED,ND,-0.1637707302667037,0.05325578323850795,-3.0751726912596618,40.53257199509772,0.01028010439341398,-0.6935915025409604,-0.1052276044657652,0.05854312580093848
gaze_1_x,ND_CD_MD,CD,MD,0.2153907689969342,0.09377966857769426,2.2967746875591484,39.13770089989022,0.0680645662655629,0.5805685974525291,0.020087512005493753,-0.19530325699144047
gaze_1_x,ND_CD_MD,CD,ND,-0.038455613795444724,0.04203209882754903,-0.9149106246923796,65.93121902929843,0.6328723781082547,-0.1716138340581496,0.020087512005493753,0.05854312580093848
gaze_1_x,ND_CD_MD,MD,ND,-0.2538463827923789,0.09056053329128962,-2.8030575082401223,34.73185899717583,0.021865236064737448,-0.8015169006857379,-0.19530325699144047,0.05854312580093848
gaze_1_x,ND_ED_MD,ED,MD,0.09007565252567526,0.09931821260494106,0.9069399273622653,45.737860307006855,0.6387323176207543,0.22596549028132532,-0.1052276044657652,-0.19530325699144047
gaze_1_x,ND_ED_MD,ED,ND,-0.1637707302667037,0.05325578323850795,-3.0751726912596618,40.53257199509772,0.01028010439341398,-0.6935915025409604,-0.1052276044657652,0.05854312580093848
gaze_1_x,ND_ED_MD,MD,ND,-0.2538463827923789,0.09056053329128962,-2.8030575082401223,34.73185899717583,0.021865236064737448,-0.8015169006857379,-0.19530325699144047,0.05854312580093848
gaze_1_x,ND_CD_ED_MD,CD,ED,0.12531511647125895,0.0585627398341842,2.1398438123981025,49.38990426461562,0.15488037024816104,0.5604112658315433,0.020087512005493753,-0.1052276044657652
gaze_1_x,ND_CD_ED_MD,CD,MD,0.2153907689969342,0.09377966857769426,2.2967746875591484,39.13770089989022,0.11622588492183661,0.5805685974525291,0.020087512005493753,-0.19530325699144047
gaze_1_x,ND_CD_ED_MD,CD,ND,-0.038455613795444724,0.04203209882754903,-0.9149106246923796,65.93121902929843,0.7969731311204601,-0.1716138340581496,0.020087512005493753,0.05854312580093848
gaze_1_x,ND_CD_ED_MD,ED,MD,0.09007565252567526,0.09931821260494106,0.9069399273622653,45.737860307006855,0.801217198978338,0.22596549028132532,-0.1052276044657652,-0.19530325699144047
gaze_1_x,ND_CD_ED_MD,ED,ND,-0.1637707302667037,0.05325578323850795,-3.0751726912596618,40.53257199509772,0.018908992254820012,-0.6935915025409604,-0.1052276044657652,0.05854312580093848
gaze_1_x,ND_CD_ED_MD,MD,ND,-0.2538463827923789,0.09056053329128962,-2.8030575082401223,34.73185899717583,0.03921323373248653,-0.8015169006857379,-0.19530325699144047,0.05854312580093848
gaze_1_y,ND_CD_MD,CD,MD,-0.3244477900944087,0.1032721739401112,-3.141676772317778,46.597448376038884,0.008058026316975164,-0.7891858690639527,-0.11573902064562058,0.2087087694487881
gaze_1_y,ND_CD_MD,CD,ND,-0.10968296872862392,0.056782264143500044,-1.9316413387714393,53.883547953660575,0.13966090012203203,-0.4014061617105849,-0.11573902064562058,-0.006056051916996663
gaze_1_y,ND_CD_MD,MD,ND,0.21476482136578476,0.09491423402051472,2.2627251179139853,35.882396171585825,0.07435238643028741,0.6232905105598793,0.2087087694487881,-0.006056051916996663
gaze_1_y,ND_CD_ED_MD,CD,ED,-0.06817120424172199,0.07106045280193898,-0.959340977346852,56.921610896000765,0.7728790995074102,-0.24405246974879166,-0.11573902064562058,-0.04756781640389859
gaze_1_y,ND_CD_ED_MD,CD,MD,-0.3244477900944087,0.1032721739401112,-3.141676772317778,46.597448376038884,0.014945600606986131,-0.7891858690639527,-0.11573902064562058,0.2087087694487881
gaze_1_y,ND_CD_ED_MD,CD,ND,-0.10968296872862392,0.056782264143500044,-1.9316413387714393,53.883547953660575,0.22719061381616878,-0.4014061617105849,-0.11573902064562058,-0.006056051916996663
gaze_1_y,ND_CD_ED_MD,ED,MD,-0.2562765858526867,0.10408685916510027,-2.4621415989331226,46.63793975467512,0.07948563702696743,-0.6144673030213446,-0.04756781640389859,0.2087087694487881
gaze_1_y,ND_CD_ED_MD,ED,ND,-0.04151176448690192,0.058250818550480844,-0.7126383031154719,42.85167967574826,0.8915384028820263,-0.1546329636197452,-0.04756781640389859,-0.006056051916996663
gaze_1_y,ND_CD_ED_MD,MD,ND,0.21476482136578476,0.09491423402051472,2.2627251179139853,35.882396171585825,0.12610104491132068,0.6232905105598793,0.2087087694487881,-0.006056051916996663
gaze_1_z,ND_CD_ED,CD,ED,-0.046551055362716004,0.04945922552097947,-0.941200653111119,57.85844486421845,0.6166717800461066,-0.23733694413540737,-0.115770211662698,-0.069219156299982
gaze_1_z,ND_CD_ED,CD,ND,-0.12347147407907867,0.04056054113255538,-3.0441278797431015,50.71706870305777,0.010154251270594106,-0.65554746180987,-0.115770211662698,0.0077012624163806664
gaze_1_z,ND_CD_ED,ED,ND,-0.07692041871636267,0.03889021026844606,-1.97788641885469,43.26627432011448,0.1298637120483006,-0.4264552449274963,-0.069219156299982,0.0077012624163806664
gaze_1_z,ND_CD_MD,CD,MD,-0.284675786867484,0.05921111143663949,-4.807810222784102,56.97967283705204,3.4016390211943914e-05,-1.1968372517318873,-0.115770211662698,0.16890557520478602
gaze_1_z,ND_CD_MD,CD,ND,-0.12347147407907867,0.04056054113255538,-3.0441278797431015,50.71706870305777,0.010154251270594106,-0.65554746180987,-0.115770211662698,0.0077012624163806664
gaze_1_z,ND_CD_MD,MD,ND,0.16120431278840536,0.05071675446192294,3.178521861240828,40.057319460966234,0.00785720991489236,0.7868005415863608,0.16890557520478602,0.0077012624163806664
gaze_1_z,ND_ED_MD,ED,MD,-0.23812473150476804,0.05807965801655835,-4.099967865459527,52.869046558507186,0.00041468397539290436,-1.0370980620593309,-0.069219156299982,0.16890557520478602
gaze_1_z,ND_ED_MD,ED,ND,-0.07692041871636267,0.03889021026844606,-1.97788641885469,43.26627432011448,0.1298637120483006,-0.4264552449274963,-0.069219156299982,0.0077012624163806664
gaze_1_z,ND_ED_MD,MD,ND,0.16120431278840536,0.05071675446192294,3.178521861240828,40.057319460966234,0.00785720991489236,0.7868005415863608,0.16890557520478602,0.0077012624163806664
gaze_1_z,ND_CD_ED_MD,CD,ED,-0.046551055362716004,0.04945922552097947,-0.941200653111119,57.85844486421845,0.7828388621443099,-0.23733694413540737,-0.115770211662698,-0.069219156299982
gaze_1_z,ND_CD_ED_MD,CD,MD,-0.284675786867484,0.05921111143663949,-4.807810222784102,56.97967283705204,6.690724380897795e-05,-1.1968372517318873,-0.115770211662698,0.16890557520478602
gaze_1_z,ND_CD_ED_MD,CD,ND,-0.12347147407907867,0.04056054113255538,-3.0441278797431015,50.71706870305777,0.01875427672544161,-0.65554746180987,-0.115770211662698,0.0077012624163806664
gaze_1_z,ND_CD_ED_MD,ED,MD,-0.23812473150476804,0.05807965801655835,-4.099967865459527,52.869046558507186,0.0008033854117275308,-1.0370980620593309,-0.069219156299982,0.16890557520478602
gaze_1_z,ND_CD_ED_MD,ED,ND,-0.07692041871636267,0.03889021026844606,-1.97788641885469,43.26627432011448,0.21208477727542718,-0.4264552449274963,-0.069219156299982,0.0077012624163806664
gaze_1_z,ND_CD_ED_MD,MD,ND,0.16120431278840536,0.05071675446192294,3.178521861240828,40.057319460966234,0.014542134081317326,0.7868005415863608,0.16890557520478602,0.0077012624163806664
gaze_angle_x,ND_CD_MD,CD,MD,0.22850668800935375,0.09318971816232113,2.4520590094642496,41.36552483580653,0.04763760564674968,0.6186285110467917,0.028641624785147632,-0.19986506322420614
gaze_angle_x,ND_CD_MD,CD,ND,-0.020267584104397753,0.04489837691865152,-0.4514101732701671,60.89363055127464,0.8939649682793313,-0.08793925595933594,0.028641624785147632,0.048909208889545384
gaze_angle_x,ND_CD_MD,MD,ND,-0.24877427211375153,0.0886910611238693,-2.8049531594430235,35.068311137520915,0.021684269770810283,-0.7929827174072774,-0.19986506322420614,0.048909208889545384
gaze_angle_x,ND_ED_MD,ED,MD,0.14654352364735418,0.09719357340499506,1.5077491084387158,45.92526959776021,0.2967558452146696,0.3757871112444019,-0.05332153957685196,-0.19986506322420614
gaze_angle_x,ND_ED_MD,ED,ND,-0.10223074846639735,0.05270798222270151,-1.9395686223474176,41.349518833035084,0.14045276021772024,-0.43125986951121115,-0.05332153957685196,0.048909208889545384
gaze_angle_x,ND_ED_MD,MD,ND,-0.24877427211375153,0.0886910611238693,-2.8049531594430235,35.068311137520915,0.021684269770810283,-0.7929827174072774,-0.19986506322420614,0.048909208889545384
gaze_angle_x,ND_CD_ED_MD,CD,ED,0.0819631643619996,0.059969580938035075,1.3667456580477009,52.70064491178355,0.52548842387638,0.35416176879764716,0.028641624785147632,-0.05332153957685196
gaze_angle_x,ND_CD_ED_MD,CD,MD,0.22850668800935375,0.09318971816232113,2.4520590094642496,41.36552483580653,0.08300691681682337,0.6186285110467917,0.028641624785147632,-0.19986506322420614
gaze_angle_x,ND_CD_ED_MD,CD,ND,-0.020267584104397753,0.04489837691865152,-0.4514101732701671,60.89363055127464,0.9691083885741206,-0.08793925595933594,0.028641624785147632,0.048909208889545384
gaze_angle_x,ND_CD_ED_MD,ED,MD,0.14654352364735418,0.09719357340499506,1.5077491084387158,45.92526959776021,0.4412701816313037,0.3757871112444019,-0.05332153957685196,-0.19986506322420614
gaze_angle_x,ND_CD_ED_MD,ED,ND,-0.10223074846639735,0.05270798222270151,-1.9395686223474176,41.349518833035084,0.2276765333223404,-0.43125986951121115,-0.05332153957685196,0.048909208889545384
gaze_angle_x,ND_CD_ED_MD,MD,ND,-0.24877427211375153,0.0886910611238693,-2.8049531594430235,35.068311137520915,0.038907694314797125,-0.7929827174072774,-0.19986506322420614,0.048909208889545384
gaze_angle_y,ND_CD_MD,CD,MD,-0.3144249143141017,0.10436385437401921,-3.0127759864757926,46.83082695466391,0.01139952590615545,-0.7566621455052165,-0.1345937177688027,0.17983119654529897
gaze_angle_y,ND_CD_MD,CD,ND,-0.14055629492414412,0.05752631430407988,-2.44333913313434,53.18861806095011,0.04635610132140322,-0.5115156764769481,-0.1345937177688027,0.0059625771553414395
gaze_angle_y,ND_CD_MD,MD,ND,0.17386861938995754,0.0956745049591252,1.8172931175785967,35.79161517462467,0.17845718455321347,0.5019919683882642,0.17983119654529897,0.0059625771553414395
gaze_angle_y,ND_CD_ED_MD,CD,ED,-0.08434825483007613,0.07173792619303578,-1.1757832893455533,57.13119053957839,0.644435813801024,-0.2986834915230281,-0.1345937177688027,-0.05024546293872656
gaze_angle_y,ND_CD_ED_MD,CD,MD,-0.3144249143141017,0.10436385437401921,-3.0127759864757926,46.83082695466391,0.020965484816807378,-0.7566621455052165,-0.1345937177688027,0.17983119654529897
gaze_angle_y,ND_CD_ED_MD,CD,ND,-0.14055629492414412,0.05752631430407988,-2.44333913313434,53.18861806095011,0.08117978234001844,-0.5115156764769481,-0.1345937177688027,0.0059625771553414395
gaze_angle_y,ND_CD_ED_MD,ED,MD,-0.23007665948402553,0.10483636829001344,-2.194626380489969,46.482863999457365,0.13980253053565606,-0.5475463243723252,-0.05024546293872656,0.17983119654529897
gaze_angle_y,ND_CD_ED_MD,ED,ND,-0.056208040094068,0.05837916455251508,-0.9628099429807009,42.798775729248696,0.7710757609778038,-0.20908874144294778,-0.05024546293872656,0.0059625771553414395
gaze_angle_y,ND_CD_ED_MD,MD,ND,0.17386861938995754,0.0956745049591252,1.8172931175785967,35.79161517462467,0.2821368669174449,0.5019919683882642,0.17983119654529897,0.0059625771553414395
gaze_vel,ND_CD_ED,CD,ED,-0.003797813093966998,0.01819651415738999,-0.20871102350252208,52.09959570519562,0.9762830802349614,-0.05419305405611381,0.07082142511683975,0.07461923821080675
gaze_vel,ND_CD_ED,CD,ND,0.1424099663615847,0.013372356928641159,10.649578613667455,59.69288130857704,1.765254609153999e-14,2.0953714896326194,0.07082142511683975,-0.07158854124474495
gaze_vel,ND_CD_ED,ED,ND,0.1462077794555517,0.01598119179369447,9.148740678604417,40.07329887720592,6.918821071622006e-11,2.0808016969938565,0.07461923821080675,-0.07158854124474495
gaze_vel,ND_CD_MD,CD,MD,-0.10068072915870391,0.02526862024965775,-3.984417358920401,44.2261117640386,0.0007170036242237776,-1.0028265554384133,0.07082142511683975,0.17150215427554366
gaze_vel,ND_CD_MD,CD,ND,0.1424099663615847,0.013372356928641159,10.649578613667455,59.69288130857704,1.765254609153999e-14,2.0953714896326194,0.07082142511683975,-0.07158854124474495
gaze_vel,ND_CD_MD,MD,ND,0.2430906955202886,0.023723164480906986,10.246975934257602,36.232600996558915,8.937073303627585e-12,2.7930140415027256,0.17150215427554366,-0.07158854124474495
gaze_vel,ND_ED_MD,ED,MD,-0.09688291606473691,0.026741012146911793,-3.6230085657369373,49.595400161901686,0.0019468350242328736,-0.909435543422084,0.07461923821080675,0.17150215427554366
gaze_vel,ND_ED_MD,ED,ND,0.1462077794555517,0.01598119179369447,9.148740678604417,40.07329887720592,6.918821071622006e-11,2.0808016969938565,0.07461923821080675,-0.07158854124474495
gaze_vel,ND_ED_MD,MD,ND,0.2430906955202886,0.023723164480906986,10.246975934257602,36.232600996558915,8.937073303627585e-12,2.7930140415027256,0.17150215427554366,-0.07158854124474495
gaze_vel,ND_CD_ED_MD,CD,ED,-0.003797813093966998,0.01819651415738999,-0.20871102350252208,52.09959570519562,0.996744419874435,-0.05419305405611381,0.07082142511683975,0.07461923821080675
gaze_vel,ND_CD_ED_MD,CD,MD,-0.10068072915870391,0.02526862024965775,-3.984417358920401,44.2261117640386,0.0013785652382581892,-1.0028265554384133,0.07082142511683975,0.17150215427554366
gaze_vel,ND_CD_ED_MD,CD,ND,0.1424099663615847,0.013372356928641159,10.649578613667455,59.69288130857704,1.7763568394002505e-14,2.0953714896326194,0.07082142511683975,-0.07158854124474495
gaze_vel,ND_CD_ED_MD,ED,MD,-0.09688291606473691,0.026741012146911793,-3.6230085657369373,49.595400161901686,0.003706905629296431,-0.909435543422084,0.07461923821080675,0.17150215427554366
gaze_vel,ND_CD_ED_MD,ED,ND,0.1462077794555517,0.01598119179369447,9.148740678604417,40.07329887720592,1.378812619634573e-10,2.0808016969938565,0.07461923821080675,-0.07158854124474495
gaze_vel,ND_CD_ED_MD,MD,ND,0.2430906955202886,0.023723164480906986,10.246975934257602,36.232600996558915,1.7804646645913635e-11,2.7930140415027256,0.17150215427554366,-0.07158854124474495
gaze_amp,ND_CD_ED,CD,ED,-0.003791841463103088,0.01819960839134353,-0.2083474205360727,52.100739686657086,0.9763646155116285,-0.054098436018595035,0.07084451559138896,0.07463635705449205
gaze_amp,ND_CD_ED,CD,ND,0.14243782299503283,0.01337331896012239,10.650895519636157,59.66940270864064,1.3877787807814457e-14,2.0960463993446408,0.07084451559138896,-0.07159330740364385
gaze_amp,ND_CD_ED,ED,ND,0.1462296644581359,0.01598243729343763,9.14939703959781,40.062004129665844,6.924061324298236e-11,2.0813862029864496,0.07463635705449205,-0.07159330740364385
gaze_amp,ND_CD_MD,CD,MD,-0.10063364260086266,0.025261368208253743,-3.983697231727229,44.24145328450662,0.0007183262061593032,-1.0026326330620325,0.07084451559138896,0.17147815819225162
gaze_amp,ND_CD_MD,CD,ND,0.14243782299503283,0.01337331896012239,10.650895519636157,59.66940270864064,1.3877787807814457e-14,2.0960463993446408,0.07084451559138896,-0.07159330740364385
gaze_amp,ND_CD_MD,MD,ND,0.2430714655958955,0.02371390478165452,10.250166214040789,36.234882432177734,8.875677970365814e-12,2.7936948341568106,0.17147815819225162,-0.07159330740364385
gaze_amp,ND_ED_MD,ED,MD,-0.09684180113775957,0.026734422858600667,-3.6223636339545977,49.609901355416035,0.0019502114060967468,-0.9093011188295527,0.07463635705449205,0.17147815819225162
gaze_amp,ND_ED_MD,ED,ND,0.1462296644581359,0.01598243729343763,9.14939703959781,40.062004129665844,6.924061324298236e-11,2.0813862029864496,0.07463635705449205,-0.07159330740364385
gaze_amp,ND_ED_MD,MD,ND,0.2430714655958955,0.02371390478165452,10.250166214040789,36.234882432177734,8.875677970365814e-12,2.7936948341568106,0.17147815819225162,-0.07159330740364385
gaze_amp,ND_CD_ED_MD,CD,ED,-0.003791841463103088,0.01819960839134353,-0.2083474205360727,52.100739686657086,0.9967612122609646,-0.054098436018595035,0.07084451559138896,0.07463635705449205
gaze_amp,ND_CD_ED_MD,CD,MD,-0.10063364260086266,0.025261368208253743,-3.983697231727229,44.24145328450662,0.0013810912161033029,-1.0026326330620325,0.07084451559138896,0.17147815819225162
gaze_amp,ND_CD_ED_MD,CD,ND,0.14243782299503283,0.01337331896012239,10.650895519636157,59.66940270864064,1.3766765505351941e-14,2.0960463993446408,0.07084451559138896,-0.07159330740364385
gaze_amp,ND_CD_ED_MD,ED,MD,-0.09684180113775957,0.026734422858600667,-3.6223636339545977,49.609901355416035,0.003713263512355791,-0.9093011188295527,0.07463635705449205,0.17147815819225162
gaze_amp,ND_CD_ED_MD,ED,ND,0.1462296644581359,0.01598243729343763,9.14939703959781,40.062004129665844,1.3797973874574154e-10,2.0813862029864496,0.07463635705449205,-0.07159330740364385
gaze_amp,ND_CD_ED_MD,MD,ND,0.2430714655958955,0.02371390478165452,10.250166214040789,36.234882432177734,1.766231605415669e-11,2.7936948341568106,0.17147815819225162,-0.07159330740364385
gaze_acc,ND_CD_ED,CD,ED,2.0349047476683857e-05,3.781964547247691e-05,0.5380549506074241,57.004193340876775,0.8529395377382787,0.13680356609010746,8.32566328098371e-05,6.290758533315324e-05
gaze_acc,ND_CD_ED,CD,ND,0.00012768544872423382,2.9183432949172686e-05,4.375271714832766,47.18492040195356,0.00019406319715309372,0.9871344471321161,8.32566328098371e-05,-4.442881591439672e-05
gaze_acc,ND_CD_ED,ED,ND,0.00010733640124754996,2.9862023380252097e-05,3.5944115333635445,37.7565164036574,0.002607733146138047,0.8565123885318481,6.290758533315324e-05,-4.442881591439672e-05
gaze_acc,ND_CD_MD,CD,MD,3.2536541925938445e-05,4.608576984803859e-05,0.7059997485823316,54.25316342953715,0.7609960089005485,0.1762099114118865,8.32566328098371e-05,5.0720090883898655e-05
gaze_acc,ND_CD_MD,CD,ND,0.00012768544872423382,2.9183432949172686e-05,4.375271714832766,47.18492040195356,0.00019406319715309372,0.9871344471321161,8.32566328098371e-05,-4.442881591439672e-05
gaze_acc,ND_CD_MD,MD,ND,9.514890679829537e-05,3.981598974263057e-05,2.3897159762531386,36.786863780037145,0.0561886384648107,0.6410250092326771,5.0720090883898655e-05,-4.442881591439672e-05
gaze_acc,ND_ED_MD,ED,MD,1.2187494449254588e-05,4.6518446493302506e-05,0.2619927226290603,52.71284309315141,0.9628953925428508,0.06624363447998655,6.290758533315324e-05,5.0720090883898655e-05
gaze_acc,ND_ED_MD,ED,ND,0.00010733640124754996,2.9862023380252097e-05,3.5944115333635445,37.7565164036574,0.002607733146138047,0.8565123885318481,6.290758533315324e-05,-4.442881591439672e-05
gaze_acc,ND_ED_MD,MD,ND,9.514890679829537e-05,3.981598974263057e-05,2.3897159762531386,36.786863780037145,0.0561886384648107,0.6410250092326771,5.0720090883898655e-05,-4.442881591439672e-05
gaze_acc,ND_CD_ED_MD,CD,ED,2.0349047476683857e-05,3.781964547247691e-05,0.5380549506074241,57.004193340876775,0.9493566599078598,0.13680356609010746,8.32566328098371e-05,6.290758533315324e-05
gaze_acc,ND_CD_ED_MD,CD,MD,3.2536541925938445e-05,4.608576984803859e-05,0.7059997485823316,54.25316342953715,0.8942859191093409,0.1762099114118865,8.32566328098371e-05,5.0720090883898655e-05
gaze_acc,ND_CD_ED_MD,CD,ND,0.00012768544872423382,2.9183432949172686e-05,4.375271714832766,47.18492040195356,0.0003774571328817311,0.9871344471321161,8.32566328098371e-05,-4.442881591439672e-05
gaze_acc,ND_CD_ED_MD,ED,MD,1.2187494449254588e-05,4.6518446493302506e-05,0.2619927226290603,52.71284309315141,0.9936246877635336,0.06624363447998655,6.290758533315324e-05,5.0720090883898655e-05
gaze_acc,ND_CD_ED_MD,ED,ND,0.00010733640124754996,2.9862023380252097e-05,3.5944115333635445,37.7565164036574,0.004920387635334755,0.8565123885318481,6.290758533315324e-05,-4.442881591439672e-05
gaze_acc,ND_CD_ED_MD,MD,ND,9.514890679829537e-05,3.981598974263057e-05,2.3897159762531386,36.786863780037145,0.09688334241883156,0.6410250092326771,5.0720090883898655e-05,-4.442881591439672e-05
