Feature,Group,Total_Tests,Normal_Count_P>=0.05,Mean_W_statistic,Mean_P_value
AU06_r,MD,10.0,10.0,0.9045,0.291252
AU17_r,CD_ED,10.0,10.0,0.9065,0.322092
AU26_r,CD_ED,10.0,10.0,0.9158,0.419015
AU26_r,MD,10.0,10.0,0.9273,0.466029
Acceleration,MD,10.0,10.0,0.9096,0.331867
gaze_0_y,CD_ED,10.0,10.0,0.9489,0.650131
gaze_0_y,MD,10.0,10.0,0.9116,0.372735
gaze_1_x,CD_ED,10.0,10.0,0.9258,0.474731
gaze_1_x,MD,10.0,10.0,0.9301,0.506522
gaze_1_x,ND,10.0,10.0,0.9582,0.677112
gaze_1_y,CD_ED,10.0,10.0,0.946,0.647376
gaze_1_y,ND,10.0,10.0,0.9256,0.337441
gaze_angle_x,CD_ED,10.0,10.0,0.9228,0.400382
gaze_angle_x,MD,10.0,10.0,0.9246,0.476537
gaze_angle_y,CD_ED,10.0,10.0,0.9478,0.637799
pose_Rx,MD,10.0,10.0,0.9264,0.498548
pose_Ry,CD_ED,10.0,10.0,0.9545,0.722319
pose_Ry,MD,10.0,10.0,0.9643,0.795071
pose_Rz,CD_ED,10.0,10.0,0.9083,0.374954
pose_Rz,MD,10.0,10.0,0.9327,0.521606
pose_Tx,CD_ED,10.0,10.0,0.9375,0.533294
pose_Tx,MD,10.0,10.0,0.9385,0.569032
pose_Ty,CD_ED,10.0,10.0,0.9071,0.334983
pose_Tz,CD_ED,10.0,10.0,0.9532,0.735808
pose_Tz,MD,10.0,10.0,0.9343,0.524747
AU06_r,CD_ED,10.0,9.0,0.9107,0.384954
AU06_r,ND,10.0,9.0,0.9428,0.522747
AU14_r,MD,10.0,9.0,0.9062,0.331111
AU20_r,CD_ED,10.0,9.0,0.8994,0.299285
LaneOffset,MD,10.0,9.0,0.9061,0.391761
Steering,ND,10.0,9.0,0.9301,0.409197
gaze_0_x,CD_ED,10.0,9.0,0.9058,0.315514
gaze_0_x,MD,10.0,9.0,0.903,0.388862
gaze_0_x,ND,10.0,9.0,0.9196,0.273381
gaze_acc,MD,10.0,9.0,0.9086,0.382339
gaze_amp,CD_ED,10.0,9.0,0.9016,0.313147
gaze_amp,MD,10.0,9.0,0.9098,0.413081
gaze_angle_x,ND,10.0,9.0,0.9342,0.459933
gaze_vel,MD,10.0,9.0,0.9087,0.431176
pose_Rx,CD_ED,10.0,9.0,0.9128,0.391592
pose_Rx,ND,10.0,9.0,0.9298,0.38149
pose_Ry,ND,10.0,9.0,0.9424,0.573168
pose_Rz,ND,10.0,9.0,0.9372,0.506988
pose_Ty,MD,10.0,9.0,0.9147,0.413107
AU09_r,MD,10.0,8.0,0.8736,0.185672
AU10_r,MD,10.0,8.0,0.8979,0.378266
AU10_r,ND,10.0,8.0,0.9004,0.138823
AU15_r,CD_ED,10.0,8.0,0.8904,0.327296
AU15_r,MD,10.0,8.0,0.8792,0.287724
AU17_r,MD,10.0,8.0,0.8795,0.18108
AU20_r,MD,10.0,8.0,0.8713,0.210947
AU25_r,MD,10.0,8.0,0.9048,0.403155
AU45_r,ND,10.0,8.0,0.9011,0.141143
LaneOffset,CD_ED,10.0,8.0,0.896,0.326467
gaze_0_y,ND,10.0,8.0,0.9083,0.23093
gaze_1_y,MD,10.0,8.0,0.9131,0.476872
gaze_angle_y,MD,10.0,8.0,0.9052,0.388537
AU05_r,CD_ED,10.0,7.0,0.8746,0.256197
AU09_r,CD_ED,10.0,7.0,0.8813,0.176215
AU10_r,CD_ED,10.0,7.0,0.8914,0.275778
AU45_r,MD,10.0,7.0,0.8608,0.147666
LaneOffset,ND,10.0,7.0,0.9194,0.370127
Speed,ND,10.0,7.0,0.8843,0.102881
gaze_0_z,MD,10.0,7.0,0.8732,0.252232
gaze_acc,CD_ED,10.0,7.0,0.8586,0.183312
gaze_angle_y,ND,10.0,7.0,0.9132,0.289261
AU05_r,MD,10.0,6.0,0.8337,0.301327
AU14_r,CD_ED,10.0,6.0,0.8723,0.182987
AU15_r,ND,10.0,6.0,0.8884,0.141508
AU17_r,ND,10.0,6.0,0.8795,0.181044
AU26_r,ND,10.0,6.0,0.8774,0.14393
Acceleration,CD_ED,10.0,6.0,0.8559,0.260762
Speed,MD,10.0,6.0,0.845,0.083281
gaze_1_z,MD,10.0,6.0,0.851,0.195932
gaze_acc,ND,10.0,6.0,0.8962,0.349192
gaze_vel,CD_ED,10.0,6.0,0.888,0.265916
AU02_r,ND,10.0,5.0,0.8489,0.139658
AU04_r,MD,10.0,5.0,0.8161,0.072678
AU05_r,ND,10.0,5.0,0.8804,0.085958
AU07_r,CD_ED,10.0,5.0,0.8557,0.228282
AU07_r,MD,10.0,5.0,0.8364,0.12277
AU07_r,ND,10.0,5.0,0.8753,0.079474
AU12_r,MD,10.0,5.0,0.821,0.202168
AU23_r,CD_ED,10.0,5.0,0.8399,0.081389
AU23_r,ND,10.0,5.0,0.8748,0.305395
AU45_r,CD_ED,10.0,5.0,0.8339,0.21652
Acceleration,ND,10.0,5.0,0.8597,0.127342
Speed,CD_ED,10.0,5.0,0.8392,0.242166
gaze_0_z,CD_ED,10.0,5.0,0.8441,0.137058
gaze_0_z,ND,10.0,5.0,0.8467,0.129843
gaze_1_z,CD_ED,10.0,5.0,0.8208,0.132159
gaze_amp,ND,10.0,5.0,0.8811,0.193064
gaze_vel,ND,10.0,5.0,0.8921,0.26787
AU02_r,MD,10.0,4.0,0.802,0.205063
AU14_r,ND,10.0,4.0,0.881,0.085726
AU25_r,CD_ED,10.0,4.0,0.8131,0.088861
Brake,MD,10.0,4.0,0.8049,0.108306
AU09_r,ND,10.0,3.0,0.7754,0.049026
AU25_r,ND,10.0,3.0,0.8025,0.041391
gaze_1_z,ND,10.0,3.0,0.8035,0.16369
AU01_r,MD,10.0,2.0,0.8021,0.094631
AU12_r,CD_ED,10.0,2.0,0.7854,0.026662
AU20_r,ND,10.0,2.0,0.7452,0.029491
AU23_r,MD,10.0,2.0,0.7703,0.025341
Brake,CD_ED,10.0,2.0,0.751,0.026676
Brake,ND,10.0,2.0,0.7818,0.055209
Steering,CD_ED,10.0,2.0,0.6668,0.120606
Steering,MD,10.0,2.0,0.6236,0.074047
pose_Tx,ND,10.0,2.0,0.4742,0.114017
pose_Ty,ND,10.0,2.0,0.476,0.120303
pose_Tz,ND,10.0,2.0,0.4748,0.142469
AU01_r,CD_ED,10.0,1.0,0.7656,0.080223
AU01_r,ND,10.0,1.0,0.7529,0.017
AU02_r,CD_ED,10.0,1.0,0.7503,0.105835
AU04_r,CD_ED,10.0,0.0,0.6675,0.005937
AU04_r,ND,10.0,0.0,0.7567,0.003351
AU12_r,ND,10.0,0.0,0.5857,4.6e-05
