experiment,ablation,removed_type,removed_name,removed_group,num_features,acc_mean,acc_std,bacc_mean,bacc_std,prec_mean,prec_std,rec_mean,rec_std,f1_mean,f1_std,spec_mean,spec_std,auc_mean,auc_std
4Class_ND_CD_ED_MD,baseline_all_features,baseline,none,none,39,0.4611811296898954,0.010429263520561977,0.46118112968989544,0.010429263520562008,0.4777829554959256,0.017963887048171312,0.46118112968989544,0.010429263520562008,0.4622173606471726,0.011378245806950455,0.8203937098966317,0.003476421173520629,0.7010292033986574,0.011915578070441912
4Class_ND_CD_ED_MD,group_minus_AU,group,AU,AU,22,0.37190213177948456,0.02326445302900494,0.37190213177948456,0.023264453029004935,0.39844423527385375,0.02170459548325886,0.37190213177948456,0.023264453029004935,0.3789679357767805,0.02139651572703953,0.790634043926495,0.007754817676334997,0.630965246149945,0.015337488919706675
4Class_ND_CD_ED_MD,group_minus_POSE,group,POSE,POSE,33,0.46677071903829265,0.015039784061868258,0.46677071903829265,0.01503978406186826,0.4917189193870944,0.018739710827943776,0.46677071903829265,0.01503978406186826,0.4703484608301329,0.01596528626126582,0.8222569063460975,0.005013261353956077,0.7096744492510952,0.015083387541697349
4Class_ND_CD_ED_MD,group_minus_VEHICLE,group,VEHICLE,VEHICLE,34,0.4493464566939208,0.02074571257579435,0.4493464566939208,0.020745712575794353,0.4628346979017234,0.022050590636535458,0.4493464566939208,0.020745712575794353,0.44829375336766325,0.019376843166295905,0.8164488188979735,0.006915237525264841,0.6933080226378554,0.01816462975463267
4Class_ND_CD_ED_MD,group_minus_GAZE,group,GAZE,GAZE,28,0.45545539573808247,0.0287527311170779,0.45545539573808247,0.028752731117077913,0.4910321539990526,0.035351179219573016,0.45545539573808247,0.028752731117077913,0.45834033657650586,0.031582087806098204,0.8184851319126942,0.00958424370569262,0.7104792153207974,0.01954156520604043
4Class_ND_CD_ED_MD,feature_minus_AU01_r,feature,AU01_r,AU,38,0.4582260614722739,0.01119155902063761,0.4582260614722739,0.011191559020637634,0.47813928352777524,0.020692795843330784,0.4582260614722739,0.011191559020637634,0.461051911835483,0.012870030651459233,0.8194086871574247,0.003730519673545853,0.6981750457955854,0.010943003846411404
4Class_ND_CD_ED_MD,feature_minus_AU02_r,feature,AU02_r,AU,38,0.4565122508389883,0.0060283286683642506,0.4565122508389883,0.006028328668364253,0.47590741280615595,0.016117601643077843,0.4565122508389883,0.006028328668364253,0.458627467323692,0.008914615443980516,0.8188374169463295,0.002009442889454726,0.6983644338807805,0.009684711704273895
4Class_ND_CD_ED_MD,feature_minus_AU04_r,feature,AU04_r,AU,38,0.4620237536880813,0.01644502849735174,0.4620237536880813,0.016445028497351744,0.48346712175445195,0.02055547330618786,0.4620237536880813,0.016445028497351744,0.465778079125589,0.014500105722971878,0.8206745845626937,0.005481676165783904,0.7044031361953476,0.014792299280479433
4Class_ND_CD_ED_MD,feature_minus_AU05_r,feature,AU05_r,AU,38,0.4616303327485559,0.006609077809025029,0.4616303327485559,0.006609077809025044,0.475953065740158,0.016777228915593828,0.4616303327485559,0.006609077809025044,0.46193671842292067,0.009189884649920712,0.8205434442495185,0.0022030259363416817,0.6998500545697954,0.012844496238446348
4Class_ND_CD_ED_MD,feature_minus_AU06_r,feature,AU06_r,AU,38,0.46805768847971113,0.008559508121646933,0.46805768847971113,0.00855950812164695,0.4811520803482804,0.01230444848069314,0.46805768847971113,0.00855950812164695,0.46827658858117127,0.006822608791625931,0.8226858961599035,0.0028531693738823153,0.7025699216677966,0.01103851526250061
4Class_ND_CD_ED_MD,feature_minus_AU07_r,feature,AU07_r,AU,38,0.46614424930046744,0.009864629962151752,0.46614424930046744,0.009864629962151764,0.4771362056462228,0.020475092549051083,0.46614424930046744,0.009864629962151764,0.46586253854531473,0.012286572324274391,0.8220480831001558,0.0032882099873839245,0.7001182246564577,0.011679403603489921
4Class_ND_CD_ED_MD,feature_minus_AU09_r,feature,AU09_r,AU,38,0.46032772824079593,0.012291036923517185,0.4603277282407959,0.012291036923517195,0.47843408524083736,0.021834890700166996,0.4603277282407959,0.012291036923517195,0.4624159720009925,0.01475085777532731,0.820109242746932,0.0040970123078390795,0.6999451527821,0.011984791523707813
4Class_ND_CD_ED_MD,feature_minus_AU10_r,feature,AU10_r,AU,38,0.4647089085825771,0.008858175150818378,0.4647089085825771,0.00885817515081838,0.4778901626141332,0.013024784023992955,0.4647089085825771,0.00885817515081838,0.4646341935568367,0.008491477304074124,0.8215696361941923,0.002952725050272794,0.704034361876013,0.009994141520236383
4Class_ND_CD_ED_MD,feature_minus_AU12_r,feature,AU12_r,AU,38,0.4581491178307936,0.009913658898745873,0.4581491178307936,0.009913658898745886,0.4769526951357864,0.018488956891584234,0.4581491178307936,0.009913658898745886,0.4611051268036811,0.011336198439357823,0.8193830392769312,0.0033045529662485956,0.6967223809860967,0.012147833338424235
4Class_ND_CD_ED_MD,feature_minus_AU14_r,feature,AU14_r,AU,38,0.4628156647129421,0.008763691768326818,0.4628156647129421,0.008763691768326821,0.48110375315187853,0.017405822933424037,0.4628156647129421,0.008763691768326821,0.464448750118561,0.01029629474647046,0.8209385549043139,0.002921230589442251,0.7035920035572851,0.008095193247446732
4Class_ND_CD_ED_MD,feature_minus_AU15_r,feature,AU15_r,AU,38,0.4627093321529919,0.012677422236412978,0.4627093321529919,0.012677422236413013,0.48143512247811504,0.014777737402205613,0.4627093321529919,0.012677422236413013,0.4652725092957081,0.01098254997065534,0.8209031107176641,0.004225807412137651,0.7006153461390421,0.012912824544814409
4Class_ND_CD_ED_MD,feature_minus_AU17_r,feature,AU17_r,AU,38,0.4608334621221551,0.0025984980932640556,0.4608334621221551,0.0025984980932640556,0.47965356824101085,0.009784686135097144,0.4608334621221551,0.0025984980932640556,0.46330399558323465,0.006693344026591045,0.820277820707385,0.0008661660310880475,0.6966668210898654,0.008512172034987244
4Class_ND_CD_ED_MD,feature_minus_AU20_r,feature,AU20_r,AU,38,0.46222660533951326,0.009339716195316858,0.46222660533951326,0.009339716195316856,0.4778177705279454,0.017460059832300135,0.46222660533951326,0.009339716195316856,0.46376721872824433,0.011054687519531453,0.8207422017798379,0.0031132387317723037,0.6981602082983059,0.00924347720401654
4Class_ND_CD_ED_MD,feature_minus_AU23_r,feature,AU23_r,AU,38,0.45252914876358935,0.013775930057510072,0.45252914876358935,0.013775930057510072,0.46932401605896545,0.02155511636458465,0.45252914876358935,0.013775930057510072,0.453623663502441,0.01551718727228402,0.8175097162545297,0.004591976685836705,0.6950981631302987,0.014572961332646253
4Class_ND_CD_ED_MD,feature_minus_AU25_r,feature,AU25_r,AU,38,0.44932317579072006,0.007527481230352831,0.44932317579072006,0.007527481230352838,0.46652987098697835,0.010307091380066708,0.44932317579072006,0.007527481230352838,0.45092945748952384,0.006880889472141871,0.8164410585969067,0.002509160410117573,0.69171357155678,0.009388661773068607
4Class_ND_CD_ED_MD,feature_minus_AU26_r,feature,AU26_r,AU,38,0.4583135211485385,0.010106912386338714,0.4583135211485385,0.010106912386338695,0.47517107391122765,0.01260283707316495,0.4583135211485385,0.010106912386338695,0.4592822141036802,0.014321418035917589,0.8194378403828461,0.0033689707954462625,0.6951205249290606,0.005399106494542972
4Class_ND_CD_ED_MD,feature_minus_AU45_r,feature,AU45_r,AU,38,0.44551706146364023,0.01178345969170118,0.44551706146364023,0.011783459691701179,0.4558624793665336,0.0125919824585198,0.44551706146364023,0.011783459691701179,0.44568116988873624,0.011524097689116327,0.8151723538212133,0.0039278198972337326,0.6930656080652922,0.011625014886676171
4Class_ND_CD_ED_MD,feature_minus_pose_Tx,feature,pose_Tx,POSE,38,0.46082107997994604,0.01027947406799468,0.46082107997994604,0.010279474067994683,0.4774586215130164,0.016508145151720506,0.46082107997994604,0.010279474067994683,0.4620831089890832,0.012530726877661451,0.8202736933266486,0.0034264913559982134,0.7013626503409175,0.010593959140895006
4Class_ND_CD_ED_MD,feature_minus_pose_Ty,feature,pose_Ty,POSE,38,0.46517024634712795,0.009682625983153892,0.46517024634712795,0.00968262598315391,0.48219860432728223,0.016891293769222798,0.46517024634712795,0.00968262598315391,0.4664750251344322,0.011849839745252605,0.8217234154490427,0.003227541994384651,0.7034624460508343,0.01243118718724211
4Class_ND_CD_ED_MD,feature_minus_pose_Tz,feature,pose_Tz,POSE,38,0.45659608646875843,0.012064053175901953,0.45659608646875843,0.01206405317590196,0.4730306504155669,0.019563816911758534,0.45659608646875843,0.01206405317590196,0.45711377351314003,0.013552775785205997,0.8188653621562528,0.004021351058633994,0.6996586121475273,0.011169035106360393
4Class_ND_CD_ED_MD,feature_minus_pose_Rx,feature,pose_Rx,POSE,38,0.46310746865987784,0.007623674581088492,0.46310746865987784,0.007623674581088501,0.48140771042831465,0.015163224506572601,0.46310746865987784,0.007623674581088501,0.46447769873239936,0.008110778974466869,0.8210358228866259,0.002541224860362801,0.7023188870743676,0.011838595218064355
4Class_ND_CD_ED_MD,feature_minus_pose_Ry,feature,pose_Ry,POSE,38,0.46137626691095085,0.012896017697138117,0.46137626691095096,0.012896017697138117,0.4807745555157684,0.019269323294929717,0.46137626691095096,0.012896017697138117,0.4635818123529979,0.01233020715650342,0.8204587556369838,0.0042986725657127006,0.7013168888920769,0.010966236881573874
4Class_ND_CD_ED_MD,feature_minus_pose_Rz,feature,pose_Rz,POSE,38,0.46068305681733773,0.010532697230506004,0.46068305681733773,0.010532697230506007,0.47918999637036075,0.018349817857614838,0.46068305681733773,0.010532697230506007,0.4630205545907069,0.01203349490551615,0.8202276856057791,0.0035108990768353593,0.6993380480441485,0.013483196080712936
4Class_ND_CD_ED_MD,feature_minus_Speed,feature,Speed,VEHICLE,38,0.4530442306445428,0.008525319604011152,0.4530442306445428,0.008525319604011174,0.47000097835197413,0.013099506043605654,0.4530442306445428,0.008525319604011174,0.45454782040626396,0.007885082651166065,0.8176814102148476,0.0028417732013370765,0.6939320047462744,0.009815052560310955
4Class_ND_CD_ED_MD,feature_minus_Acceleration,feature,Acceleration,VEHICLE,38,0.46056240301081736,0.01140848865693364,0.4605624030108174,0.011408488656933655,0.4784740068932617,0.021788984725723735,0.4605624030108174,0.011408488656933655,0.46319515589846727,0.013827867764678226,0.8201874676702724,0.003802829552311203,0.701512916091531,0.01012643439158114
4Class_ND_CD_ED_MD,feature_minus_Brake,feature,Brake,VEHICLE,38,0.4598997117407827,0.014652713546430225,0.4598997117407827,0.014652713546430232,0.4750301851233254,0.02055424511109301,0.4598997117407827,0.014652713546430232,0.46064925510803184,0.01345201899636762,0.8199665705802609,0.004884237848810076,0.699396888122863,0.015281637871705582
4Class_ND_CD_ED_MD,feature_minus_Steering,feature,Steering,VEHICLE,38,0.45746198956089545,0.016334029868831316,0.45746198956089545,0.016334029868831357,0.4757985543559159,0.020117776746281624,0.45746198956089545,0.016334029868831357,0.4583540762107634,0.016319056757491446,0.8191539965202985,0.005444676622943756,0.6969994349947669,0.014079253727582118
4Class_ND_CD_ED_MD,feature_minus_LaneOffset,feature,LaneOffset,VEHICLE,38,0.46132554594213787,0.016064886290019,0.461325545942138,0.016064886290019023,0.473692050452631,0.022734408663419258,0.461325545942138,0.016064886290019023,0.4604515105958266,0.0167704308771217,0.8204418486473793,0.005354962096673015,0.7045154922445608,0.013355866215416717
4Class_ND_CD_ED_MD,feature_minus_gaze_0_x,feature,gaze_0_x,GAZE,38,0.4577442065351619,0.020323261897218885,0.4577442065351619,0.020323261897218885,0.4741838701557032,0.026086053376124373,0.4577442065351619,0.020323261897218885,0.45967678047155386,0.02140355848529475,0.8192480688450541,0.0067744206324063,0.7002473470165279,0.013153503116627111
4Class_ND_CD_ED_MD,feature_minus_gaze_0_y,feature,gaze_0_y,GAZE,38,0.46658551157954886,0.014169589106590441,0.46658551157954886,0.014169589106590436,0.4817535631280266,0.018761748086082216,0.46658551157954886,0.014169589106590436,0.46716722642838115,0.013402921819918758,0.8221951705265163,0.004723196368863477,0.7054243543920735,0.012718410484343058
4Class_ND_CD_ED_MD,feature_minus_gaze_0_z,feature,gaze_0_z,GAZE,38,0.46061210262365815,0.00911741258243264,0.46061210262365815,0.009117412582432684,0.47874902211022474,0.016073644111765286,0.46061210262365815,0.009117412582432684,0.46243692038471307,0.010570036548804037,0.8202040342078861,0.003039137527477554,0.701149101043352,0.012958221038709247
4Class_ND_CD_ED_MD,feature_minus_gaze_1_x,feature,gaze_1_x,GAZE,38,0.4627081399300373,0.010238602958053298,0.4627081399300373,0.010238602958053298,0.4789739647971521,0.01804105909315516,0.4627081399300373,0.010238602958053298,0.4642765463035451,0.012474680302651526,0.8209027133100125,0.0034128676526844442,0.704867308426153,0.010286307505883524
4Class_ND_CD_ED_MD,feature_minus_gaze_1_y,feature,gaze_1_y,GAZE,38,0.4590195474564386,0.01322465944501354,0.45901954745643864,0.013224659445013554,0.47661558507258794,0.020035500735589958,0.45901954745643864,0.013224659445013554,0.4602413336817574,0.012199154630564557,0.8196731824854796,0.004408219815004486,0.7008986418522054,0.01277047498401441
4Class_ND_CD_ED_MD,feature_minus_gaze_1_z,feature,gaze_1_z,GAZE,38,0.45950359708369054,0.010181622718472212,0.4595035970836906,0.010181622718472236,0.47900897322495856,0.015332246368081195,0.4595035970836906,0.010181622718472236,0.46173446117884226,0.01107833422468282,0.8198345323612302,0.0033938742394907496,0.7002026475720424,0.013232219234671857
4Class_ND_CD_ED_MD,feature_minus_gaze_angle_x,feature,gaze_angle_x,GAZE,38,0.46021627331353265,0.016005324902732994,0.46021627331353265,0.016005324902732994,0.4768150304906703,0.022652186367637057,0.46021627331353265,0.016005324902732994,0.4621765817806267,0.016866705786060348,0.820072091104511,0.005335108300910996,0.7016256679095589,0.011324050407878017
4Class_ND_CD_ED_MD,feature_minus_gaze_angle_y,feature,gaze_angle_y,GAZE,38,0.45985928916204866,0.012645703086862916,0.4598592891620486,0.012645703086862928,0.47670585850983127,0.015437254662969073,0.4598592891620486,0.012645703086862928,0.4607086242212318,0.009508380144228211,0.8199530963873496,0.004215234362287646,0.7009076432606003,0.014423630472895634
4Class_ND_CD_ED_MD,feature_minus_gaze_vel,feature,gaze_vel,GAZE,38,0.46182554439624524,0.01368490517622408,0.46182554439624524,0.01368490517622409,0.4797750846488304,0.019411557637237748,0.46182554439624524,0.01368490517622409,0.4638527278407407,0.013494989476195611,0.8206085147987483,0.004561635058741336,0.700429550642112,0.011103636535408993
4Class_ND_CD_ED_MD,feature_minus_gaze_amp,feature,gaze_amp,GAZE,38,0.46275613134234483,0.013018072083699478,0.46275613134234483,0.013018072083699471,0.4803478511586673,0.018718716127727648,0.46275613134234483,0.013018072083699471,0.4646245528574006,0.012902814898693167,0.8209187104474482,0.004339357361233188,0.7007201660549418,0.010982771212456601
4Class_ND_CD_ED_MD,feature_minus_gaze_acc,feature,gaze_acc,GAZE,38,0.4581341774864864,0.014496050177987531,0.4581341774864864,0.014496050177987559,0.47510527517047424,0.019631005040990093,0.4581341774864864,0.014496050177987559,0.4596742547196991,0.013899314417269307,0.8193780591621621,0.004832016725995875,0.7005756727893013,0.011613893037158313
3Class_ND_ED_MD,baseline_all_features,baseline,none,none,39,0.6903511190941056,0.028030186236738582,0.6903511190941056,0.02803018623673854,0.7051131270894507,0.0331271366756264,0.6903511190941056,0.02803018623673854,0.6909460918475465,0.02841020702311634,0.8451755595470528,0.014015093118369307,0.8481009316647162,0.020031672399283492
3Class_ND_ED_MD,group_minus_AU,group,AU,AU,22,0.5555171736242279,0.042909263797657485,0.5555171736242279,0.0429092637976575,0.5620355598548439,0.049090044373572644,0.5555171736242279,0.0429092637976575,0.5567503186522212,0.04597080182201092,0.7777585868121139,0.021454631898828718,0.7394083924545062,0.03332035114808661
3Class_ND_ED_MD,group_minus_POSE,group,POSE,POSE,33,0.681955686154685,0.03213549922917148,0.681955686154685,0.03213549922917151,0.701171503507022,0.03417013034348348,0.681955686154685,0.03213549922917151,0.6824067010162354,0.03214953040541424,0.8409778430773425,0.016067749614585722,0.8436202087401611,0.01968683094459861
3Class_ND_ED_MD,group_minus_VEHICLE,group,VEHICLE,VEHICLE,34,0.6698997912303856,0.03531590470186127,0.6698997912303855,0.03531590470186127,0.686929735651321,0.03869435832339947,0.6698997912303855,0.03531590470186127,0.669250537992397,0.036971171150203014,0.8349498956151928,0.017657952350930643,0.8421948370318836,0.022754540955904273
3Class_ND_ED_MD,group_minus_GAZE,group,GAZE,GAZE,28,0.6688987485570541,0.031440565873755155,0.6688987485570542,0.03144056587375519,0.6960152915954213,0.03129003252359934,0.6688987485570542,0.03144056587375519,0.6658647910787923,0.03307688622625382,0.834449374278527,0.01572028293687754,0.8376001484506197,0.02219747651921839
3Class_ND_ED_MD,feature_minus_AU01_r,feature,AU01_r,AU,38,0.6861361883663084,0.02501021466405268,0.6861361883663084,0.0250102146640527,0.7004975586686907,0.03043468103416795,0.6861361883663084,0.0250102146640527,0.6866957704264499,0.025834592172500503,0.8430680941831543,0.012505107332026368,0.8481963842665993,0.01727741109769206
3Class_ND_ED_MD,feature_minus_AU02_r,feature,AU02_r,AU,38,0.6846509073521102,0.022130840822042537,0.6846509073521102,0.022130840822042537,0.7001764118860285,0.028679976792331523,0.6846509073521102,0.022130840822042537,0.684814925976639,0.02178682719671875,0.8423254536760553,0.011065420411021232,0.8473437430840363,0.020300534270636585
3Class_ND_ED_MD,feature_minus_AU04_r,feature,AU04_r,AU,38,0.6994327595169795,0.027938058916842434,0.6994327595169794,0.027938058916842437,0.7142518678299178,0.033794402670734816,0.6994327595169794,0.027938058916842437,0.7007553105893883,0.027729712846569686,0.8497163797584898,0.013969029458421205,0.8538742634651761,0.020213671800648734
3Class_ND_ED_MD,feature_minus_AU05_r,feature,AU05_r,AU,38,0.6902245236839409,0.025603900115970656,0.6902245236839409,0.025603900115970635,0.7075356555861876,0.02916407191588231,0.6902245236839409,0.025603900115970635,0.6910953055435096,0.025120399882571035,0.8451122618419706,0.012801950057985319,0.8489542975554851,0.019627022839901795
3Class_ND_ED_MD,feature_minus_AU06_r,feature,AU06_r,AU,38,0.691707758597783,0.02785398493310285,0.691707758597783,0.02785398493310285,0.7037481397616079,0.03217069864463266,0.691707758597783,0.02785398493310285,0.6915024831494991,0.02803703733920876,0.8458538792988917,0.013926992466551403,0.8500893019046998,0.019256179746799773
3Class_ND_ED_MD,feature_minus_AU07_r,feature,AU07_r,AU,38,0.6838467648938621,0.032257413953656194,0.6838467648938621,0.032257413953656194,0.6970068866206616,0.036061012591218466,0.6838467648938621,0.032257413953656194,0.6836911192911836,0.03305075315436595,0.8419233824469309,0.01612870697682812,0.844247584604048,0.022253734142756644
3Class_ND_ED_MD,feature_minus_AU09_r,feature,AU09_r,AU,38,0.6848396442366986,0.026545629971040423,0.6848396442366987,0.026545629971040412,0.7012694791330872,0.031235250433378645,0.6848396442366987,0.026545629971040412,0.6852454586110994,0.026474229259603868,0.8424198221183493,0.013272814985520258,0.8471953274990547,0.020933434612789032
3Class_ND_ED_MD,feature_minus_AU10_r,feature,AU10_r,AU,38,0.6943539976564249,0.02731222696601765,0.6943539976564248,0.027312226966017695,0.7085098486927589,0.030059159206633695,0.6943539976564248,0.027312226966017695,0.694823401757827,0.027258062162869825,0.8471769988282125,0.013656113483008837,0.8500316017961952,0.019875153506028188
3Class_ND_ED_MD,feature_minus_AU12_r,feature,AU12_r,AU,38,0.6874487405449905,0.02809333308062243,0.6874487405449904,0.028093333080622396,0.7016614830993594,0.0329051919067964,0.6874487405449904,0.028093333080622396,0.6880715794763187,0.028247828053630103,0.8437243702724952,0.014046666540311198,0.8471299038890828,0.021259742425371646
3Class_ND_ED_MD,feature_minus_AU14_r,feature,AU14_r,AU,38,0.6878053368650094,0.02007425073533199,0.6878053368650094,0.020074250735332023,0.7027020817244569,0.025774800328543554,0.6878053368650094,0.020074250735332023,0.6885546632801643,0.019694719152734595,0.8439026684325048,0.010037125367665998,0.8470069579363454,0.016041704804067723
3Class_ND_ED_MD,feature_minus_AU15_r,feature,AU15_r,AU,38,0.6904948417438131,0.033948402486467334,0.6904948417438131,0.03394840248646733,0.7040339089190102,0.03476550315138786,0.6904948417438131,0.03394840248646733,0.6912951664575655,0.03399742386782343,0.8452474208719065,0.016974201243233608,0.8515310796090724,0.022095199514800292
3Class_ND_ED_MD,feature_minus_AU17_r,feature,AU17_r,AU,38,0.6897340792651657,0.030065946846509976,0.6897340792651657,0.030065946846509952,0.705315543824203,0.03489080273531102,0.6897340792651657,0.030065946846509952,0.6905961546163875,0.029906809575403,0.8448670396325829,0.015032973423254981,0.8480420946553519,0.02236797679506921
3Class_ND_ED_MD,feature_minus_AU20_r,feature,AU20_r,AU,38,0.6893237316035266,0.02682110445597319,0.6893237316035266,0.02682110445597319,0.702744835263471,0.031007711814401873,0.6893237316035266,0.02682110445597319,0.6901854549591308,0.027442502596542486,0.8446618658017633,0.013410552227986535,0.8481447449443615,0.021044313446456634
3Class_ND_ED_MD,feature_minus_AU23_r,feature,AU23_r,AU,38,0.6839584625644178,0.035528318491510856,0.6839584625644178,0.03552831849151086,0.6999915148213574,0.039208992344303834,0.6839584625644178,0.03552831849151086,0.6844884599711087,0.03581123863399253,0.841979231282209,0.017764159245755428,0.8458974845706351,0.021736910229777428
3Class_ND_ED_MD,feature_minus_AU25_r,feature,AU25_r,AU,38,0.6723413359713293,0.02790005475615673,0.6723413359713293,0.02790005475615673,0.6887749930549405,0.02838881718355358,0.6723413359713293,0.02790005475615673,0.6738801478886154,0.02658819288142821,0.8361706679856648,0.013950027378078341,0.8374351000557854,0.020782429495654283
3Class_ND_ED_MD,feature_minus_AU26_r,feature,AU26_r,AU,38,0.6743270477060485,0.02394389289253396,0.6743270477060485,0.023943892892534013,0.6910045802244569,0.028856517522165108,0.6743270477060485,0.023943892892534013,0.6752290960046923,0.024425218552377833,0.8371635238530242,0.011971946446266951,0.8365849991285401,0.015688158660845067
3Class_ND_ED_MD,feature_minus_AU45_r,feature,AU45_r,AU,38,0.6629150500693493,0.025083453990222427,0.6629150500693493,0.02508345399022242,0.6699033071976258,0.024458774693041148,0.6629150500693493,0.02508345399022242,0.6619018299387747,0.02479963461602473,0.8314575250346747,0.01254172699511127,0.8280415054469138,0.019175710887525902
3Class_ND_ED_MD,feature_minus_pose_Tx,feature,pose_Tx,POSE,38,0.6879396506136567,0.025774701577410655,0.6879396506136569,0.025774701577410634,0.7030280546589511,0.030353447174109604,0.6879396506136569,0.025774701577410634,0.6889249728729205,0.025697381012456624,0.8439698253068284,0.01288735078870526,0.847155172208956,0.019526426072427737
3Class_ND_ED_MD,feature_minus_pose_Ty,feature,pose_Ty,POSE,38,0.6880291198631252,0.031728243731572646,0.6880291198631253,0.03172824373157264,0.7036879270490747,0.03518786474377042,0.6880291198631253,0.03172824373157264,0.6889272227984703,0.032023808416994766,0.8440145599315626,0.01586412186578632,0.8505621496580875,0.020385667584143126
3Class_ND_ED_MD,feature_minus_pose_Tz,feature,pose_Tz,POSE,38,0.6877545764546372,0.029706049986431265,0.6877545764546373,0.0297060499864313,0.7025404266384954,0.03316477749037738,0.6877545764546373,0.0297060499864313,0.6883135614923431,0.02986025959657007,0.8438772882273187,0.014853024993215676,0.8466972587135377,0.019679061553342054
3Class_ND_ED_MD,feature_minus_pose_Rx,feature,pose_Rx,POSE,38,0.6881030722943027,0.03024035586812167,0.6881030722943027,0.0302403558681217,0.7037188421479943,0.0340789735247899,0.6881030722943027,0.0302403558681217,0.688788209902564,0.030388351923589126,0.8440515361471512,0.015120177934060832,0.8483976900886219,0.02046329258645715
3Class_ND_ED_MD,feature_minus_pose_Ry,feature,pose_Ry,POSE,38,0.6918678460075209,0.028317216195932405,0.6918678460075209,0.028317216195932454,0.7075529195452152,0.032991811547332626,0.6918678460075209,0.028317216195932454,0.6926951340876193,0.028020205750165197,0.8459339230037605,0.014158608097966197,0.8461900832428857,0.019686591768530156
3Class_ND_ED_MD,feature_minus_pose_Rz,feature,pose_Rz,POSE,38,0.691074546889715,0.03006193191064508,0.691074546889715,0.030061931910645132,0.7062733799055163,0.03572576755524174,0.691074546889715,0.030061931910645132,0.6916420153466818,0.030752623962501068,0.8455372734448575,0.01503096595532257,0.8474179407432082,0.021411562190400392
3Class_ND_ED_MD,feature_minus_Speed,feature,Speed,VEHICLE,38,0.6797975080996924,0.02586033015495356,0.6797975080996925,0.02586033015495354,0.694616671562803,0.032027182333782024,0.6797975080996925,0.02586033015495354,0.6804674962047716,0.026289213394917257,0.839898754049846,0.012930165077476746,0.8430525083678905,0.01780029354408974
3Class_ND_ED_MD,feature_minus_Acceleration,feature,Acceleration,VEHICLE,38,0.6910373311174324,0.024992017103361467,0.6910373311174323,0.024992017103361512,0.706141822105957,0.02845006064005281,0.6910373311174323,0.024992017103361512,0.691753434930531,0.02471601611992147,0.8455186655587162,0.012496008551680792,0.8482212672365715,0.0220002474436195
3Class_ND_ED_MD,feature_minus_Brake,feature,Brake,VEHICLE,38,0.6892805559796973,0.029382971741489315,0.6892805559796973,0.029382971741489298,0.7043260957799211,0.03405186306561377,0.6892805559796973,0.029382971741489298,0.6896757734022948,0.029458822959413756,0.8446402779898486,0.014691485870744663,0.8497825960923754,0.01879154181820818
3Class_ND_ED_MD,feature_minus_Steering,feature,Steering,VEHICLE,38,0.6808136022180207,0.030368489918566936,0.6808136022180207,0.030368489918566936,0.6970397953061546,0.03477650029138222,0.6808136022180207,0.030368489918566936,0.6811225055832051,0.03091725002273514,0.8404068011090103,0.015184244959283482,0.8445556680217873,0.021779602429950654
3Class_ND_ED_MD,feature_minus_LaneOffset,feature,LaneOffset,VEHICLE,38,0.686305290335478,0.03137633916056426,0.686305290335478,0.0313763391605643,0.701887551418943,0.033438211116662286,0.686305290335478,0.0313763391605643,0.6869312950807566,0.03172815058579508,0.843152645167739,0.015688169580282157,0.846415891966944,0.022593009540966904
3Class_ND_ED_MD,feature_minus_gaze_0_x,feature,gaze_0_x,GAZE,38,0.6847633748043309,0.0347758604746591,0.6847633748043309,0.03477586047465909,0.699493280002285,0.03862616413818401,0.6847633748043309,0.03477586047465909,0.6853808187958781,0.035114635133479004,0.8423816874021653,0.01738793023732952,0.8468520327126983,0.02208386001314509
3Class_ND_ED_MD,feature_minus_gaze_0_y,feature,gaze_0_y,GAZE,38,0.6910567160980449,0.030579902867584517,0.6910567160980448,0.03057990286758445,0.7063128005014564,0.034293580924123,0.6910567160980448,0.03057990286758445,0.691680903381304,0.030893045753462474,0.8455283580490225,0.01528995143379223,0.8515067440349364,0.020418507411634527
3Class_ND_ED_MD,feature_minus_gaze_0_z,feature,gaze_0_z,GAZE,38,0.6868750517579022,0.028345644194081206,0.6868750517579022,0.028345644194081157,0.7019831449291005,0.03254836732664876,0.6868750517579022,0.028345644194081157,0.6875214286477067,0.02852989961966426,0.8434375258789512,0.014172822097040579,0.8479057916597446,0.0193134591268564
3Class_ND_ED_MD,feature_minus_gaze_1_x,feature,gaze_1_x,GAZE,38,0.6901824980023961,0.028183792603616926,0.6901824980023961,0.02818379260361687,0.7042717732190596,0.03180421558056086,0.6901824980023961,0.02818379260361687,0.691052642614401,0.028553546960153046,0.845091249001198,0.014091896301808479,0.8516299107214538,0.01889332841191971
3Class_ND_ED_MD,feature_minus_gaze_1_y,feature,gaze_1_y,GAZE,38,0.6851183127695089,0.02761884992286848,0.6851183127695089,0.027618849922868508,0.7014190491723384,0.03135112846050887,0.6851183127695089,0.027618849922868508,0.685695943892404,0.027105705987734884,0.8425591563847545,0.01380942496143425,0.8467081751888532,0.020096668482405062
3Class_ND_ED_MD,feature_minus_gaze_1_z,feature,gaze_1_z,GAZE,38,0.6908082753285887,0.02817643068054835,0.6908082753285887,0.02817643068054837,0.7055110408561583,0.033272170593278236,0.6908082753285887,0.02817643068054837,0.6915906745494055,0.02848785731501904,0.8454041376642942,0.014088215340274192,0.8480805314404151,0.019845884116837458
3Class_ND_ED_MD,feature_minus_gaze_angle_x,feature,gaze_angle_x,GAZE,38,0.6861965732428491,0.029278877989633457,0.6861965732428491,0.02927887798963341,0.7006613587868646,0.033669531927367304,0.6861965732428491,0.02927887798963341,0.6872161503759121,0.02952362650004069,0.8430982866214245,0.014639438994816728,0.8477166099569352,0.02115384770188425
3Class_ND_ED_MD,feature_minus_gaze_angle_y,feature,gaze_angle_y,GAZE,38,0.6875982310557788,0.03472755370732789,0.6875982310557789,0.03472755370732792,0.7034282411313295,0.03674534414375178,0.6875982310557789,0.03472755370732792,0.6879828071069245,0.03478138818308195,0.8437991155278894,0.017363776853663866,0.8498494409781563,0.02255966664594198
3Class_ND_ED_MD,feature_minus_gaze_vel,feature,gaze_vel,GAZE,38,0.6898217775468366,0.027455129935089605,0.6898217775468366,0.027455129935089608,0.7050735658212399,0.03196835295176519,0.6898217775468366,0.027455129935089608,0.6906399096287134,0.027665187902410522,0.8449108887734184,0.01372756496754481,0.8495784040302994,0.021131017266830695
3Class_ND_ED_MD,feature_minus_gaze_amp,feature,gaze_amp,GAZE,38,0.6917005867237742,0.027937481740169284,0.6917005867237742,0.027937481740169356,0.7068650947924333,0.03249615985766808,0.6917005867237742,0.027937481740169356,0.6924476976051818,0.028376994079115828,0.8458502933618872,0.013968740870084678,0.8499438710930136,0.021276487535835314
3Class_ND_ED_MD,feature_minus_gaze_acc,feature,gaze_acc,GAZE,38,0.6880669011768571,0.030636429473177573,0.6880669011768572,0.030636429473177615,0.7044510524373171,0.034916778748924314,0.6880669011768572,0.030636429473177615,0.688905243200358,0.030639327161234773,0.8440334505884287,0.01531821473658878,0.8498310221516336,0.020555628298076153
3Class_ND_CDED_MD,baseline_all_features,baseline,none,none,39,0.7184487312171127,0.022846525961613465,0.7184487312171128,0.022846525961613465,0.7301930018495357,0.02541220437882562,0.7184487312171128,0.022846525961613465,0.720253688810673,0.02341467637337406,0.8592243656085564,0.011423262980806757,0.8763412356507105,0.02498607927012102
3Class_ND_CDED_MD,group_minus_AU,group,AU,AU,22,0.6152247115031859,0.02288784119877883,0.6152247115031859,0.022887841198778815,0.6318691716665774,0.018947539180587995,0.6152247115031859,0.022887841198778815,0.6173046138525425,0.022575589313266416,0.807612355751593,0.011443920599389444,0.7913825077838745,0.020273550332401045
3Class_ND_CDED_MD,group_minus_POSE,group,POSE,POSE,33,0.713289772981929,0.01904574975721882,0.713289772981929,0.019045749757218813,0.7308936382811873,0.019537170093770987,0.713289772981929,0.019045749757218813,0.7154435551235752,0.01945417042616881,0.8566448864909644,0.00952287487860945,0.8699420939356637,0.02185408647384424
3Class_ND_CDED_MD,group_minus_VEHICLE,group,VEHICLE,VEHICLE,34,0.7090380259696667,0.021210047797730065,0.7090380259696668,0.021210047797729992,0.7217221626759409,0.022305151641642023,0.7090380259696668,0.021210047797729992,0.7101918736269983,0.021688899656029423,0.8545190129848332,0.010605023898865043,0.8713201694216448,0.024286420635943388
3Class_ND_CDED_MD,group_minus_GAZE,group,GAZE,GAZE,28,0.6882182973835589,0.026829792425602926,0.6882182973835587,0.026829792425602857,0.7182968746680602,0.021771911503184176,0.6882182973835587,0.026829792425602857,0.6860065485690067,0.03019926346974151,0.8441091486917796,0.013414896212801442,0.8534751418893265,0.020405321948679188
3Class_ND_CDED_MD,feature_minus_AU01_r,feature,AU01_r,AU,38,0.7168360876867095,0.02222921039640381,0.7168360876867095,0.02222921039640383,0.7307378477692856,0.025926942329008933,0.7168360876867095,0.02222921039640383,0.7188970410430883,0.02253512146812737,0.8584180438433547,0.011114605198201895,0.8754953235445229,0.02627767930724771
3Class_ND_CDED_MD,feature_minus_AU02_r,feature,AU02_r,AU,38,0.7214313188294674,0.02679382837516134,0.7214313188294674,0.026793828375161394,0.7352649922665899,0.02890116238544007,0.7214313188294674,0.026793828375161394,0.7232072941163304,0.02749668456531522,0.8607156594147337,0.013396914187580686,0.8756675510975762,0.02570958773783887
3Class_ND_CDED_MD,feature_minus_AU04_r,feature,AU04_r,AU,38,0.7264553016743864,0.02129335921269574,0.7264553016743864,0.02129335921269574,0.7389005153832512,0.022301377688669778,0.7264553016743864,0.02129335921269574,0.7285081399836336,0.02173943647815946,0.8632276508371934,0.010646679606347877,0.879067179095858,0.023566634088706327
3Class_ND_CDED_MD,feature_minus_AU05_r,feature,AU05_r,AU,38,0.7192232108659394,0.024288898117271036,0.7192232108659393,0.024288898117271064,0.7325113160059216,0.024937389699042734,0.7192232108659393,0.024288898117271064,0.7211921515069518,0.024557760328625437,0.8596116054329697,0.012144449058635482,0.8747659926369542,0.024923213614768007
3Class_ND_CDED_MD,feature_minus_AU06_r,feature,AU06_r,AU,38,0.7222001584651412,0.023279736035887892,0.7222001584651412,0.023279736035887892,0.7340697999736573,0.024191971194105013,0.7222001584651412,0.023279736035887892,0.7240502177135391,0.02368426492117907,0.8611000792325706,0.011639868017943974,0.8786398357788393,0.02412430091364448
3Class_ND_CDED_MD,feature_minus_AU07_r,feature,AU07_r,AU,38,0.7209830402919299,0.02838530529054329,0.72098304029193,0.028385305290543228,0.7312407822985347,0.030442992612596663,0.72098304029193,0.028385305290543228,0.7225187601463434,0.028849290303581115,0.8604915201459651,0.01419265264527163,0.8747207922160747,0.02619835015573592
3Class_ND_CDED_MD,feature_minus_AU09_r,feature,AU09_r,AU,38,0.7143133607856396,0.02297254417250348,0.7143133607856396,0.022972544172503474,0.727735670909971,0.024497665407445114,0.7143133607856396,0.022972544172503474,0.7162785692991014,0.02353117565283721,0.8571566803928198,0.011486272086251704,0.8745544382295123,0.024298252831554918
3Class_ND_CDED_MD,feature_minus_AU10_r,feature,AU10_r,AU,38,0.7224204270388277,0.023180311082653376,0.7224204270388277,0.023180311082653327,0.7348200674142809,0.02261007574009529,0.7224204270388277,0.023180311082653327,0.7241557608949081,0.023773822962666218,0.8612102135194138,0.011590155541326657,0.8775915712032892,0.025987107979788104
3Class_ND_CDED_MD,feature_minus_AU12_r,feature,AU12_r,AU,38,0.721696718273576,0.025141257535966664,0.721696718273576,0.025141257535966636,0.7344759986341453,0.026062911686910297,0.721696718273576,0.025141257535966636,0.7237352358144824,0.025441640271143356,0.8608483591367879,0.012570628767983377,0.8788268332909709,0.024557560505944036
3Class_ND_CDED_MD,feature_minus_AU14_r,feature,AU14_r,AU,38,0.7165697615190701,0.022093898998869526,0.7165697615190703,0.022093898998869536,0.7295548586563758,0.02363853923367488,0.7165697615190703,0.022093898998869536,0.7183388850646707,0.02271830317468028,0.8582848807595351,0.011046949499434732,0.8745993915362844,0.02304402113008976
3Class_ND_CDED_MD,feature_minus_AU15_r,feature,AU15_r,AU,38,0.7244583643549978,0.026918793143050162,0.7244583643549978,0.02691879314305013,0.738077665426594,0.027440603071478137,0.7244583643549978,0.02691879314305013,0.7265886626840369,0.027202815462014703,0.8622291821774988,0.013459396571525123,0.8770630253288779,0.02418048970055486
3Class_ND_CDED_MD,feature_minus_AU17_r,feature,AU17_r,AU,38,0.7238400063280407,0.027396231444608506,0.7238400063280407,0.02739623144460853,0.736597850827138,0.027236735685040946,0.7238400063280407,0.02739623144460853,0.7257837988971233,0.027764977705168167,0.8619200031640204,0.013698115722304265,0.8758250073732518,0.02575553352413237
3Class_ND_CDED_MD,feature_minus_AU20_r,feature,AU20_r,AU,38,0.7241839736285375,0.025798498335758813,0.7241839736285376,0.025798498335758802,0.7353326612609283,0.027146439346693006,0.7241839736285376,0.025798498335758802,0.7261897910573085,0.02608098226240227,0.8620919868142687,0.012899249167879417,0.8776142706939938,0.021260932127812222
3Class_ND_CDED_MD,feature_minus_AU23_r,feature,AU23_r,AU,38,0.717017740597637,0.014433293314603754,0.717017740597637,0.0144332933146037,0.7317191810526624,0.017776301237751806,0.717017740597637,0.0144332933146037,0.7187927082441047,0.015026121856993466,0.8585088702988184,0.007216646657301876,0.8744816012461252,0.021131045355258712
3Class_ND_CDED_MD,feature_minus_AU25_r,feature,AU25_r,AU,38,0.7114823331472715,0.02633782041475714,0.7114823331472715,0.026337820414757115,0.7246949863015767,0.026843737286894695,0.7114823331472715,0.026337820414757115,0.7137558725760058,0.02668022228971519,0.8557411665736359,0.01316891020737855,0.8680683409530292,0.024805327139046207
3Class_ND_CDED_MD,feature_minus_AU26_r,feature,AU26_r,AU,38,0.7083134715491372,0.02548315601259332,0.708313471549137,0.02548315601259327,0.7224459672265728,0.02705569263072054,0.708313471549137,0.02548315601259327,0.710835907648476,0.02614048262472413,0.8541567357745686,0.01274157800629666,0.867847127329721,0.024417197342198545
3Class_ND_CDED_MD,feature_minus_AU45_r,feature,AU45_r,AU,38,0.6974511041173045,0.02754601284341919,0.6974511041173045,0.027546012843419208,0.7041607121555491,0.02882027733837423,0.6974511041173045,0.027546012843419208,0.698194424202595,0.02804772895098243,0.8487255520586523,0.013773006421709578,0.8575916890444948,0.027683992530995342
3Class_ND_CDED_MD,feature_minus_pose_Tx,feature,pose_Tx,POSE,38,0.7196217989558376,0.024976689299023972,0.7196217989558374,0.024976689299023924,0.7320371387202618,0.025411169212900986,0.7196217989558374,0.024976689299023924,0.7215111241600681,0.025305803856415378,0.8598108994779189,0.01248834464951201,0.8759365601230986,0.02448202567485733
3Class_ND_CDED_MD,feature_minus_pose_Ty,feature,pose_Ty,POSE,38,0.7198612429605127,0.0233521766783184,0.7198612429605127,0.02335217667831848,0.732475081098424,0.02449141146638728,0.7198612429605127,0.02335217667831848,0.7219635206567495,0.02380543222257151,0.8599306214802563,0.011676088339159223,0.8763554561147286,0.024722260319267917
3Class_ND_CDED_MD,feature_minus_pose_Tz,feature,pose_Tz,POSE,38,0.7184108912652654,0.018305919415160958,0.7184108912652655,0.018305919415161003,0.7311425102956585,0.020527028255902708,0.7184108912652655,0.018305919415161003,0.7201564024253289,0.018979748738976565,0.8592054456326327,0.009152959707580465,0.8754087876722634,0.024799685009403112
3Class_ND_CDED_MD,feature_minus_pose_Rx,feature,pose_Rx,POSE,38,0.7207371323619436,0.023651586046057667,0.7207371323619436,0.023651586046057667,0.7336409771519353,0.024980618399613453,0.7207371323619436,0.023651586046057667,0.7223825111992505,0.024097264522967735,0.8603685661809719,0.011825793023028814,0.8747808160716225,0.024442545283340007
3Class_ND_CDED_MD,feature_minus_pose_Ry,feature,pose_Ry,POSE,38,0.7220743430089755,0.02157049365769942,0.7220743430089755,0.02157049365769944,0.7360515560082433,0.02276195514264597,0.7220743430089755,0.02157049365769944,0.7239568874092261,0.02200114955219519,0.8610371715044878,0.010785246828849692,0.8758385643638809,0.024214966709828204
3Class_ND_CDED_MD,feature_minus_pose_Rz,feature,pose_Rz,POSE,38,0.7194970314714192,0.02464410453765851,0.7194970314714191,0.024644104537658466,0.7326585393777372,0.025686806323763352,0.7194970314714191,0.024644104537658466,0.7214234865259163,0.025014392714530282,0.8597485157357097,0.012322052268829268,0.8772987897268554,0.024072459784282914
3Class_ND_CDED_MD,feature_minus_Speed,feature,Speed,VEHICLE,38,0.7168418950786599,0.028604677938903863,0.7168418950786599,0.028604677938903887,0.730845160340827,0.030519559847801928,0.7168418950786599,0.028604677938903887,0.7185858788755213,0.0289381593624711,0.85842094753933,0.014302338969451968,0.873519704422901,0.02709052602176599
3Class_ND_CDED_MD,feature_minus_Acceleration,feature,Acceleration,VEHICLE,38,0.7236294140060755,0.024140197528007588,0.7236294140060755,0.02414019752800756,0.7353228776955121,0.025354767997239864,0.7236294140060755,0.02414019752800756,0.7253042143298037,0.02430706497492736,0.8618147070030379,0.01207009876400379,0.8761561845238907,0.023990204412462485
3Class_ND_CDED_MD,feature_minus_Brake,feature,Brake,VEHICLE,38,0.721231701270185,0.01978024087922068,0.721231701270185,0.0197802408792207,0.7344444027192172,0.02124775254814905,0.721231701270185,0.0197802408792207,0.7232667811548674,0.020123086609950224,0.8606158506350925,0.009890120439610317,0.8771125295681783,0.021799111238483465
3Class_ND_CDED_MD,feature_minus_Steering,feature,Steering,VEHICLE,38,0.7157136297733839,0.032540947586055184,0.7157136297733839,0.03254094758605521,0.7287809082694919,0.032082659924665156,0.7157136297733839,0.03254094758605521,0.7174158128162672,0.03331148391857862,0.857856814886692,0.016270473793027623,0.873721616683922,0.027319137935305313
3Class_ND_CDED_MD,feature_minus_LaneOffset,feature,LaneOffset,VEHICLE,38,0.7160132236925139,0.01730960865466479,0.716013223692514,0.01730960865466476,0.7281555097159982,0.018530210710765514,0.716013223692514,0.01730960865466476,0.717807070167768,0.01798579290804387,0.858006611846257,0.008654804327332408,0.8745762145289403,0.02394863644080719
3Class_ND_CDED_MD,feature_minus_gaze_0_x,feature,gaze_0_x,GAZE,38,0.7231864254600101,0.021252904879793248,0.7231864254600101,0.021252904879793234,0.7362215364819602,0.023069057763687797,0.7231864254600101,0.021252904879793234,0.7250072833260383,0.021630285592284047,0.861593212730005,0.010626452439896641,0.8769790951421772,0.02358170161899356
3Class_ND_CDED_MD,feature_minus_gaze_0_y,feature,gaze_0_y,GAZE,38,0.7186508931875727,0.0255979404348026,0.7186508931875727,0.0255979404348026,0.7316426553452582,0.026406381777466865,0.7186508931875727,0.0255979404348026,0.7206736154337039,0.025915023561560706,0.8593254465937864,0.012798970217401326,0.8775691338003675,0.02657186992470662
3Class_ND_CDED_MD,feature_minus_gaze_0_z,feature,gaze_0_z,GAZE,38,0.7214119181575923,0.02238266366417164,0.7214119181575923,0.022382663664171666,0.7342864114470479,0.0240203484014853,0.7214119181575923,0.022382663664171666,0.7233852453792542,0.022970719236978028,0.860705959078796,0.011191331832085814,0.8770893717981908,0.025984496730866478
3Class_ND_CDED_MD,feature_minus_gaze_1_x,feature,gaze_1_x,GAZE,38,0.7221324925598203,0.021428980929683497,0.7221324925598203,0.021428980929683497,0.7337794994136958,0.022206870255763123,0.7221324925598203,0.021428980929683497,0.7239351991967091,0.021818986165082495,0.8610662462799101,0.010714490464841792,0.8782696388738476,0.0244992110061417
3Class_ND_CDED_MD,feature_minus_gaze_1_y,feature,gaze_1_y,GAZE,38,0.7143142423460314,0.02094824743019246,0.7143142423460314,0.020948247430192444,0.7278704933601277,0.022565445458966257,0.7143142423460314,0.020948247430192444,0.7161575174495626,0.021469021427391318,0.8571571211730158,0.010474123715096253,0.8741207724747003,0.024659588350678465
3Class_ND_CDED_MD,feature_minus_gaze_1_z,feature,gaze_1_z,GAZE,38,0.7199582928861014,0.024547538975043266,0.7199582928861014,0.02454753897504325,0.7325229241755248,0.02595306110144816,0.7199582928861014,0.02454753897504325,0.7218090675157611,0.025206925464257332,0.8599791464430506,0.012273769487521647,0.8762706497486935,0.025776242190076102
3Class_ND_CDED_MD,feature_minus_gaze_angle_x,feature,gaze_angle_x,GAZE,38,0.718921838527994,0.020390322692757583,0.7189218385279939,0.02039032269275758,0.7314934973937081,0.022745677983316667,0.7189218385279939,0.02039032269275758,0.7206404713587131,0.020598610276988883,0.8594609192639968,0.010195161346378816,0.8771740148490961,0.023495743829107536
3Class_ND_CDED_MD,feature_minus_gaze_angle_y,feature,gaze_angle_y,GAZE,38,0.7161309021935077,0.022519979770595208,0.7161309021935077,0.022519979770595184,0.7291974024310253,0.0236690459220644,0.7161309021935077,0.022519979770595184,0.7180685169371722,0.023021090013966593,0.8580654510967539,0.011259989885297587,0.8757884706139372,0.026132965425877928
3Class_ND_CDED_MD,feature_minus_gaze_vel,feature,gaze_vel,GAZE,38,0.7222143447350199,0.0204219829247317,0.72221434473502,0.02042198292473167,0.7339776419100732,0.022346909086569035,0.72221434473502,0.02042198292473167,0.7239520389273916,0.02080082821397355,0.8611071723675099,0.010210991462365837,0.8765247813462823,0.024549260847820508
3Class_ND_CDED_MD,feature_minus_gaze_amp,feature,gaze_amp,GAZE,38,0.7219183748517096,0.020474658228772966,0.7219183748517096,0.02047465822877296,0.7335661654505301,0.022024587275398095,0.7219183748517096,0.02047465822877296,0.7236549842831925,0.020889679408675862,0.8609591874258549,0.010237329114386467,0.8763800861653387,0.024632912451499532
3Class_ND_CDED_MD,feature_minus_gaze_acc,feature,gaze_acc,GAZE,38,0.7196754985231155,0.02476247207767681,0.7196754985231156,0.02476247207767676,0.7327330684306084,0.025796805247867885,0.7196754985231156,0.02476247207767676,0.7216635760735792,0.025242646750652093,0.8598377492615578,0.01238123603883839,0.8767146960402744,0.024837488394334733
3Class_ND_CD_MD,baseline_all_features,baseline,none,none,39,0.7116168929097032,0.01822724019163231,0.7116168929097033,0.018227240191632337,0.7242960703487167,0.01206304835960916,0.7116168929097033,0.018227240191632337,0.7126605070557587,0.018472599051904636,0.8558084464548518,0.009113620095816125,0.8563667052334513,0.013843159960955349
3Class_ND_CD_MD,group_minus_AU,group,AU,AU,22,0.5911323993254229,0.03488656730259804,0.5911323993254229,0.03488656730259804,0.6045040646208121,0.027804005182471416,0.5911323993254229,0.03488656730259804,0.5933383024180517,0.03234745933114076,0.7955661996627115,0.017443283651299,0.7777722463708352,0.028691685582634376
3Class_ND_CD_MD,group_minus_POSE,group,POSE,POSE,33,0.7044776302419351,0.01887792316910104,0.7044776302419352,0.018877923169101102,0.7211164101078578,0.011259277079242423,0.7044776302419352,0.018877923169101102,0.7055165617035368,0.019188940821280625,0.8522388151209676,0.009438961584550539,0.858395285012459,0.009667999567790415
3Class_ND_CD_MD,group_minus_VEHICLE,group,VEHICLE,VEHICLE,34,0.6942092665855765,0.019455874144267433,0.6942092665855765,0.019455874144267457,0.7092033624649783,0.01201113484452853,0.6942092665855765,0.019455874144267457,0.6942034146086383,0.018988092163636252,0.8471046332927882,0.009727937072133723,0.851950792165578,0.018262686947596293
3Class_ND_CD_MD,group_minus_GAZE,group,GAZE,GAZE,28,0.672406412859359,0.034192215718524085,0.6724064128593591,0.034192215718524085,0.6974912552663145,0.029310048305449542,0.6724064128593591,0.034192215718524085,0.6707185102207183,0.03700592644770337,0.8362032064296795,0.01709610785926203,0.8437640042211308,0.010627556438595517
3Class_ND_CD_MD,feature_minus_AU01_r,feature,AU01_r,AU,38,0.7065213249610214,0.01796406488016035,0.7065213249610214,0.017964064880160373,0.7202985233611244,0.012048012144338082,0.7065213249610214,0.017964064880160373,0.7076207520757458,0.018272672687138686,0.8532606624805107,0.008982032440080216,0.8597236110258887,0.010354011269250443
3Class_ND_CD_MD,feature_minus_AU02_r,feature,AU02_r,AU,38,0.7073085810880311,0.0166587145344392,0.7073085810880311,0.01665871453443923,0.7209341456283006,0.009413662448851966,0.7073085810880311,0.01665871453443923,0.7081862770578755,0.01677633328260462,0.8536542905440155,0.00832935726721962,0.8576287657370425,0.014368243157728106
3Class_ND_CD_MD,feature_minus_AU04_r,feature,AU04_r,AU,38,0.7162406206975008,0.019510120131532676,0.7162406206975009,0.019510120131532662,0.7279700502820814,0.012243747271961607,0.7162406206975009,0.019510120131532662,0.7172628551464502,0.019217565345877312,0.8581203103487505,0.009755060065766284,0.8605215900650582,0.011969263288349696
3Class_ND_CD_MD,feature_minus_AU05_r,feature,AU05_r,AU,38,0.7053858504254918,0.021834280303516924,0.7053858504254917,0.021834280303516924,0.7184397446641357,0.014934822856676666,0.7053858504254917,0.021834280303516924,0.7059740635955712,0.022245174175071297,0.852692925212746,0.01091714015175847,0.8560842393003221,0.015311137608046015
3Class_ND_CD_MD,feature_minus_AU06_r,feature,AU06_r,AU,38,0.7069066289937753,0.02145112648193433,0.7069066289937755,0.02145112648193437,0.7175286481630819,0.015791454094095672,0.7069066289937755,0.02145112648193437,0.707711933798662,0.021855845180146216,0.8534533144968878,0.010725563240967182,0.86007359309205,0.012805036354920162
3Class_ND_CD_MD,feature_minus_AU07_r,feature,AU07_r,AU,38,0.7063763481917327,0.02088510269682243,0.7063763481917326,0.020885102696822443,0.7180616456609503,0.013789536403646097,0.7063763481917326,0.020885102696822443,0.7069407153059567,0.020768457047572082,0.8531881740958663,0.01044255134841121,0.8550062125077394,0.012530195071554001
3Class_ND_CD_MD,feature_minus_AU09_r,feature,AU09_r,AU,38,0.7102632015018929,0.019080935876015323,0.710263201501893,0.019080935876015337,0.7230378094419346,0.011936856358400721,0.710263201501893,0.019080935876015337,0.7113987642096766,0.01899833934093315,0.8551316007509463,0.009540467938007682,0.857456086685918,0.012089656725371814
3Class_ND_CD_MD,feature_minus_AU10_r,feature,AU10_r,AU,38,0.7101287447171658,0.018771786531463625,0.7101287447171658,0.01877178653146365,0.7223014782056459,0.013743243938583654,0.7101287447171658,0.01877178653146365,0.7109664458553496,0.01924865539424562,0.8550643723585829,0.009385893265731799,0.8584592030435421,0.015390052444899436
3Class_ND_CD_MD,feature_minus_AU12_r,feature,AU12_r,AU,38,0.711790747437378,0.015153754206429391,0.711790747437378,0.015153754206429407,0.7238847461082896,0.011431081760888674,0.711790747437378,0.015153754206429407,0.7129555235467349,0.015472470886860138,0.8558953737186888,0.007576877103214681,0.8604870360086776,0.013075302895428466
3Class_ND_CD_MD,feature_minus_AU14_r,feature,AU14_r,AU,38,0.7051857241161344,0.025097044581074184,0.7051857241161344,0.025097044581074184,0.7180812206325903,0.01795847482062242,0.7051857241161344,0.025097044581074184,0.7059603287223029,0.025500929513198635,0.8525928620580672,0.012548522290537099,0.8554465122171709,0.01343784987145382
3Class_ND_CD_MD,feature_minus_AU15_r,feature,AU15_r,AU,38,0.7123002118467311,0.017625063993755963,0.7123002118467312,0.01762506399375598,0.7253482850949176,0.009694683996123755,0.7123002118467312,0.01762506399375598,0.7134939104259936,0.01747678736687982,0.8561501059233656,0.008812531996878023,0.8599498853402527,0.012167724093838714
3Class_ND_CD_MD,feature_minus_AU17_r,feature,AU17_r,AU,38,0.7047454422874792,0.022923981315656948,0.7047454422874792,0.022923981315656976,0.7161771425241463,0.015063177501795927,0.7047454422874792,0.022923981315656976,0.7056120695934207,0.02252307965661488,0.8523727211437396,0.011461990657828504,0.8533826533586394,0.01321692159099604
3Class_ND_CD_MD,feature_minus_AU20_r,feature,AU20_r,AU,38,0.7038519222994085,0.01373681581704564,0.7038519222994085,0.013736815817045587,0.7155828829990742,0.010674084249082156,0.7038519222994085,0.013736815817045587,0.7049784636661615,0.013911285754844108,0.8519259611497043,0.006868407908522831,0.8566370076993215,0.009878449807941
3Class_ND_CD_MD,feature_minus_AU23_r,feature,AU23_r,AU,38,0.7052073471190443,0.018703371681867944,0.7052073471190442,0.018703371681867916,0.7187618100214854,0.011419537058435547,0.7052073471190442,0.018703371681867916,0.7061478146738425,0.018764035784576968,0.8526036735595222,0.00935168584093398,0.8552438744053361,0.009503277201686863
3Class_ND_CD_MD,feature_minus_AU25_r,feature,AU25_r,AU,38,0.6884355960921913,0.02345340732809922,0.6884355960921913,0.023453407328099182,0.701578428967124,0.016611487120643365,0.6884355960921913,0.023453407328099182,0.6893067138163282,0.02384968785419234,0.8442177980460956,0.011726703664049593,0.8439274661546683,0.01935899762901181
3Class_ND_CD_MD,feature_minus_AU26_r,feature,AU26_r,AU,38,0.6929686537054602,0.02970097674649271,0.6929686537054602,0.02970097674649274,0.7070945214205134,0.020944780828207152,0.6929686537054602,0.02970097674649274,0.6937741519738523,0.02975052960840235,0.8464843268527302,0.0148504883732464,0.8474280741673038,0.021510840342038495
3Class_ND_CD_MD,feature_minus_AU45_r,feature,AU45_r,AU,38,0.6779540366909849,0.026783352654602334,0.6779540366909849,0.026783352654602334,0.6846246370175055,0.024312710076668995,0.6779540366909849,0.026783352654602334,0.6776905131186569,0.02684082216030835,0.8389770183454924,0.01339167632730114,0.8375114124642098,0.02051014561492372
3Class_ND_CD_MD,feature_minus_pose_Tx,feature,pose_Tx,POSE,38,0.712150487119448,0.01819310142756657,0.712150487119448,0.018193101427566565,0.7247477644492997,0.011662601023447077,0.712150487119448,0.018193101427566565,0.7133135220600706,0.018243474538038373,0.8560752435597241,0.009096550713783257,0.8572363920426355,0.014307633711874105
3Class_ND_CD_MD,feature_minus_pose_Ty,feature,pose_Ty,POSE,38,0.7093909185888057,0.02200100936874948,0.7093909185888057,0.022001009368749512,0.7215414754539412,0.015695624667211264,0.7093909185888057,0.022001009368749512,0.7104759424044673,0.02199400304896705,0.8546954592944029,0.011000504684374785,0.8565784877213882,0.013818644688331515
3Class_ND_CD_MD,feature_minus_pose_Tz,feature,pose_Tz,POSE,38,0.7057822360254045,0.020401678230978035,0.7057822360254045,0.020401678230978045,0.7198422547138513,0.013832342318932754,0.7057822360254045,0.020401678230978045,0.7067217771648662,0.020668325312631144,0.8528911180127021,0.01020083911548904,0.8548714308651573,0.013869843889934688
3Class_ND_CD_MD,feature_minus_pose_Rx,feature,pose_Rx,POSE,38,0.7080445744092257,0.016632184281176528,0.7080445744092259,0.016632184281176514,0.7210335346705297,0.009372627913259138,0.7080445744092259,0.016632184281176514,0.7091588854528352,0.016547818199062515,0.8540222872046129,0.008316092140588283,0.8582223210212401,0.013790675256056786
3Class_ND_CD_MD,feature_minus_pose_Ry,feature,pose_Ry,POSE,38,0.7132600227853945,0.019558108087907092,0.7132600227853945,0.01955810808790706,0.7269339361503037,0.012920753800668022,0.7132600227853945,0.01955810808790706,0.7144420844695494,0.01985911565943085,0.8566300113926972,0.00977905404395358,0.8582451245913948,0.012834958993543052
3Class_ND_CD_MD,feature_minus_pose_Rz,feature,pose_Rz,POSE,38,0.710645119349275,0.016633503895628773,0.710645119349275,0.0166335038956288,0.7230909137252277,0.009705741682476862,0.710645119349275,0.0166335038956288,0.7116789605296747,0.01670478946924548,0.8553225596746377,0.008316751947814385,0.857153557269187,0.012685097255769811
3Class_ND_CD_MD,feature_minus_Speed,feature,Speed,VEHICLE,38,0.6975929301630488,0.025526124493954288,0.6975929301630487,0.025526124493954253,0.7115854970525217,0.018038495176020103,0.6975929301630487,0.025526124493954253,0.6987845038523127,0.02561843838610674,0.8487964650815243,0.012763062246977182,0.8511920799465234,0.016958187596111528
3Class_ND_CD_MD,feature_minus_Acceleration,feature,Acceleration,VEHICLE,38,0.7085310792418016,0.017073058926219117,0.7085310792418016,0.017073058926219086,0.7209709828467309,0.012647209887851417,0.7085310792418016,0.017073058926219086,0.70941411649718,0.017683441568653743,0.8542655396209007,0.008536529463109576,0.8569546327358347,0.013804640628752671
3Class_ND_CD_MD,feature_minus_Brake,feature,Brake,VEHICLE,38,0.7127063021818969,0.01659228823406067,0.7127063021818969,0.01659228823406069,0.7245191369446914,0.011162453837726571,0.7127063021818969,0.01659228823406069,0.7139193265167667,0.01667028259713545,0.8563531510909487,0.008296144117030361,0.8590422823997897,0.012405404638440108
3Class_ND_CD_MD,feature_minus_Steering,feature,Steering,VEHICLE,38,0.6986281112870236,0.024886983714536768,0.6986281112870236,0.02488698371453676,0.7129730230630363,0.01639707736541772,0.6986281112870236,0.02488698371453676,0.6994528692113945,0.02507899153837255,0.8493140556435117,0.0124434918572684,0.8524155379818941,0.01768683898507724
3Class_ND_CD_MD,feature_minus_LaneOffset,feature,LaneOffset,VEHICLE,38,0.6963624040752123,0.01674043756307976,0.6963624040752124,0.0167404375630798,0.7084497200407319,0.011167345188722077,0.6963624040752124,0.0167404375630798,0.6971815131645009,0.016565327518971575,0.8481812020376062,0.008370218781539896,0.8562856123957981,0.012661896039219146
3Class_ND_CD_MD,feature_minus_gaze_0_x,feature,gaze_0_x,GAZE,38,0.7091192004612977,0.01934624948941155,0.7091192004612976,0.019346249489411566,0.7217237251261285,0.012680645005298974,0.7091192004612976,0.019346249489411566,0.7102833932616204,0.01921917861869935,0.8545596002306489,0.009673124744705788,0.855990942250515,0.012036977540820164
3Class_ND_CD_MD,feature_minus_gaze_0_y,feature,gaze_0_y,GAZE,38,0.7084503339697166,0.019073390508093726,0.7084503339697165,0.01907339050809372,0.7218834191186099,0.013068711289202383,0.7084503339697165,0.01907339050809372,0.709375379646755,0.01919489375070703,0.8542251669848582,0.009536695254046889,0.8567138319937205,0.014828437345650296
3Class_ND_CD_MD,feature_minus_gaze_0_z,feature,gaze_0_z,GAZE,38,0.7119718745565399,0.017957013670164373,0.7119718745565399,0.017957013670164338,0.7247270736608312,0.011278708033299112,0.7119718745565399,0.017957013670164338,0.7129848902525213,0.018017635201972575,0.8559859372782699,0.008978506835082221,0.8580621761582314,0.014445120767373873
3Class_ND_CD_MD,feature_minus_gaze_1_x,feature,gaze_1_x,GAZE,38,0.7112459061362243,0.017798092016080323,0.7112459061362244,0.017798092016080295,0.7231260398635574,0.011081546532871375,0.7112459061362244,0.017798092016080295,0.7122075752970007,0.017853861072190332,0.8556229530681122,0.008899046008040213,0.859791449464281,0.011868426944896817
3Class_ND_CD_MD,feature_minus_gaze_1_y,feature,gaze_1_y,GAZE,38,0.7034026051477217,0.01722371738015511,0.7034026051477218,0.0172237173801551,0.715830682313975,0.0107005757634581,0.7034026051477218,0.0172237173801551,0.7042090148629218,0.017268395214476658,0.851701302573861,0.00861185869007756,0.8549701010188977,0.013479546152813205
3Class_ND_CD_MD,feature_minus_gaze_1_z,feature,gaze_1_z,GAZE,38,0.7117836559657601,0.021022292936330057,0.7117836559657602,0.021022292936330005,0.7248180387458749,0.01378996239094273,0.7117836559657602,0.021022292936330005,0.7127178048469717,0.02110873981947562,0.85589182798288,0.01051114646816505,0.856849000110088,0.015105682425068283
3Class_ND_CD_MD,feature_minus_gaze_angle_x,feature,gaze_angle_x,GAZE,38,0.707806587913206,0.01836421983469279,0.707806587913206,0.018364219834692816,0.7209854081586942,0.012532511571621904,0.707806587913206,0.018364219834692816,0.7089990047356658,0.01849913221499365,0.8539032939566029,0.009182109917346394,0.8569075142103472,0.010924273288765479
3Class_ND_CD_MD,feature_minus_gaze_angle_y,feature,gaze_angle_y,GAZE,38,0.7048435569787045,0.017395296887849625,0.7048435569787045,0.017395296887849614,0.7186166953954312,0.010664632279039618,0.7048435569787045,0.017395296887849614,0.7058746205598662,0.017262891495954117,0.8524217784893523,0.00869764844392479,0.8548773856120171,0.013653882501011213
3Class_ND_CD_MD,feature_minus_gaze_vel,feature,gaze_vel,GAZE,38,0.7100425969101083,0.021121315039583706,0.7100425969101083,0.021121315039583696,0.7222344487351922,0.015201840085416222,0.7100425969101083,0.021121315039583696,0.7109274534164041,0.02127073527357624,0.855021298455054,0.010560657519791867,0.8573019942868388,0.012656186459557444
3Class_ND_CD_MD,feature_minus_gaze_amp,feature,gaze_amp,GAZE,38,0.7096499002381839,0.021474112522161002,0.7096499002381839,0.02147411252216099,0.72181122247804,0.015396143450875881,0.7096499002381839,0.02147411252216099,0.7104746954472461,0.02162521902889596,0.8548249501190919,0.010737056261080557,0.8571141716432857,0.012517369999065352
3Class_ND_CD_MD,feature_minus_gaze_acc,feature,gaze_acc,GAZE,38,0.7128676783732801,0.024681059721930274,0.7128676783732801,0.024681059721930305,0.7259409044891965,0.018271142194338882,0.7128676783732801,0.024681059721930305,0.7138505390858869,0.024706763847546744,0.85643383918664,0.012340529860965125,0.85728155983109,0.014738616359267256
