Time,Drive,Stimulus,Failure,Palm.EDA,Heart.Rate,Breathing.Rate,Perinasal.Perspiration,Speed,Acceleration,Brake,Steering,LaneOffset,Lane.Position,Distance,Gaze.X.Pos,Gaze.Y.Pos,Lft.Pupil.Diameter,Rt.Pupil.Diameter
1,4,0,0,75.2095,80.0,10.7,0.007650763,-1.8668344e-10,0.0,0.0,0.0,-0.099999666,1.924999666,0.0,0.0,0.0,0.0,0.0
2,4,0,0,75.3318,82.0,10.7,0.007519139,3.7497622e-11,0.0,0.0,0.001256637,-0.099999666,1.924999666,0.0,0.0,0.0,0.0,0.0
3,4,0,0,75.5162,83.0,9.9,0.007352107,1.6737136e-08,0.0,0.0,0.005026548,-0.099999666,1.924999666,2e-11,0.0,0.0,0.0,0.0
4,4,0,0,75.6704,81.0,9.9,0.007121217,0.52409081504896,0.0,0.0,-0.014451326,-0.10001874,1.924999666,0.00061023,0.0,0.0,0.0,0.0
5,4,0,0,75.8564,78.0,8.9,0.006901839,1.56061412869248,0.0,0.0,0.011309734,-0.100022554,1.925036383,0.077880137,0.0,0.0,0.0,0.0
6,4,0,0,76.0121,77.0,8.9,0.006664849,5.72735607968214,9.90739440917969,0.0,0.019477874,-0.09938693,1.924988222,0.39099045,864.9394,630.2923,0.0,0.0
7,4,0,0,76.1371,77.0,8.1,0.006489783,12.4663787628739,15.0333709716797,0.0,-0.035814155,-0.098229647,1.924479914,1.022458849,880.4486,651.2504,0.0,0.0
8,4,0,0,76.2939,74.0,8.1,0.00632793,14.5049778070317,13.4757537841797,0.0,-0.025761059,-0.109810591,1.92308898,3.105955126,0.0,0.0,0.0,0.0
9,4,0,0,76.2939,72.0,7.6,0.006214599,14.4416416777187,13.1075897216797,0.0,0.045867253,-0.126332521,1.928456736,6.142454919,0.0,0.0,0.0,0.0
10,4,0,0,76.5146,73.0,7.6,0.006115182,14.3568032612729,16.5626678466797,0.0,-0.001256637,-0.133366346,1.944708776,9.768180658,0.0,0.0,0.0,0.0
11,4,0,0,76.5462,70.0,7.4,0.006052393,13.4786152835671,16.3077850341797,0.0,-0.020106193,-0.138771772,1.955089521,12.97801542,0.0,0.0,0.0,0.0
12,4,0,0,76.8321,68.0,7.4,0.006003518,10.189065890041,15.3448944091797,0.0,-0.028902652,-0.149502516,1.959785414,16.70494203,1091.665,531.228,0.0,0.0
13,4,0,0,77.5398,69.0,7.3,0.005979632,9.67582025631808,15.5714569091797,0.0,-0.022619467,-0.162476778,1.964768362,19.82847592,0.0,0.0,0.0,0.0
14,4,0,0,76.864,72.0,7.3,0.005978781,7.18183356749852,14.8634490966797,0.0,-0.018849555,-0.17850852,1.974502516,22.74155737,0.0,0.0,0.0,0.0
15,4,0,0,77.6048,75.0,7.1,0.006004742,1.65994751163552,14.2970428466797,0.0,-0.003141593,-0.18715024,1.98545785,24.9726321,0.0,0.0,0.0,0.0
16,4,0,0,77.4102,78.0,7.1,0.006055234,0.20183612766178,14.5519256591797,0.0,0.005026548,-0.188257456,1.999181223,27.28451629,880.4018,651.2399,0.0,0.0
17,4,0,0,77.4102,82.0,7.0,0.006098666,-0.00580711348788,14.5519256591797,0.0,0.011309734,-0.188369513,2.009329271,28.8112457,0.0,0.0,0.0,0.0
18,4,0,0,77.0879,82.0,7.0,0.006131733,-0.00109113252,14.4952850341797,0.0,0.013194689,-0.188368559,2.012919378,29.35177057,0.0,0.0,0.0,0.0
19,4,0,0,76.8002,80.0,7.2,0.006146044,0.00010621644,14.3536834716797,0.0,0.012566371,-0.188368559,2.013321829,29.41573642,0.0,0.0,0.0,0.0
20,4,0,0,76.7365,79.0,7.2,0.006149125,-6.2603326e-06,14.2404022216797,0.0,0.015079645,-0.188368559,2.013367128,29.42342636,0.0,0.0,0.0,0.0
21,4,0,0,76.9278,79.0,7.4,0.006138762,1.6576202e-08,14.0138397216797,0.0,0.011938052,-0.188368559,2.013368082,29.42367058,0.0,0.0,0.0,0.0
22,4,0,0,77.1522,79.0,7.4,0.006113541,1.0138842e-07,11.0685272216797,0.0,-0.020734511,-0.188368559,2.013368559,29.42367061,0.0,0.0,0.0,0.0
23,4,0,0,77.4102,79.0,7.9,0.006086514,-1.59163726e-09,13.5890350341797,0.0,-0.022619467,-0.188368559,2.013368559,29.42367061,0.0,0.0,0.0,0.0
24,4,0,0,77.5723,77.0,7.9,0.006055356,-8.8996502e-09,13.2775115966797,0.0,0.000628,-0.188368559,2.013368559,29.42367061,0.0,0.0,0.0,0.0
25,4,0,0,77.8004,73.0,8.6,0.006028751,-2.1243288e-11,13.2208709716797,0.0,0.001884956,-0.188368559,2.013368559,29.42367061,881.3094,649.9963,0.0,0.0
26,4,0,0,77.8659,73.0,8.6,0.00599794,3.6532018e-10,13.1359100341797,0.0,0.001884956,-0.188368559,2.013368559,29.42367061,0.0,0.0,0.0,0.0
27,4,0,0,77.9642,75.0,9.2,0.0059679,1.4323126e-09,11.1251678466797,0.0,0.003141593,-0.188368559,2.013368559,29.42367061,889.3027,666.0182,0.0,0.0
28,4,0,0,77.8986,79.0,9.2,0.005925054,-4.8763002e-09,10.0489959716797,0.0,0.023876105,-0.188368082,2.013368559,29.42367061,0.0,0.0,0.0,0.0
29,4,0,0,75.3318,76.0,9.8,0.005882288,-3.5888282e-09,10.4171600341797,0.0,0.045238934,-0.188368082,2.013368559,29.42367061,0.0,0.0,0.0,0.0
30,4,0,0,70.918,73.0,9.8,0.005838331,8.449035e-10,9.22770690917969,0.0,0.031415924,-0.188368082,2.013368559,29.42367061,0.0,0.0,0.0,0.0
31,4,0,0,68.6314,71.0,10.0,0.00580784,7.563898e-09,12.0314178466797,0.0,0.028902652,-0.188368082,2.013368559,29.42367061,874.8712,649.4728,0.0,0.0
32,4,0,0,68.0513,72.0,10.0,0.005777026,-1.41460986e-08,9.51091003417969,0.0,0.035814155,-0.188368082,2.013368559,29.42367061,876.7528,648.0834,0.0,0.0
33,4,0,0,68.5044,70.0,10.2,0.005752156,2.6393176e-11,10.3038787841797,0.0,0.041469023,-0.188368082,2.013368559,29.42367061,879.2591,643.4479,0.0,0.0
34,4,0,0,69.5594,69.0,10.2,0.005732378,0.03806127241358,10.7286834716797,0.0,0.044610616,-0.188368559,2.013368082,29.42367061,0.0,0.0,0.0,0.0
35,4,0,0,70.6205,72.0,10.4,0.005727385,1.13519156119258,10.7003631591797,0.0,0.042097341,-0.188963652,2.013368082,29.42367061,0.0,0.0,0.0,0.0
36,4,0,0,71.4653,73.0,10.4,0.005737698,10.24597673906,6.48063611984253,0.0,0.044610616,-0.1952703,2.013368082,29.42367061,0.0,0.0,0.0,0.0
37,4,0,0,71.8535,72.0,10.5,0.005764216,16.4524642087114,9.22770690917969,0.0,0.045238934,-0.20186305,2.013368082,29.42367061,885.3539,652.7899,0.0,0.0
38,4,0,0,72.7569,76.0,10.5,0.005817065,22.2187539228662,7.38688611984253,0.0,0.026389377,-0.19280982,2.013368082,29.42367061,0.0,0.0,0.0,0.0
39,4,0,0,73.1593,77.0,10.7,0.005871485,26.8346386902992,8.49137878417969,0.0,-0.001256637,-0.164859056,2.013368082,29.42367061,0.0,0.0,0.0,0.0
40,4,0,0,73.4495,74.0,10.7,0.005913557,32.3884032127116,8.54801940917969,0.0,-0.040212385,-0.119048357,2.013395262,29.42806499,0.0,0.0,0.0,0.0
41,4,0,0,73.8007,70.0,11.1,0.005909601,36.7462948778654,7.44352674484253,0.0,-0.040840704,-0.105982065,2.014063787,29.56319635,0.0,0.0,0.0,0.0
42,4,0,0,74.0664,71.0,11.1,0.005849095,41.210630254014,7.44352674484253,0.0,-0.001256637,-0.134337664,2.019648504,30.87019931,0.0,0.0,0.0,0.0
43,4,0,0,74.1554,70.0,11.5,0.00576389,44.629201949729,7.69840955734253,0.0,-0.00439823,-0.164665461,2.025961351,33.45137372,0.0,0.0,0.0,0.0
44,4,0,0,74.3937,69.0,11.5,0.005669632,47.7218885235898,8.03825378417969,0.0,-0.003769911,-0.208421469,2.023656321,38.00044593,0.0,0.0,0.0,0.0
45,4,0,0,74.6335,69.0,11.5,0.005618711,49.6225388745652,8.17985534667969,0.0,-0.000628,-0.251429319,2.007312727,42.91085283,0.0,0.0,0.0,0.0
46,4,0,0,74.8447,70.0,11.5,0.005610273,51.2772913755258,7.95329236984253,0.0,0.011309734,-0.299109221,1.973878813,49.48142019,0.0,0.0,0.0,0.0
47,4,0,0,75.057,69.0,11.9,0.005639794,52.5206268397842,7.92497205734253,0.0,0.005026548,-0.330973864,1.938363504,56.32249641,835.2387,672.5262,0.0,0.0
48,4,0,0,74.9052,67.0,11.9,0.005694923,53.6257200624162,7.95329236984253,0.0,0.018221237,-0.36080718,1.932772112,65.05162358,879.4423,644.134,0.0,0.0
49,4,0,0,74.4835,66.0,11.9,0.005740725,54.5216234826426,7.92497205734253,0.0,0.0,-0.369799376,1.954435778,73.64731813,0.0,0.0,0.0,0.0
50,4,0,0,74.2148,72.0,11.9,0.005767811,54.9626486577694,7.92497205734253,0.0,-0.000628,-0.379199266,1.982590628,84.17098806,0.0,0.0,0.0,0.0
51,4,0,0,74.1851,72.0,12.2,0.005763472,55.2142594072898,7.92497205734253,0.0,0.000628,-0.389407873,2.013006639,94.19404605,0.0,0.0,0.0,0.0
52,4,0,0,74.4535,69.0,12.2,0.00573641,55.7693019761986,7.92497205734253,0.0,0.003141593,-0.390906572,2.053539705,106.0778163,883.1623,652.6513,0.0,0.0
53,4,0,0,74.9356,69.0,12.5,0.005709912,55.7123276065298,7.92497205734253,0.0,-0.003769911,-0.384377718,2.090249968,117.0391014,0.0,0.0,0.0,0.0
54,4,0,0,75.2706,71.0,12.5,0.005695763,55.545122700566,7.92497205734253,0.0,-0.007539822,-0.386810541,2.130134535,130.2032638,0.0,0.0,0.0,0.0
55,4,0,0,75.4854,70.0,13.0,0.005702368,55.4027640408074,7.92497205734253,0.0,0.005654867,-0.40030694,2.157098246,141.7634281,0.0,0.0,0.0,0.0
56,4,0,0,75.7323,74.0,13.0,0.005726735,55.2155365634204,7.92497205734253,0.0,0.012566371,-0.395385981,2.183090162,155.0101149,0.0,0.0,0.0,0.0
57,4,0,0,75.4239,76.0,13.8,0.005759528,55.0100580599888,7.67008924484253,0.0,0.001256637,-0.368387461,2.192942572,166.9788563,0.0,0.0,0.0,0.0
58,4,0,0,72.5574,76.0,13.8,0.005801507,54.7841209827412,7.81169080734253,0.0,0.000628,-0.338024378,2.199974966,180.6329018,879.5576,660.383,0.0,0.0
59,4,0,0,69.4811,78.0,14.2,0.005829472,54.6288362328498,6.50895643234253,0.0,-0.00816814,-0.311212778,2.208069754,192.844808,0.0,0.0,0.0,0.0
60,4,0,0,68.6568,81.0,14.2,0.005839338,54.4931002485922,6.33903455734253,0.0,0.001256637,-0.294153452,2.217810106,206.6358139,0.0,0.0,0.0,0.0
61,4,0,0,68.7332,82.0,14.6,0.005825011,54.4276904589398,6.99040174484253,0.0,-0.006911504,-0.284037352,2.215265226,218.9940884,0.0,0.0,0.0,0.0
62,4,0,0,69.6379,81.0,14.6,0.005790421,54.3721340143714,6.93376111984253,0.0,-0.001884956,-0.279120207,2.209248018,232.9418422,0.0,0.0,0.0,0.0
63,4,0,0,70.8095,78.0,14.6,0.005762979,54.3262352352364,6.96208143234253,0.0,0.005026548,-0.277727365,2.209315729,245.306829,0.0,0.0,0.0,0.0
64,4,0,0,71.7144,76.0,14.6,0.005757823,54.26083574536,6.84880018234253,0.0,0.005026548,-0.267193079,2.222586107,259.6998829,0.0,0.0,0.0,0.0
65,4,0,0,72.4155,72.0,15.0,0.00577964,54.2008367016282,6.90544080734253,0.0,-0.000628,-0.24810338,2.227839899,272.0066383,0.0,0.0,0.0,0.0
66,4,0,0,72.9288,70.0,15.0,0.005816481,54.1326494325368,7.01872205734253,0.0,0.005026548,-0.226629972,2.208044004,285.8132872,0.0,0.0,0.0,0.0
67,4,0,0,73.3041,69.0,15.0,0.005838745,54.0767565232546,6.93376111984253,0.0,-0.002513274,-0.205497503,2.185018492,297.8449144,0.0,0.0,0.0,0.0
68,4,0,0,73.4786,72.0,15.0,0.005846673,54.0134238282732,7.01872205734253,0.0,-0.010053096,-0.185026884,2.159192038,311.5586714,0.0,0.0,0.0,0.0
69,4,0,0,73.8302,75.0,15.3,0.005844904,53.975133075241,6.96208143234253,0.0,0.00439823,-0.177932024,2.136212778,323.7138332,0.0,0.0,0.0,0.0
70,4,0,0,74.0664,73.0,15.3,0.00583363,53.9984240713636,6.99040174484253,0.0,-0.002513274,-0.165213346,2.120802355,337.3572712,0.0,0.0,0.0,0.0
71,4,0,0,74.2743,73.0,15.3,0.005811111,54.3157055328306,6.96208143234253,0.0,-0.009424778,-0.167348623,2.112270308,349.4633519,0.0,0.0,0.0,0.0
72,4,0,0,74.4535,76.0,15.3,0.005775801,55.0943094069054,6.93376111984253,0.0,-0.007539822,-0.200483561,2.105578375,363.0689428,0.0,0.0,0.0,0.0
73,4,0,0,74.7842,78.0,15.5,0.005751346,55.7896541243604,6.93376111984253,0.0,0.015707962,-0.240707636,2.103348684,375.153047,0.0,0.0,0.0,0.0
74,4,0,0,74.9659,74.0,15.5,0.005751064,56.5609967207288,6.93376111984253,0.0,0.00816814,-0.258346796,2.101789427,389.2399578,0.0,0.0,0.0,0.0
75,4,0,0,75.1789,73.0,15.5,0.005781532,57.1915977060772,6.76383924484253,0.0,-0.011938052,-0.262953997,2.091017675,401.3031929,0.0,0.0,0.0,0.0
76,4,0,0,75.2706,73.0,15.5,0.005839672,57.8880136002362,6.93376111984253,0.0,-0.012566371,-0.290348768,2.072318506,414.8611832,0.0,0.0,0.0,0.0
77,4,0,0,75.5162,76.0,15.1,0.005890164,58.4758640617312,6.79215955734253,0.0,0.016964599,-0.331729174,2.055823755,426.9002518,0.0,0.0,0.0,0.0
78,4,0,0,75.6086,79.0,15.1,0.005925735,59.124166757102,6.39567518234253,0.0,0.018221237,-0.357027769,2.037233305,440.4307149,0.0,0.0,0.0,0.0
79,4,0,0,75.7943,81.0,14.8,0.005926392,59.662764172567,6.53727674484253,0.0,0.028902652,-0.354360342,2.018176031,452.4465303,0.0,0.0,0.0,0.0
80,4,0,0,75.9186,83.0,14.8,0.005880564,60.2711521942852,6.56559705734253,0.0,-0.045867253,-0.311287165,2.007245016,465.9517815,0.0,0.0,0.0,0.0
81,4,0,0,76.1058,82.0,14.2,0.005800589,60.7914367850496,6.53727674484253,0.0,0.00816814,-0.30620265,1.999772024,477.9472654,0.0,0.0,0.0,0.0
82,4,0,0,76.1371,77.0,14.2,0.005682799,61.3623889190502,5.65934705734253,0.0,-0.009424778,-0.293217897,1.989810896,491.4419568,0.0,0.0,0.0,0.0
83,4,0,0,76.3254,73.0,14.0,0.005583292,61.847421174609,5.09294080734253,0.0,0.003141593,-0.288282156,1.991342497,503.4587981,879.7445,652.8497,0.0,0.0
84,4,0,0,76.5462,70.0,14.0,0.005501319,62.3825373140662,5.37614393234253,0.0,0.003141593,-0.272540331,2.016457987,517.6091699,0.0,0.0,0.0,0.0
85,4,0,0,76.7365,69.0,13.5,0.005467836,62.8365675496396,5.57438611984253,0.0,0.001884956,-0.253740072,2.05201335,529.3663459,711.3737,761.2528,0.0,0.0
86,4,0,0,76.9278,72.0,13.5,0.005473177,63.3392808995754,6.62223768234253,0.0,0.001256637,-0.229975462,2.078628969,543.8431291,0.0,0.0,0.0,0.0
87,4,0,0,77.0559,71.0,13.4,0.005502521,63.7633184932114,7.95329236984253,0.0,0.002513274,-0.207339048,2.084529829,556.3910324,0.0,0.0,0.0,0.0
88,4,0,0,77.2809,74.0,13.4,0.005538287,64.2283213054652,7.98161268234253,0.0,-0.007539822,-0.178512812,2.092068624,570.652801,0.0,0.0,0.0,0.0
89,4,0,0,77.3455,73.0,13.2,0.005557023,64.6154929269578,8.03825378417969,0.0,-0.020106193,-0.166428804,2.115348768,583.4543531,0.0,0.0,0.0,0.0
90,4,0,0,77.4749,69.0,13.2,0.005560698,65.052679761811,8.12321472167969,0.0,-0.00816814,-0.181182623,2.15535779,597.9922175,0.0,0.0,0.0,0.0
91,4,0,0,77.6373,67.0,13.1,0.005551349,65.423605353498,8.29313659667969,0.0,0.002513274,-0.201193094,2.176881742,611.0322923,0.0,0.0,0.0,0.0
92,4,0,0,77.7025,66.0,13.1,0.005525657,65.8339169023674,8.34977722167969,0.0,0.0,-0.221454859,2.184209776,625.8303728,0.0,0.0,0.0,0.0
93,4,0,0,77.8986,68.0,12.7,0.00549016,66.1825059331122,8.34977722167969,0.0,-0.003141593,-0.240026712,2.161558104,639.0951547,877.7664,647.4313,0.0,0.0
94,4,0,0,78.0628,71.0,12.7,0.005449392,66.5674528190822,8.40641784667969,0.0,-0.008796459,-0.267812014,2.131310415,654.6989929,0.0,0.0,0.0,0.0
95,4,0,0,78.2938,73.0,12.3,0.005428828,66.8041118665854,8.29313659667969,0.0,0.010681415,-0.299730062,2.129428339,667.617627,0.0,0.0,0.0,0.0
96,4,0,0,78.3933,70.0,12.3,0.005421955,66.6453046254888,8.34977722167969,0.0,0.020734511,-0.312405348,2.117818785,683.4644904,0.0,0.0,0.0,0.0
97,4,0,0,78.5595,68.0,12.3,0.005412056,66.6249593331154,8.26481628417969,0.0,0.005026548,-0.29385829,2.113989305,697.1489335,0.0,0.0,0.0,0.0
98,4,0,0,78.6931,68.0,12.3,0.005373898,66.7710911065974,8.26481628417969,0.0,-0.00816814,-0.272744417,2.101574373,712.6734706,0.0,0.0,0.0,0.0
99,4,0,0,78.8606,70.0,12.3,0.005315844,67.0705369770474,8.26481628417969,0.0,-0.002513274,-0.27095294,2.086448622,726.5283943,0.0,0.0,0.0,0.0
100,4,0,0,78.8942,74.0,12.3,0.005240276,67.6500309727792,8.26481628417969,0.0,-0.005654867,-0.269760847,2.066978407,742.2414136,880.9821,658.3175,0.0,0.0
101,4,0,0,79.0626,76.0,12.9,0.005176926,68.00394836733,8.26481628417969,0.0,-0.000628,-0.273185492,2.048932505,756.2978164,0.0,0.0,0.0,0.0
102,4,0,0,79.1302,75.0,12.9,0.005106503,68.4014539954844,8.29313659667969,0.0,0.003141593,-0.285550356,2.025679064,772.2087753,0.0,0.0,0.0,0.0
103,4,0,0,79.3676,72.0,13.1,0.005047502,68.7351840382894,8.26481628417969,0.0,-0.002513274,-0.292402029,2.004237604,786.4352854,883.2689,659.2769,0.0,0.0
104,4,0,0,79.4357,72.0,13.1,0.004994261,69.0914497656748,8.23649597167969,0.0,0.005026548,-0.305077314,1.991463614,803.1293159,0.0,0.0,0.0,0.0
105,4,0,0,79.6064,75.0,13.3,0.004970594,69.378645871127,8.17985534667969,0.0,0.006283185,-0.309725523,2.000127745,816.9394191,0.0,0.0,0.0,0.0
106,4,0,0,79.8467,75.0,13.3,0.004971484,69.6414042935198,8.15153503417969,0.0,-0.005026548,-0.301657438,2.018998098,833.7937603,0.0,0.0,0.0,0.0
107,4,0,0,79.7779,72.0,13.4,0.004989257,69.85836349055,8.09489440917969,0.0,0.010681415,-0.295902014,2.035144281,848.3351155,0.0,0.0,0.0,0.0
108,4,0,0,79.8811,73.0,13.4,0.005016426,69.6221233059686,8.12321472167969,0.0,0.011309734,-0.271188021,2.05231185,864.7760633,0.0,0.0,0.0,0.0
109,4,0,0,80.0538,72.0,13.3,0.005036705,69.0981788829234,8.12321472167969,0.0,0.0,-0.23247838,2.06861968,879.4612742,876.4567,629.8093,0.0,0.0
110,4,0,0,80.1925,76.0,13.3,0.005052567,68.949774302933,8.12321472167969,0.0,0.001884956,-0.18193841,2.092812014,896.0598023,0.0,0.0,0.0,0.0
111,4,0,0,80.3316,74.0,13.5,0.00506412,68.8922815326634,8.12321472167969,0.0,-0.001256637,-0.136955976,2.121033144,910.8802475,0.0,0.0,0.0,0.0
112,4,0,0,80.4712,70.0,13.5,0.005077086,68.8784868334524,8.12321472167969,0.0,0.0,-0.086683512,2.136937094,927.5950496,0.0,0.0,0.0,0.0
113,4,0,0,80.6465,67.0,13.6,0.005090427,68.8823320456078,8.12321472167969,0.0,0.000628,-0.042611837,2.130555105,942.3827871,0.0,0.0,0.0,0.0
114,4,0,0,80.8224,69.0,13.6,0.005109461,68.8858682644832,8.09489440917969,0.0,-0.011309734,0.005877733,2.105689001,959.6579722,0.0,0.0,0.0,0.0
115,4,0,0,80.8931,73.0,14.0,0.005126152,68.8733438656144,4.95133924484253,0.0,-0.013823007,0.034507036,2.096566153,973.8699694,880.9539,656.1245,0.0,0.0
116,4,0,0,81.0347,69.0,14.0,0.0051459,68.8597345623714,6.90544080734253,0.0,-0.003769911,0.036222219,2.096358728,991.2240074,0.0,0.0,0.0,0.0
117,4,0,0,81.1767,66.0,14.1,0.005167187,68.8044115686634,8.63298034667969,0.0,-0.010681415,0.018893957,2.094982576,1006.207047,0.0,0.0,0.0,0.0
118,4,0,0,81.355,67.0,14.1,0.005196617,68.2274307021822,9.45426940917969,0.0,0.010053096,-0.015462637,2.097232771,1023.155165,0.0,0.0,0.0,0.0
119,4,0,0,81.5341,70.0,14.2,0.005225634,67.7493404312738,9.45426940917969,0.0,-0.024504423,-0.04121995,2.107408476,1038.29077,0.0,0.0,0.0,0.0
120,4,0,0,81.7501,75.0,14.2,0.005260085,67.0775888152462,9.48258972167969,0.0,0.015707962,-0.108646154,2.114783239,1055.41978,0.0,0.0,0.0,0.0
121,4,0,0,81.9309,74.0,14.0,0.005288355,66.0961740636304,9.48258972167969,0.0,-0.003769911,-0.148611784,2.121555281,1070.670221,0.0,0.0,0.0,0.0
122,4,0,0,82.0398,72.0,14.0,0.005316071,65.0302264593452,9.34098815917969,0.0,0.005026548,-0.190504313,2.133093309,1087.924244,0.0,0.0,0.0,0.0
123,4,0,0,82.2585,68.0,13.8,0.005334279,64.1158214066494,7.72672986984253,0.0,0.005026548,-0.221368074,2.134129,1103.503725,0.0,0.0,0.0,0.0
124,4,0,0,82.4416,66.0,13.8,0.005343365,63.0757397103,8.12321472167969,0.0,0.006911504,-0.244091272,2.126657438,1121.297964,880.434,659.2681,0.0,0.0
125,4,0,0,82.5518,68.0,13.6,0.005344911,62.41963673707,8.03825378417969,0.0,0.00816814,-0.253940344,2.122091722,1137.230658,0.0,0.0,0.0,0.0
126,4,0,0,82.6993,71.0,13.6,0.005354606,61.9610128496808,7.72672986984253,0.0,0.001884956,-0.25016427,2.101840448,1155.966501,0.0,0.0,0.0,0.0
127,4,0,0,82.8473,69.0,13.5,0.005375065,61.7040085098042,7.52848768234253,0.0,-0.002513274,-0.241614103,2.073812437,1171.942967,0.0,0.0,0.0,0.0
128,4,0,0,82.6255,66.0,13.5,0.005405593,61.5513604864754,7.58512830734253,0.0,-0.012566371,-0.243056536,2.024926615,1190.053835,0.0,0.0,0.0,0.0
129,4,0,0,83.2196,65.0,13.3,0.005428568,61.4327013698918,7.58512830734253,0.0,0.013194689,-0.263263941,1.987412405,1206.649178,0.0,0.0,0.0,0.0
130,4,0,0,83.3695,68.0,13.3,0.005438559,61.3195354135302,6.48063611984253,0.0,0.02136283,-0.265531778,1.943762732,1223.35224,0.0,0.0,0.0,0.0
131,4,0,0,83.633,68.0,13.2,0.00543374,61.2041653372914,6.62223768234253,0.0,-0.010681415,-0.23821044,1.898153257,1242.142766,0.0,0.0,0.0,0.0
132,4,0,0,83.7844,65.0,13.2,0.005419356,61.0955587055234,6.73551893234253,0.0,-0.00439823,-0.223943949,1.857554388,1258.861781,0.0,0.0,0.0,0.0
133,4,0,0,84.0124,65.0,13.1,0.0053954,60.9610174952818,6.76383924484253,0.0,-0.000628,-0.208725214,1.813010168,1277.859952,0.0,0.0,0.0,0.0
134,4,0,0,84.2417,67.0,13.1,0.005374303,60.8244506892492,6.79215955734253,0.0,-0.013194689,-0.200301886,1.788609457,1294.874557,0.0,0.0,0.0,0.0
135,4,0,0,84.4338,69.0,13.0,0.005358662,60.6712327342528,6.62223768234253,0.0,-0.005026548,-0.209909678,1.7898211,1314.254413,0.0,0.0,0.0,0.0
136,4,0,0,85.7236,68.0,13.0,0.005358094,60.536595398133,6.76383924484253,0.0,-0.001256637,-0.223570108,1.807230425,1331.670591,875.3439,651.8413,0.0,0.0
137,4,0,0,83.407,66.0,12.9,0.005376675,60.3877650994324,6.76383924484253,0.0,-0.003769911,-0.23819232,1.841211271,1351.93111,855.2167,663.5334,0.0,0.0
138,4,0,0,81.9309,69.0,12.9,0.005409449,60.259183967227,6.76383924484253,0.0,-0.002513274,-0.259323835,1.86621995,1369.063748,0.0,0.0,0.0,0.0
139,4,0,0,81.8947,70.0,13.1,0.005452449,60.1152769292676,6.76383924484253,0.0,-0.002513274,-0.288740873,1.938415956,1390.253381,0.0,0.0,0.0,0.0
140,4,0,0,81.606,68.0,13.1,0.005477661,59.990753860526,6.76383924484253,0.0,-0.00439823,-0.31654048,1.978084517,1408.182788,0.0,0.0,0.0,0.0
141,4,0,0,81.4624,66.0,13.0,0.005489635,59.8517151243468,6.76383924484253,0.0,0.009424778,-0.353182077,2.021366549,1427.922586,0.0,0.0,0.0,0.0
142,4,0,0,81.355,66.0,13.0,0.005498132,59.7323762386406,6.76383924484253,0.0,0.006283185,-0.377584219,2.05083127,1445.183545,0.0,0.0,0.0,0.0
143,4,0,0,81.5341,67.0,12.9,0.005517886,59.5988100631314,6.76383924484253,0.0,0.011309734,-0.395359755,2.072130156,1462.926274,0.0,0.0,0.0,0.0
144,4,0,0,81.8585,68.0,12.9,0.005550695,59.4814281187718,6.76383924484253,0.0,0.011309734,-0.394025087,2.079353285,1479.600075,0.0,0.0,0.0,0.0
145,4,0,0,82.295,73.0,12.8,0.005613574,59.351336363482,6.76383924484253,0.0,0.012566371,-0.372426748,2.073091936,1498.227544,0.0,0.0,0.0,0.0
146,4,0,0,82.6624,76.0,12.8,0.00569233,59.240127348467,6.76383924484253,0.0,0.011938052,-0.333383799,2.064677191,1514.729621,0.0,0.0,0.0,0.0
147,4,0,0,83.0703,72.0,12.7,0.005802266,59.1134413589522,6.73551893234253,0.0,0.003141593,-0.270117044,2.073543978,1534.037093,880.2399,640.9615,0.0,0.0
148,4,0,0,83.1076,70.0,12.7,0.005908732,59.00416181385,6.76383924484253,0.0,-0.02136283,-0.216922522,2.093253565,1550.416872,0.0,0.0,0.0,0.0
149,4,0,0,83.6708,73.0,13.0,0.006028198,58.8834015751492,6.76383924484253,0.0,-0.005654867,-0.187845945,2.075633955,1570.12879,880.2463,651.7174,0.0,0.0
150,4,0,0,83.6708,77.0,13.0,0.006104644,58.7765046901038,5.54606580734253,0.0,-0.026389377,-0.184618235,2.056601477,1586.685564,881.0812,653.7879,0.0,0.0
151,4,0,0,83.9363,82.0,12.9,0.006136436,58.651061513404,7.04704236984253,0.0,0.001884956,-0.202780008,2.039524984,1604.846906,0.0,0.0,0.0,0.0
152,4,0,0,84.1652,83.0,12.9,0.006118202,58.5446864890404,7.47184705734253,0.0,0.010681415,-0.217965841,2.027601671,1620.511241,887.8494,651.8746,0.0,0.0
153,4,0,0,84.3953,79.0,13.1,0.006045702,58.4749508256548,7.50016736984253,0.0,0.006283185,-0.214003801,2.029763651,1638.06985,879.6467,638.7987,0.0,0.0
154,4,0,0,84.5494,81.0,13.1,0.00592861,58.6634966582764,7.75505018234253,0.0,0.020734511,-0.197072268,2.04218049,1653.661074,881.023,655.1818,0.0,0.0
155,4,0,0,84.9762,77.0,13.3,0.005742463,59.5386736944174,10.0489959716797,0.0,-0.013194689,-0.174188852,2.054931593,1671.158199,949.1622,639.6682,0.0,0.0
156,4,0,0,85.0933,74.0,13.3,0.005565086,60.0838835177942,9.79411315917969,0.0,-0.00439823,-0.18779254,2.071949911,1686.837684,0.0,0.0,0.0,0.0
157,4,0,0,85.2893,72.0,13.4,0.005385464,61.0614873844768,9.62419128417969,0.0,-0.009424778,-0.218600988,2.09923358,1704.315152,881.2535,653.2534,0.0,0.0
158,4,0,0,85.6047,72.0,13.4,0.005263437,61.9489347690742,9.51091003417969,0.0,-0.00816814,-0.266773462,2.124650908,1719.765424,876.0598,648.65,0.0,0.0
159,4,0,0,85.7633,72.0,13.3,0.005163382,62.8572973616192,8.97282409667969,0.0,-0.006283185,-0.33588624,2.160283995,1737.899367,880.664,651.005,0.0,0.0
160,4,0,0,85.9225,74.0,13.3,0.005105966,63.6383628338778,8.60466003417969,0.0,0.005026548,-0.400686026,2.190453005,1753.301013,0.0,0.0,0.0,0.0
161,4,0,0,86.0023,76.0,13.2,0.005071086,64.4945747476294,8.26481628417969,0.0,0.007539822,-0.45978713,2.213451338,1770.586274,0.0,0.0,0.0,0.0
162,4,0,0,86.323,74.0,13.2,0.005063493,65.2105668949494,8.23649597167969,0.0,0.008796459,-0.497099161,2.221575689,1785.883934,0.0,0.0,0.0,0.0
163,4,0,0,86.5651,73.0,13.4,0.005071185,66.0001948445846,8.29313659667969,0.0,0.020734511,-0.521345854,2.211934042,1803.03876,0.0,0.0,0.0,0.0
164,4,0,0,86.7273,75.0,13.4,0.005079976,66.6517934199952,8.32145690917969,0.0,0.011938052,-0.507983446,2.185449553,1818.352533,879.8635,643.2939,0.0,0.0
165,4,0,0,86.89,79.0,13.5,0.005078614,67.3826102280328,8.23649597167969,0.0,0.007539822,-0.469485521,2.128426981,1835.947201,0.0,0.0,0.0,0.0
166,4,0,0,87.0944,76.0,13.5,0.005059608,67.9956331006708,8.32145690917969,0.0,0.001884956,-0.421509981,2.074348402,1851.375119,0.0,0.0,0.0,0.0
167,4,0,0,87.382,76.0,13.7,0.005013295,68.668970866109,8.20817565917969,0.0,-0.007539822,-0.367548704,2.020585489,1869.094645,0.0,0.0,0.0,0.0
168,4,0,0,87.5059,75.0,13.7,0.004958194,69.2488013104612,7.92497205734253,0.0,-0.006283185,-0.331973791,2.011560392,1884.461796,880.4002,655.6418,0.0,0.0
169,4,0,0,87.6716,72.0,13.8,0.004904238,69.878145739231,7.01872205734253,0.0,-0.001884956,-0.306340933,2.015989256,1902.247725,879.5413,643.4958,0.0,0.0
170,4,0,0,87.838,70.0,13.8,0.00488818,70.4163792346418,6.93376111984253,0.0,-0.000628,-0.284453154,2.036024523,1917.320787,0.0,0.0,0.0,0.0
171,4,0,0,88.0049,70.0,13.9,0.004918392,70.9933395176644,6.96208143234253,0.0,0.0,-0.26179862,2.04515357,1934.262366,878.0207,640.6747,0.0,0.0
172,4,0,0,88.7642,74.0,13.9,0.004981648,71.481523456399,7.04704236984253,0.0,-0.001256637,-0.241939783,2.031743479,1949.28995,0.0,0.0,0.0,0.0
173,4,0,0,88.2145,73.0,14.0,0.005066013,71.9496711121336,6.87712049484253,0.0,-0.001256637,-0.219189405,2.006287527,1966.211871,879.8445,652.5612,0.0,0.0
174,4,0,0,88.2987,70.0,14.0,0.005115305,72.116889761861,6.90544080734253,0.0,-0.013823007,-0.20105052,2.003513288,1981.471006,0.0,0.0,0.0,0.0
175,4,0,0,88.3408,69.0,13.8,0.005121872,72.322066127801,7.07536268234253,0.0,-0.005026548,-0.207212687,2.022055101,1998.65979,0.0,0.0,0.0,0.0
176,4,0,0,88.3829,71.0,13.8,0.00509188,72.4998041801582,7.07536268234253,0.0,0.003769911,-0.222358465,2.057267618,2014.130331,841.6668,672.3405,0.0,0.0
177,4,0,0,88.5097,73.0,13.9,0.005044921,72.6996453104104,7.07536268234253,0.0,0.001256637,-0.233163595,2.115442705,2031.929021,0.0,0.0,0.0,0.0
178,4,0,0,88.6368,72.0,13.9,0.00501574,72.870571847311,7.10368299484253,0.0,0.003141593,-0.241847277,2.181417894,2047.984133,871.6045,653.9967,0.0,0.0
179,4,0,0,88.5944,70.0,14.0,0.005006249,73.0614659966738,6.93376111984253,0.0,-0.002513274,-0.246649027,2.249997568,2067.153325,874.5693,651.3589,0.0,0.0
180,4,0,0,88.6368,72.0,14.0,0.005015525,73.2244068436538,7.04704236984253,0.0,0.002513274,-0.251796484,2.297347498,2083.996934,878.7946,645.1749,0.0,0.0
181,4,0,0,88.8068,77.0,14.4,0.005037738,73.4074045892792,6.93376111984253,0.0,0.007539822,-0.247199774,2.3359303,2103.326308,878.7673,645.0811,0.0,0.0
182,4,0,0,88.9347,76.0,14.4,0.005056158,73.563623174799,7.01872205734253,0.0,0.005654867,-0.226969481,2.345341158,2120.176399,0.0,0.0,0.0,0.0
183,4,0,0,89.0631,74.0,14.5,0.005067207,73.740791311582,7.07536268234253,0.0,-0.011938052,-0.196941137,2.321845961,2139.42647,878.891,644.1291,0.0,0.0
184,4,0,0,89.3208,77.0,14.5,0.005076844,73.886202100744,7.04704236984253,0.0,0.001884956,-0.188229322,2.283690405,2156.648819,0.0,0.0,0.0,0.0
185,4,0,0,89.6234,81.0,14.5,0.005097115,74.0529400888936,7.04704236984253,0.0,0.005026548,-0.184098005,2.226823282,2176.215451,0.0,0.0,0.0,0.0
186,4,0,0,89.8408,81.0,14.5,0.005114011,73.610830025486,7.01872205734253,0.0,0.016964599,-0.172158957,2.182130289,2193.812743,869.3522,656.4695,0.0,0.0
187,4,0,0,90.1469,76.0,14.6,0.005123022,72.6396600104422,6.79215955734253,0.0,-0.010053096,-0.125618696,2.148820353,2213.692154,0.0,0.0,0.0,0.0
188,4,0,0,90.3669,73.0,14.6,0.005124149,71.9794371750924,6.93376111984253,0.0,-0.00439823,-0.093333006,2.126896811,2231.52855,879.7939,653.4427,0.0,0.0
189,4,0,0,90.5436,70.0,14.3,0.005120221,71.5741999235232,6.93376111984253,0.0,0.006283185,-0.072324514,2.10251708,2252.579727,0.0,0.0,0.0,0.0
190,4,0,0,90.7211,73.0,14.3,0.005121065,71.579040769963,6.93376111984253,0.0,-0.020734511,-0.043583632,2.083513212,2270.023795,0.0,0.0,0.0,0.0
191,4,0,0,90.8992,76.0,14.1,0.005149186,71.5780176803382,6.96208143234253,0.0,-0.00439823,-0.042707682,2.060362768,2291.488673,881.3813,636.8011,0.0,0.0
192,4,0,0,91.1228,75.0,14.1,0.005205008,71.7963433035888,6.96208143234253,0.0,-0.005654867,-0.053055048,2.041026068,2310.179752,0.0,0.0,0.0,0.0
193,4,0,0,91.078,74.0,13.9,0.00529274,71.8141548671596,7.01872205734253,0.0,-0.003769911,-0.072692633,2.023336363,2331.199813,879.5255,644.2655,0.0,0.0
194,4,0,0,91.1677,71.0,13.9,0.00537595,71.8266998816738,7.01872205734253,0.0,-0.005026548,-0.098273039,2.035092783,2350.194991,0.0,0.0,0.0,0.0
195,4,0,0,91.1677,73.0,14.0,0.00545167,71.8278534404924,7.01872205734253,0.0,-0.007539822,-0.139212847,2.05050559,2371.589036,0.0,0.0,0.0,0.0
196,4,0,0,91.1677,77.0,14.0,0.005473559,71.8251755148258,7.01872205734253,0.0,0.010681415,-0.189100981,2.060301733,2390.63707,0.0,0.0,0.0,0.0
197,4,0,0,91.5734,75.0,14.1,0.005436657,71.7901841019144,7.07536268234253,0.0,0.007539822,-0.226744413,2.068631601,2411.900679,0.0,0.0,0.0,0.0
198,4,0,0,91.5734,71.0,14.1,0.005365696,71.6500261341388,7.04704236984253,0.0,0.010053096,-0.243498087,2.072208357,2430.705912,0.0,0.0,0.0,0.0
199,4,0,0,91.6641,68.0,14.2,0.005269192,71.442013917998,7.01872205734253,0.0,0.007539822,-0.243687868,2.078095865,2452.775305,880.8558,641.7445,0.0,0.0
200,4,0,0,91.8004,69.0,14.2,0.005189403,71.0785521394564,7.01872205734253,0.0,0.008796459,-0.230535269,2.069462252,2470.942592,882.6897,652.1393,0.0,0.0
201,4,0,0,92.1201,70.0,14.3,0.005115315,69.9276734352254,7.01872205734253,0.0,0.011309734,-0.19472909,2.043277216,2493.065129,0.0,0.0,0.0,0.0
202,4,0,0,92.3497,69.0,14.3,0.005063605,68.9185594316392,7.04704236984253,0.0,-0.014451326,-0.146382093,2.018934202,2511.923997,0.0,0.0,0.0,0.0
203,4,0,0,92.3497,68.0,14.3,0.005001816,67.7927089255938,7.04704236984253,0.0,-0.016336281,-0.113089323,2.011963797,2533.411293,0.0,0.0,0.0,0.0
204,4,0,0,92.5806,68.0,14.3,0.004934285,66.830891026691,7.04704236984253,0.0,-0.007539822,-0.099188566,2.008790922,2552.570344,0.0,0.0,0.0,0.0
205,4,0,0,92.7661,70.0,14.4,0.004851046,65.7387479055446,7.01872205734253,0.0,-0.011938052,-0.093115091,1.990199041,2573.8893,0.0,0.0,0.0,0.0
206,4,0,0,92.999,70.0,14.4,0.004791669,64.7823819677598,7.07536268234253,0.0,-0.010681415,-0.101048708,1.946577024,2592.629755,879.2924,653.778,0.0,0.0
207,4,0,0,93.3271,70.0,14.4,0.004759636,63.7064368215266,7.04704236984253,0.0,0.003769911,-0.12817502,1.915538263,2613.600442,0.0,0.0,0.0,0.0
208,4,0,0,93.5156,76.0,14.4,0.004767898,62.7700179127454,7.04704236984253,0.0,-0.002513274,-0.149678946,1.895108175,2631.998869,0.0,0.0,0.0,0.0
209,4,0,0,93.6575,76.0,14.8,0.004802044,61.7140747383834,7.07536268234253,0.0,0.003141593,-0.173491716,1.864632559,2654.035231,0.0,0.0,0.0,0.0
210,4,0,0,93.8474,73.0,14.8,0.004828907,60.8072021532774,7.10368299484253,0.0,0.006911504,-0.187455893,1.868553591,2672.309156,0.0,0.0,0.0,0.0
211,4,0,0,93.9426,75.0,15.1,0.0048446,59.7668595507272,7.16032361984253,0.0,0.001256637,-0.192396402,1.882505369,2694.615431,0.0,0.0,0.0,0.0
212,4,0,0,94.1336,76.0,15.1,0.004854146,58.9096932017952,7.16032361984253,0.0,-0.005654867,-0.200944662,1.902286005,2713.756915,0.0,0.0,0.0,0.0
213,4,0,0,94.3735,73.0,15.4,0.004869103,58.0134636327244,7.21696424484253,0.0,-0.008796459,-0.225399733,1.933823061,2735.347133,0.0,0.0,0.0,0.0
214,4,0,0,94.5662,69.0,15.4,0.004889798,57.4871434215042,7.24528455734253,0.0,-0.000628,-0.255847692,1.976636362,2754.562722,882.6854,653.1633,0.0,0.0
215,4,0,0,94.6629,70.0,15.4,0.004934306,57.055109854265,7.38688611984253,0.0,-0.000628,-0.290094614,2.032072973,2776.24841,0.0,0.0,0.0,0.0
216,4,0,0,94.8083,73.0,15.4,0.004997213,56.6510158778318,7.50016736984253,0.0,0.015707962,-0.319130182,2.058127832,2795.599615,0.0,0.0,0.0,0.0
217,4,0,0,94.8569,74.0,15.3,0.005079028,56.1748173056264,8.32145690917969,0.0,0.012566371,-0.328107595,2.070990038,2817.382332,880.5002,639.8047,0.0,0.0
218,4,0,0,94.9055,72.0,15.3,0.005140658,55.767283236196,8.34977722167969,0.0,0.015079645,-0.316547632,2.064707232,2836.835207,869.6435,657.1221,0.0,0.0
219,4,0,0,94.8083,70.0,15.3,0.005209406,55.309754552957,8.37809753417969,0.0,0.014451326,-0.277677774,2.041952085,2858.482288,0.0,0.0,0.0,0.0
220,4,0,0,95.3944,71.0,15.3,0.005291072,54.9103881254276,8.20817565917969,0.0,0.009424778,-0.22187686,1.995944929,2877.607268,0.0,0.0,0.0,0.0
221,4,0,0,95.6901,73.0,15.0,0.005409941,54.7782055317032,8.20817565917969,0.0,0.003769911,-0.148006678,1.950147104,2899.540598,0.0,0.0,0.0,0.0
222,4,0,0,95.7891,76.0,15.0,0.005507839,55.2852550551482,8.20817565917969,0.0,-0.018221237,-0.080796003,1.927082491,2918.069275,0.0,0.0,0.0,0.0
223,4,0,0,96.0873,79.0,15.0,0.005566835,56.063024647367,8.23649597167969,0.0,-0.007539822,-0.027539492,1.919706297,2939.119929,880.1951,653.5441,0.0,0.0
224,4,0,0,96.2371,81.0,15.0,0.005550713,56.805998506325,8.26481628417969,0.0,0.008796459,0.015685797,1.923795176,2958.340387,0.0,0.0,0.0,0.0
225,4,0,0,96.3874,84.0,15.3,0.005469569,57.779125446622,8.32145690917969,0.0,-0.030787608,0.073146105,1.95317502,2979.693543,0.0,0.0,0.0,0.0
226,4,0,0,96.5885,83.0,15.3,0.005373736,58.5964801196614,8.40641784667969,0.0,-0.016336281,0.081350088,1.97645278,2998.036811,0.0,0.0,0.0,0.0
227,4,0,0,96.8917,79.0,15.5,0.005259655,59.773602395646,8.43473815917969,0.0,0.012566371,0.058354139,2.001834345,3017.872266,0.0,0.0,0.0,0.0
228,4,0,0,96.9932,78.0,15.5,0.005158923,60.6403611673678,8.40641784667969,0.0,0.003141593,0.039469004,2.014030409,3034.984817,0.0,0.0,0.0,0.0
229,4,0,0,97.1968,74.0,15.8,0.005044337,61.5763200302166,8.37809753417969,0.0,-0.011938052,0.011402845,2.018888426,3053.949783,871.4477,652.4561,0.0,0.0
230,4,0,0,97.4013,72.0,15.8,0.004952432,62.1986950029022,8.34977722167969,0.0,-0.011938052,-0.039388895,2.033989382,3070.525958,0.0,0.0,0.0,0.0
231,4,0,0,97.6582,71.0,16.0,0.004862337,62.889521610961,8.32145690917969,0.0,0.008796459,-0.114720583,2.065213156,3088.943936,0.0,0.0,0.0,0.0
232,4,0,0,97.7613,72.0,16.0,0.00478889,63.4840462629304,8.32145690917969,0.0,0.008796459,-0.180477858,2.099133444,3105.313331,0.0,0.0,0.0,0.0
233,4,0,0,98.02,73.0,15.9,0.004704561,64.0743823822422,8.32145690917969,0.0,0.006911504,-0.224033117,2.138364267,3124.09789,0.0,0.0,0.0,0.0
234,4,0,0,98.228,76.0,15.9,0.004638903,64.5557479497318,8.29313659667969,0.0,0.006911504,-0.239789248,2.153365088,3140.590082,0.0,0.0,0.0,0.0
235,4,0,0,98.2801,74.0,16.1,0.004584393,65.1024889796516,8.32145690917969,0.0,0.007539822,-0.248854399,2.140576792,3159.567858,0.0,0.0,0.0,0.0
236,4,0,0,98.5416,72.0,16.1,0.00455805,65.555880629113,8.32145690917969,0.0,0.011938052,-0.243906736,2.104836893,3174.598482,0.0,0.0,0.0,0.0
237,4,0,0,98.594,70.0,16.0,0.004552274,66.0586557937982,8.37809753417969,0.0,0.000628,-0.228984594,2.036838961,3192.383734,0.0,0.0,0.0,0.0
238,4,0,0,98.8045,69.0,16.0,0.004566142,66.486133464338,8.40641784667969,0.0,-0.003141593,-0.221174479,1.966447783,3207.536422,881.3666,653.2875,0.0,0.0
239,4,0,0,98.91,73.0,15.9,0.004599797,66.8823825198204,8.46305847167969,0.0,-0.009424778,-0.215973139,1.889668417,3224.84304,881.9401,654.0657,0.0,0.0
240,4,0,0,99.228,71.0,15.9,0.004638731,67.0932580575958,8.46305847167969,0.0,-0.001884956,-0.226639509,1.840914679,3240.514659,881.5093,654.7622,0.0,0.0
241,4,0,0,99.2812,70.0,16.1,0.0046851,67.347495201716,8.46305847167969,0.0,0.0,-0.244086504,1.782946062,3258.469725,883.9964,655.3169,0.0,0.0
242,4,0,0,99.4411,68.0,16.1,0.004727927,67.5627515239054,8.29313659667969,0.0,-0.001256637,-0.25920558,1.743103456,3274.630118,0.0,0.0,0.0,0.0
243,4,0,0,98.0719,70.0,16.0,0.004784376,67.76614263289,8.29313659667969,0.0,-0.000628,-0.278758764,1.753232908,3293.188956,879.2208,644.707,0.0,0.0
244,4,0,0,95.8387,71.0,16.0,0.004835446,67.9338487838902,8.32145690917969,0.0,0.0,-0.296634436,1.781077337,3310.001094,880.237,642.4723,0.0,0.0
245,4,0,0,94.2294,75.0,15.9,0.004879831,68.0954575479654,8.29313659667969,0.0,0.00816814,-0.31321311,1.802696657,3329.962156,0.0,0.0,0.0,0.0
246,4,0,0,93.6575,76.0,15.9,0.004897281,68.2273139606586,8.32145690917969,0.0,0.003141593,-0.314997911,1.84961791,3346.384527,877.2842,644.0175,0.0,0.0
247,4,0,0,93.895,70.0,15.8,0.004900383,68.3681517136502,8.29313659667969,0.0,0.001256637,-0.312334776,1.929822397,3366.562034,852.0376,634.3039,0.0,0.0
248,4,0,0,94.4697,67.0,15.8,0.004903903,68.4817365168402,8.29313659667969,0.0,0.001884956,-0.306189299,2.000388098,3384.086587,0.0,0.0,0.0,0.0
249,4,0,0,94.8569,67.0,15.4,0.004918392,68.600285763782,8.29313659667969,0.0,0.001884956,-0.295603991,2.049033117,3404.025321,0.0,0.0,0.0,0.0
250,4,0,0,95.4927,69.0,15.4,0.004938294,68.7017787586952,8.29313659667969,0.0,0.002513274,-0.282794237,2.066020441,3421.887629,0.0,0.0,0.0,0.0
251,4,0,0,96.1372,69.0,15.4,0.004961146,68.8141413325288,8.32145690917969,0.0,0.006911504,-0.262240171,2.073886347,3442.391658,798.2284,699.3728,0.0,0.0
252,4,0,0,96.4376,68.0,15.4,0.004974912,68.906138014437,8.29313659667969,0.0,0.005654867,-0.23295188,2.065707159,3460.794242,0.0,0.0,0.0,0.0
253,4,0,0,96.7399,68.0,15.4,0.004986383,69.0055573425734,8.26481628417969,0.0,0.0,-0.187955618,2.051876497,3481.606492,0.0,0.0,0.0,0.0
254,4,0,0,96.8917,73.0,15.4,0.005000575,69.0882774507602,8.29313659667969,0.0,-0.003141593,-0.151493311,2.043375444,3500.24809,0.0,0.0,0.0,0.0
255,4,0,0,97.2479,74.0,15.3,0.005024414,69.0250511975264,8.26481628417969,0.0,-0.001884956,-0.116091013,2.042993498,3521.284221,0.0,0.0,0.0,0.0
256,4,0,0,97.6067,75.0,15.3,0.00504151,68.7465960774436,8.26481628417969,0.0,-0.000628,-0.087232828,2.061299276,3539.918747,0.0,0.0,0.0,0.0
257,4,0,0,97.8129,73.0,15.6,0.005041585,68.495558687485,8.26481628417969,0.0,-0.013194689,-0.062865496,2.075784159,3558.664111,876.4209,642.7919,0.0,0.0
258,4,0,0,97.9681,70.0,15.6,0.005011942,68.2257484108,8.26481628417969,0.0,-0.002513274,-0.05780673,2.096575689,3580.829642,881.6622,651.1251,0.0,0.0
259,4,0,0,98.0719,70.0,15.8,0.004963166,67.9944177431962,8.26481628417969,0.0,-0.003141593,-0.055537462,2.115237665,3599.05157,872.32,641.3941,0.0,0.0
260,4,0,0,98.2801,72.0,15.8,0.004897601,67.7345981526708,8.26481628417969,0.0,-0.010681415,-0.062703371,2.135848475,3621.076478,0.0,0.0,0.0,0.0
261,4,0,0,98.4368,74.0,16.0,0.004851743,67.5127431824266,8.17985534667969,0.0,0.005026548,-0.08088851,2.140057516,3640.023011,0.0,0.0,0.0,0.0
262,4,0,0,98.8045,75.0,16.0,0.004839153,67.2568306027126,6.79215955734253,0.0,0.006283185,-0.089169264,2.137739611,3661.426573,882.6427,633.2803,0.0,0.0
263,4,0,0,99.0688,79.0,16.2,0.004877126,67.030656630617,6.14079236984253,0.0,0.002513274,-0.086111784,2.131526423,3680.588435,867.2264,657.9904,0.0,0.0
264,4,0,0,99.228,80.0,16.2,0.004968395,66.548851616747,6.42399549484253,0.0,0.001884956,-0.078192949,2.120093298,3702.278127,0.0,0.0,0.0,0.0
265,4,0,0,99.3345,79.0,16.4,0.005059014,66.1175287340518,10.5021209716797,0.0,0.001884956,-0.068031549,2.105718088,3721.576462,0.0,0.0,0.0,0.0
266,4,0,0,99.6016,76.0,16.4,0.005133251,65.8236378224798,8.12321472167969,0.0,-0.016336281,-0.053643465,2.081687403,3743.31742,0.0,0.0,0.0,0.0
267,4,0,0,99.7089,79.0,16.3,0.005167396,65.3791656985674,8.15153503417969,0.0,-0.003769911,-0.056419134,2.046155882,3762.67825,0.0,0.0,0.0,0.0
268,4,0,0,99.8702,82.0,16.3,0.005192574,64.9392322836032,8.32145690917969,0.0,-0.000628,-0.067762613,1.997517061,3785.330337,0.0,0.0,0.0,0.0
269,4,0,0,99.978,82.0,16.1,0.005213063,64.5797873855148,8.32145690917969,0.0,-0.001256637,-0.076894522,1.961715651,3803.970709,0.0,0.0,0.0,0.0
270,4,0,0,100.1402,80.0,16.1,0.005237123,64.182645693508,8.34977722167969,0.0,0.0,-0.088929892,1.924032164,3826.593747,0.0,0.0,0.0,0.0
271,4,0,0,100.4662,78.0,16.0,0.005258273,63.8959302174468,8.34977722167969,0.0,0.005026548,-0.097956419,1.893479776,3845.979726,876.2558,645.7672,0.0,0.0
272,4,0,0,100.5753,79.0,16.0,0.005277501,63.6476188080472,8.32145690917969,0.0,0.003769911,-0.098445177,1.88354249,3867.707019,0.0,0.0,0.0,0.0
273,4,0,0,100.8491,79.0,16.2,0.005291172,63.8718152553376,8.23649597167969,0.0,-0.013823007,-0.09709239,1.880645704,3887.003404,0.0,0.0,0.0,0.0
274,4,0,0,101.0142,76.0,16.2,0.005318773,64.3021562314186,8.32145690917969,0.0,0.001884956,-0.115437746,1.886916113,3908.648912,0.0,0.0,0.0,0.0
275,4,0,0,101.4014,76.0,16.1,0.005365937,64.6746611167278,8.12321472167969,0.0,0.002513274,-0.128199339,1.906439734,3927.772938,0.0,0.0,0.0,0.0
276,4,0,0,101.2351,78.0,16.1,0.0054358,65.0755724945638,7.95329236984253,0.0,0.001884956,-0.137380362,1.914223146,3949.296621,876.3272,635.5152,0.0,0.0
277,4,0,0,101.3459,79.0,16.0,0.005483143,65.4136146673384,7.92497205734253,0.0,0.011938052,-0.141475916,1.909813356,3968.296619,881.5579,652.8735,0.0,0.0
278,4,0,0,101.5125,79.0,16.0,0.005493874,65.7714528164642,7.72672986984253,0.0,-0.006911504,-0.132278204,1.899804544,3990.314195,875.5118,628.2382,0.0,0.0
279,4,0,0,101.7915,82.0,15.9,0.005466616,66.127519404118,7.13200330734253,0.0,0.005654867,-0.131143808,1.888097239,4008.26512,0.0,0.0,0.0,0.0
280,4,0,0,101.4014,85.0,15.9,0.005419191,66.5310743803984,7.01872205734253,0.0,0.003769911,-0.119194746,1.877406073,4029.96043,0.0,0.0,0.0,0.0
281,4,0,0,101.6797,87.0,15.5,0.005382193,66.8505084628626,6.93376111984253,0.0,-0.00816814,-0.110214472,1.887867403,4048.379864,0.0,0.0,0.0,0.0
282,4,0,0,101.0142,86.0,15.5,0.005342416,67.2119858286238,6.87712049484253,0.0,-0.008796459,-0.112786055,1.899321985,4069.012678,0.0,0.0,0.0,0.0
283,4,0,0,99.5481,82.0,15.5,0.005300612,67.4858060977868,6.70719861984253,0.0,-0.000628,-0.124710798,1.910170507,4087.146468,0.0,0.0,0.0,0.0
284,4,0,0,98.4368,79.0,15.5,0.005251706,67.7647006803434,6.84880018234253,0.0,0.0,-0.141968489,1.92200036,4107.503892,0.0,0.0,0.0,0.0
285,4,0,0,98.2801,78.0,15.1,0.005220897,67.8849802735598,6.73551893234253,0.0,-0.008796459,-0.159910917,1.924224329,4125.395981,0.0,0.0,0.0,0.0
286,4,0,0,97.9163,79.0,15.1,0.005201085,68.006921542513,6.62223768234253,0.0,0.001256637,-0.198918581,1.922451448,4145.5139,0.0,0.0,0.0,0.0
287,4,0,0,97.6582,77.0,15.1,0.005188442,68.1165306804472,6.31071424484253,0.0,0.000628,-0.234508276,1.940437746,4163.545397,0.0,0.0,0.0,0.0
288,4,0,0,99.0158,75.0,15.1,0.005178082,68.2139587239214,5.85758924484253,0.0,0.003141593,-0.26650548,1.954872561,4183.915272,0.0,0.0,0.0,0.0
289,4,0,0,99.4411,76.0,15.1,0.005183465,68.2958273946878,5.97087049484253,0.0,-0.001884956,-0.288597345,1.9632792,4202.205068,0.0,0.0,0.0,0.0
290,4,0,0,99.9241,80.0,15.1,0.005216406,68.3828115779518,5.97087049484253,0.0,0.002513274,-0.320177794,1.963928652,4223.71996,0.0,0.0,0.0,0.0
291,4,0,0,100.2486,83.0,15.1,0.005267717,68.4587545139976,5.97087049484253,0.0,0.001884956,-0.341809511,1.95768733,4242.295641,878.2944,645.8789,0.0,0.0
292,4,0,0,100.4662,81.0,15.1,0.005330926,68.5430470439248,5.97087049484253,0.0,0.001884956,-0.362867594,1.949180555,4263.280747,876.1194,646.5562,0.0,0.0
293,4,0,0,100.5753,80.0,14.8,0.005360543,68.6156734842854,5.97087049484253,0.0,0.002513274,-0.376418829,1.938380671,4282.150861,0.0,0.0,0.0,0.0
294,4,0,0,100.5207,78.0,14.8,0.005346905,68.6793048727708,5.97087049484253,0.0,0.011938052,-0.385284185,1.936644983,4303.650616,847.0872,667.1377,0.0,0.0
295,4,0,0,100.6847,75.0,14.8,0.005294412,68.734085406245,5.71598768234253,0.0,-0.011309734,-0.375790834,1.945899916,4322.865461,0.0,0.0,0.0,0.0
296,4,0,0,100.9041,77.0,14.8,0.00520278,68.8003535051996,1.97770655155182,0.0,0.005026548,-0.370528936,1.96505971,4344.628891,0.0,0.0,0.0,0.0
297,4,0,0,101.1798,73.0,15.1,0.00511376,68.8591577749154,1.89274561405182,0.0,0.005026548,-0.358971834,1.983739805,4363.957751,878.0572,645.8665,0.0,0.0
298,4,0,0,101.2904,71.0,15.1,0.005015724,68.903885823574,5.71598768234253,0.0,0.002513274,-0.33727622,2.025627565,4385.750727,0.0,0.0,0.0,0.0
299,4,0,0,101.4569,70.0,15.4,0.004944608,68.93709197953,5.46110486984253,0.0,-0.001884956,-0.314534426,2.064334345,4405.198488,0.0,0.0,0.0,0.0
300,4,0,0,101.7915,70.0,15.4,0.004898003,68.9562218983354,5.51774549484253,0.0,0.0,-0.293020964,2.09675355,4427.880135,0.0,0.0,0.0,0.0
301,4,0,0,102.0158,74.0,15.7,0.004893425,68.9818955545148,5.43278455734253,0.0,0.001884956,-0.273999929,2.126565409,4447.433363,0.0,0.0,0.0,0.0
302,4,0,0,102.0721,73.0,15.7,0.004920376,69.0161453996476,5.48942518234253,0.0,0.000628,-0.244347334,2.156229925,4469.500019,0.0,0.0,0.0,0.0
303,4,0,0,102.3541,70.0,15.9,0.0049623,69.0472435616046,5.60270643234253,0.0,-0.000628,-0.216071367,2.178317976,4489.105004,0.0,0.0,0.0,0.0
304,4,0,0,102.5241,67.0,15.9,0.005029039,69.0820495946414,5.60270643234253,0.0,0.001256637,-0.186203241,2.19804759,4511.046658,0.0,0.0,0.0,0.0
305,4,0,0,102.6947,67.0,16.1,0.005109759,69.1103118903042,5.57438611984253,0.0,-0.002513274,-0.159959078,2.209624243,4530.541533,0.0,0.0,0.0,0.0
306,4,0,0,102.923,68.0,16.1,0.005232456,69.1422958169038,5.74430799484253,0.0,-0.001884956,-0.135644674,2.201855135,4552.57571,0.0,0.0,0.0,0.0
307,4,0,0,103.1523,69.0,16.3,0.005355875,69.163808395766,6.36735486984253,0.0,-0.001256637,-0.120349169,2.196299028,4572.266137,0.0,0.0,0.0,0.0
308,4,0,0,103.3827,74.0,16.3,0.00548889,69.189063205117,7.18864393234253,0.0,0.000628,-0.106373072,2.182605219,4594.343038,0.0,0.0,0.0,0.0
309,4,0,0,103.325,72.0,16.8,0.005581856,69.2094977514868,7.13200330734253,0.0,-0.001256637,-0.094338179,2.161216211,4613.93312,0.0,0.0,0.0,0.0
310,4,0,0,103.1523,69.0,16.8,0.005657383,69.2244116822942,7.13200330734253,0.0,-0.003141593,-0.08252883,2.133138609,4636.77198,0.0,0.0,0.0,0.0
311,4,0,0,103.6721,68.0,16.9,0.005702657,69.2292044577482,7.27360486984253,0.0,-0.001256637,-0.079936266,2.112929773,4656.380862,878.0691,646.8706,0.0,0.0
312,4,0,0,103.8465,71.0,16.9,0.005735934,69.2343062425756,7.92497205734253,0.0,0.0,-0.079879999,2.086131048,4678.68945,872.7731,646.1063,0.0,0.0
313,4,0,0,103.9631,73.0,17.3,0.00574554,69.2435347453112,7.86833143234253,0.0,-0.001884956,-0.079506636,2.054493856,4698.453115,873.945,646.9075,0.0,0.0
314,4,0,0,104.1385,70.0,17.3,0.005727409,69.2535529029046,13.0226287841797,0.0,0.001884956,-0.082710505,2.021924925,4720.55638,859.5365,650.2124,0.0,0.0
315,4,0,0,104.3144,68.0,17.4,0.005688531,69.2611471852438,10.7570037841797,0.0,-0.001256637,-0.082672834,1.992503119,4740.249002,0.0,0.0,0.0,0.0
316,4,0,0,104.491,68.0,17.4,0.005635535,69.2717283865296,9.85075378417969,0.0,-0.003141593,-0.084807634,1.963539076,4762.374485,837.1464,676.3308,0.0,0.0
317,4,0,0,104.6091,71.0,16.8,0.005601749,69.280448772347,10.1339569091797,0.0,-0.003769911,-0.093558073,1.946748209,4782.154023,0.0,0.0,0.0,0.0
318,4,0,0,104.846,70.0,16.8,0.005594562,69.2877134779476,10.1622772216797,0.0,0.000628,-0.109359503,1.931373072,4804.663054,873.2347,650.2277,0.0,0.0
319,4,0,0,105.2034,70.0,16.9,0.005620067,69.2853720169948,9.99235534667969,0.0,-0.001256637,-0.123185396,1.917380762,4824.663296,0.0,0.0,0.0,0.0
320,4,0,0,105.503,76.0,16.9,0.005673171,69.2807440379568,10.0206756591797,0.0,0.0,-0.141195059,1.90617938,4847.966028,882.8412,636.7003,0.0,0.0
321,4,0,0,105.503,78.0,17.3,0.005715419,69.2773245445116,10.0206756591797,0.0,0.011938052,-0.156606913,1.905210447,4867.264855,0.0,0.0,0.0,0.0
322,4,0,0,105.443,76.0,17.3,0.005734731,69.265061067937,10.0206756591797,0.0,-0.011309734,-0.160177469,1.904339743,4890.617638,873.5302,649.1927,0.0,0.0
323,4,0,0,105.503,74.0,17.4,0.005730579,69.2656584388516,9.90739440917969,0.0,0.016964599,-0.165291071,1.906092119,4910.928185,0.0,0.0,0.0,0.0
324,4,0,0,105.383,78.0,17.4,0.005719782,69.2735136595784,9.51091003417969,0.0,0.006911504,-0.13792491,1.90817256,4933.623497,0.0,0.0,0.0,0.0
325,4,0,0,105.6234,76.0,17.8,0.005703311,69.2799475273106,8.88786315917969,0.0,-0.015079645,-0.100328684,1.908568811,4953.390342,0.0,0.0,0.0,0.0
326,4,0,0,105.6837,73.0,17.8,0.005656538,69.2870062373912,7.81169080734253,0.0,-0.005654867,-0.07867837,1.918558073,4976.000939,0.0,0.0,0.0,0.0
327,4,0,0,105.6837,77.0,17.8,0.005587486,69.2941679452318,8.03825378417969,0.0,-0.001256637,-0.067000151,1.934359503,4996.185999,0.0,0.0,0.0,0.0
328,4,0,0,106.0468,79.0,17.8,0.005496531,69.3022291614786,8.06657409667969,0.0,-0.008796459,-0.056134939,1.952311945,5018.984097,0.0,0.0,0.0,0.0
329,4,0,0,106.3513,76.0,17.8,0.005423751,69.3087110841032,8.00993347167969,0.0,-0.003769911,-0.058694124,1.96992774,5039.053923,0.0,0.0,0.0,0.0
330,4,0,0,106.3513,77.0,17.8,0.005353459,69.31646330707,8.00993347167969,0.0,0.005654867,-0.063873053,1.986133528,5062.604706,0.0,0.0,0.0,0.0
331,4,0,0,106.2293,75.0,18.1,0.005300563,69.3232336234226,8.00993347167969,0.0,0.003769911,-0.057027578,1.988279772,5081.845429,0.0,0.0,0.0,0.0
332,4,0,0,106.2903,71.0,18.1,0.005252744,69.3311849700276,7.95329236984253,0.0,-0.009424778,-0.044630289,1.974956942,5105.209196,0.0,0.0,0.0,0.0
333,4,0,0,106.5348,67.0,18.1,0.005228521,69.33783856095,8.03825378417969,0.0,-0.016964599,-0.047867537,1.932832193,5125.162315,0.0,0.0,0.0,0.0
334,4,0,0,106.2293,68.0,18.1,0.005224084,69.3455083857088,7.98161268234253,0.0,-0.059690259,-0.099746466,1.905355406,5147.3857,0.0,0.0,0.0,0.0
335,4,0,0,106.3513,69.0,18.4,0.005239831,69.3612943534886,7.98161268234253,0.0,-0.048380528,-0.253431082,1.892556143,5167.251421,0.0,0.0,0.0,0.0
336,4,0,0,106.1076,68.0,18.4,0.005279038,69.3788861938692,7.92497205734253,0.0,-0.048380528,-0.535141706,1.880778742,5189.686478,878.9148,655.5551,0.0,0.0
337,4,0,0,106.4736,69.0,18.7,0.005326526,69.3950154821512,7.98161268234253,0.0,-0.049008846,-0.906969786,1.885204268,5209.511185,0.0,0.0,0.0,0.0
338,4,0,0,106.5962,72.0,18.7,0.005375902,69.4152440490944,8.00993347167969,0.0,-0.023247786,-1.404386997,1.887645674,5231.83638,0.0,0.0,0.0,0.0
339,4,0,0,106.8422,69.0,18.6,0.005396225,69.4351979499798,8.00993347167969,0.0,0.010053096,1.703584433,1.877495718,5251.665724,0.0,0.0,0.0,0.0
340,4,0,0,107.0893,71.0,18.6,0.005396751,69.4607823360694,8.06657409667969,0.0,0.006911504,1.18543148,1.868629885,5274.821729,0.0,0.0,0.0,0.0
341,4,0,0,107.0893,73.0,18.5,0.005395666,69.4843960531422,8.09489440917969,0.0,0.020106193,0.747873306,1.888634157,5293.967483,0.0,0.0,0.0,0.0
342,4,0,0,107.2754,72.0,18.5,0.005403798,69.5159336614796,8.12321472167969,0.0,0.043982297,0.288690805,2.036312056,5317.587374,879.8597,656.6041,0.0,0.0
343,4,0,0,107.587,70.0,18.5,0.005416953,69.5429325447754,8.17985534667969,0.0,0.082938045,-0.031938314,2.286578608,5337.679947,0.0,0.0,0.0,0.0
344,4,0,0,107.8376,69.0,18.5,0.005428619,69.571778499776,8.26481628417969,0.0,0.056548666,-0.245980144,2.731969786,5360.253306,0.0,0.0,0.0,0.0
345,4,0,0,107.9005,69.0,18.2,0.005427714,69.5982623942718,8.40641784667969,0.0,0.026389377,-0.331799746,3.229386997,5380.306717,878.8591,642.1574,0.0,0.0
346,4,0,0,108.0894,74.0,18.2,0.005417124,69.6269916077488,8.32145690917969,0.0,0.038955748,-0.361734867,3.877896643,5402.890034,0.0,0.0,0.0,0.0
347,4,0,0,108.279,72.0,18.1,0.005406229,69.6493213129026,8.29313659667969,0.0,0.026389377,-0.330493212,4.369667625,5422.589815,879.1588,641.1534,0.0,0.0
348,4,0,0,108.3424,69.0,18.1,0.00539602,69.6614199930612,8.29313659667969,0.0,-0.005026548,-0.247858763,4.900751448,5444.663465,0.0,0.0,0.0,0.0
349,4,0,0,108.4693,70.0,17.8,0.005393279,69.655562912785,8.29313659667969,0.0,0.001884956,-0.183625817,5.314052677,5464.45045,878.2549,646.0099,0.0,0.0
350,4,0,0,108.724,72.0,17.8,0.005396945,69.655686510097,8.29313659667969,0.0,-0.001256637,-0.107160449,5.646619177,5487.468104,0.0,0.0,0.0,0.0
351,4,0,0,108.6602,69.0,17.6,0.005397867,69.660190891823,8.32145690917969,0.0,-0.001256637,-0.043098927,5.777942038,5506.355927,0.0,0.0,0.0,0.0
352,4,0,0,108.9799,66.0,17.6,0.00539218,69.6753314177024,8.32145690917969,0.0,-0.019477874,0.026919961,5.836001611,5529.372578,0.0,0.0,0.0,0.0
353,4,0,0,108.9159,68.0,17.3,0.005384905,69.6887759245294,8.29313659667969,0.0,-0.016336281,0.058884144,5.814502096,5549.128894,0.0,0.0,0.0,0.0
354,4,0,0,108.724,70.0,17.3,0.005378503,69.7059695176336,8.29313659667969,0.0,-0.023247786,0.058951139,5.733085847,5571.380263,0.0,0.0,0.0,0.0
355,4,0,0,109.0441,72.0,16.8,0.00537763,69.7217623412018,8.29313659667969,0.0,-0.001256637,0.022283435,5.658625817,5591.236134,876.289,649.1193,0.0,0.0
356,4,0,0,109.0441,73.0,16.8,0.005384724,69.7407618069068,8.29313659667969,0.0,0.006283185,-0.031597614,5.576114035,5613.509967,0.0,0.0,0.0,0.0
357,4,0,0,109.1727,71.0,16.6,0.005400031,69.7616152161984,8.32145690917969,0.0,0.00816814,-0.074189901,5.506661153,5633.297,0.0,0.0,0.0,0.0
358,4,0,0,108.9799,71.0,16.6,0.005428465,69.787446796912,8.29313659667969,0.0,0.00816814,-0.107423782,5.434315181,5656.059616,1154.3762,1074.1714,0.0,0.0
359,4,0,0,109.1084,72.0,16.1,0.00545921,69.811795225975,8.29313659667969,0.0,-0.001256637,-0.121570945,5.411841726,5675.923844,0.0,0.0,0.0,0.0
360,4,0,0,109.755,73.0,16.1,0.005485123,69.8385812579624,8.29313659667969,0.0,-0.010681415,-0.143938422,5.430418706,5698.2593,880.731,652.2412,0.0,0.0
361,4,0,0,109.4307,77.0,16.0,0.00548256,69.8619409085294,8.32145690917969,0.0,0.005654867,-0.178442001,5.481117105,5718.041564,877.0062,646.5785,0.0,0.0
362,4,0,0,109.3661,77.0,16.0,0.0054472,69.8890290458216,8.32145690917969,0.0,0.00439823,-0.2086308,5.538019633,5741.104107,878.6798,656.44,0.0,0.0
363,4,0,0,109.69,80.0,15.9,0.005395658,69.9106446385372,8.32145690917969,0.0,0.001884956,-0.228059053,5.576327181,5760.922006,876.3942,650.1829,0.0,0.0
364,4,0,0,109.8201,80.0,15.9,0.00531923,69.9335030440678,8.32145690917969,0.0,0.008796459,-0.242089629,5.59511075,5783.216935,0.0,0.0,0.0,0.0
365,4,0,0,109.8853,79.0,15.8,0.005238862,69.9521042624964,8.29313659667969,0.0,0.001884956,-0.240945458,5.61543963,5803.050442,0.0,0.0,0.0,0.0
366,4,0,0,110.1467,81.0,15.8,0.005136565,69.9737541663408,8.32145690917969,0.0,0.001256637,-0.237864733,5.656395888,5825.31756,0.0,0.0,0.0,0.0
367,4,0,0,110.4094,79.0,15.8,0.005047359,69.994641918948,8.32145690917969,0.0,-0.000628,-0.232288957,5.684641337,5845.027539,0.0,0.0,0.0,0.0
368,4,0,0,110.6072,78.0,15.8,0.004958595,70.0196838448038,8.40641784667969,0.0,0.006911504,-0.21814394,5.707741952,5867.357629,0.0,0.0,0.0,0.0
369,4,0,0,110.8058,77.0,15.7,0.004901951,70.0411758402074,8.49137878417969,0.0,-0.005026548,-0.187073112,5.717156744,5887.313684,0.0,0.0,0.0,0.0
370,4,0,0,110.8721,78.0,15.7,0.004872277,70.0670829472472,8.63298034667969,0.0,-0.00439823,-0.161057472,5.715910649,5909.47334,0.0,0.0,0.0,0.0
371,4,0,0,110.9385,80.0,15.6,0.004881824,70.0904151424738,8.60466003417969,0.0,-0.003769911,-0.143642068,5.709891891,5929.279967,0.0,0.0,0.0,0.0
372,4,0,0,111.205,79.0,15.6,0.004928438,70.1158141486888,8.54801940917969,0.0,-0.013823007,-0.128955364,5.703441119,5952.217939,0.0,0.0,0.0,0.0
373,4,0,0,111.3387,77.0,15.6,0.004986932,70.1364821620124,8.60466003417969,0.0,-0.005654867,-0.135500669,5.673527694,5972.061653,0.0,0.0,0.0,0.0
374,4,0,0,111.4728,76.0,15.6,0.005052404,70.1607481928674,8.63298034667969,0.0,-0.00439823,-0.151327491,5.640942788,5994.344328,0.0,0.0,0.0,0.0
375,4,0,0,111.6744,79.0,15.5,0.005093501,70.1818075815856,8.68962097167969,0.0,-0.005654867,-0.17072475,5.622071242,6014.226139,0.0,0.0,0.0,0.0
376,4,0,0,111.7418,82.0,15.5,0.005119766,70.206053028982,8.88786315917969,0.0,0.005026548,-0.203433514,5.60440836,6036.688028,876.1413,647.0937,0.0,0.0
377,4,0,0,111.9445,82.0,15.5,0.005134576,70.2277304042602,8.88786315917969,0.0,0.005654867,-0.226143241,5.610500669,6056.607947,0.0,0.0,0.0,0.0
378,4,0,0,111.8768,76.0,15.5,0.005152769,70.2528959435214,9.17106628417969,0.0,-0.006283185,-0.240926862,5.627731776,6078.993207,0.0,0.0,0.0,0.0
379,4,0,0,112.08,72.0,15.4,0.005178967,70.2710508275944,9.68083190917969,0.0,-0.008796459,-0.263477206,5.650323248,6098.880426,0.0,0.0,0.0,0.0
380,4,0,0,112.2158,70.0,15.4,0.005236431,70.28667887084,9.28434753417969,0.0,0.003769911,-0.302861214,5.685934877,6121.467362,879.7139,654.7605,0.0,0.0
381,4,0,0,112.2158,70.0,15.1,0.005317017,70.3008580896572,7.69840955734253,0.0,0.02953097,-0.323678374,5.706752276,6141.461514,0.0,0.0,0.0,0.0
382,4,0,0,112.352,70.0,15.1,0.00542759,70.316211466845,8.03825378417969,0.0,0.006283185,-0.297948837,5.724585509,6164.761813,0.0,0.0,0.0,0.0
383,4,0,0,112.4885,67.0,14.8,0.005503304,70.329408779048,8.12321472167969,0.0,-0.010053096,-0.266445875,5.762397981,6184.932249,0.0,0.0,0.0,0.0
384,4,0,0,112.6938,70.0,14.8,0.005521239,70.3441785129914,8.23649597167969,0.0,-0.005654867,-0.247107148,5.795488334,6207.8268,0.0,0.0,0.0,0.0
385,4,0,0,112.7625,71.0,14.8,0.005477196,70.35658618643,8.32145690917969,0.0,0.001884956,-0.236879587,5.78319118,6228.379028,0.0,0.0,0.0,0.0
386,4,0,0,112.8999,69.0,14.8,0.005403515,70.3684445438464,8.37809753417969,0.0,0.028902652,-0.223114371,5.745211101,6248.911701,0.0,0.0,0.0,0.0
387,4,0,0,112.7625,67.0,14.5,0.005313629,70.3812916797588,8.46305847167969,0.0,0.002513274,-0.163404822,5.722107148,6272.078175,0.0,0.0,0.0,0.0
388,4,0,0,113.1068,67.0,14.5,0.00524864,70.3926762474792,8.49137878417969,0.0,0.019477874,-0.100995064,5.711011147,6292.666537,0.0,0.0,0.0,0.0
389,4,0,0,112.4885,67.0,14.6,0.005191635,70.4047543280858,8.54801940917969,0.0,0.005026548,-0.001628041,5.680518484,6315.981932,0.0,0.0,0.0,0.0
390,4,0,0,112.8312,72.0,14.6,0.005138918,70.4157063213076,8.68962097167969,0.0,0.016336281,0.099368811,5.614386535,6336.672298,0.0,0.0,0.0,0.0
391,4,0,0,113.2452,73.0,14.6,0.00506445,70.4275166077382,8.97282409667969,0.0,0.005654867,0.242981434,5.520964956,6359.78696,0.0,0.0,0.0,0.0
392,4,0,0,113.0378,68.0,14.6,0.005003347,70.4374042961378,8.97282409667969,0.0,0.039584067,0.385179996,5.411700463,6380.507568,0.0,0.0,0.0,0.0
393,4,0,0,111.5399,65.0,14.6,0.00495853,70.4488232071738,8.94450378417969,0.0,0.042097341,0.618326664,5.256816959,6403.863399,877.8527,639.6035,0.0,0.0
394,4,0,0,109.4954,65.0,14.6,0.004941606,70.4583675750712,8.88786315917969,0.0,0.027646014,0.887571812,5.097805834,6424.544917,878.8031,638.0811,0.0,0.0
395,4,0,0,108.2157,67.0,14.7,0.004943043,70.468742780837,8.54801940917969,0.0,0.035814155,1.277719498,4.823495007,6448.886031,0.0,0.0,0.0,0.0
396,4,0,0,107.9005,67.0,14.7,0.004959934,70.4774837662064,8.15153503417969,0.0,0.035185836,1.69002223,4.496746397,6469.735432,0.0,0.0,0.0,0.0
397,4,0,0,107.7122,66.0,14.7,0.004990647,70.4878932991944,8.29313659667969,0.0,0.041469023,-1.345968962,4.025642014,6493.102847,0.0,0.0,0.0,0.0
398,4,0,0,108.0264,68.0,14.7,0.00502376,70.4969982207114,8.34977722167969,0.0,-0.00439823,-0.805752516,3.475176764,6513.862386,881.683,653.3379,0.0,0.0
399,4,0,0,108.5329,72.0,14.7,0.005071939,70.5060687989128,8.37809753417969,0.0,-0.136973441,-0.245608091,2.816797686,6537.115583,881.8098,652.7855,0.0,0.0
400,4,0,0,108.9159,74.0,14.7,0.005126945,70.5121181309454,8.37809753417969,0.0,-0.09927433,0.001789331,2.208053541,6557.855201,0.0,0.0,0.0,0.0
401,4,0,0,109.5602,77.0,14.8,0.005204584,70.520392214594,7.89665174484253,0.0,-0.081053086,0.063184023,1.829395247,6581.214534,0.0,0.0,0.0,0.0
402,4,0,0,110.0158,76.0,14.8,0.005275381,70.5275470505528,9.28434753417969,0.0,-0.015079645,-0.001648664,1.760654879,6601.991384,880.6368,651.8533,0.0,0.0
403,4,0,0,110.3436,74.0,14.8,0.005333203,70.5345851610814,7.69840955734253,0.0,-0.054035392,-0.103492022,1.843758535,6625.359065,0.0,0.0,0.0,0.0
404,4,0,0,110.6072,74.0,14.8,0.005346963,70.5287692799092,7.69840955734253,0.0,-0.043353979,-0.273055315,1.961862993,6646.117376,0.0,0.0,0.0,0.0
405,4,0,0,110.8058,72.0,14.8,0.005323266,70.5296962436558,7.81169080734253,0.0,0.084822997,-0.515813112,2.223307085,6670.34934,0.0,0.0,0.0,0.0
406,4,0,0,110.7395,73.0,14.8,0.005276334,70.5284328151954,7.95329236984253,0.0,0.064716808,-0.592885256,2.403815222,6691.246342,0.0,0.0,0.0,0.0
407,4,0,0,109.9505,71.0,15.1,0.00519941,70.5313647912744,7.95329236984253,0.0,0.028274333,-0.539272547,2.392111731,6714.639407,882.8697,637.8251,0.0,0.0
408,4,0,0,106.9039,67.0,15.1,0.005121578,70.5417743403558,7.95329236984253,0.0,-0.037699111,-0.434271574,2.279427481,6735.421126,881.5891,650.3163,0.0,0.0
409,4,0,0,104.3732,66.0,15.1,0.005036975,70.5555964949072,7.95329236984253,0.0,0.012566371,-0.354305506,2.18260951,6758.726776,0.0,0.0,0.0,0.0
410,4,0,0,102.9802,68.0,15.1,0.004977805,70.5680659670018,7.98161268234253,0.0,-0.011938052,-0.270219088,2.087801886,6779.610552,0.0,0.0,0.0,0.0
411,4,0,0,102.4674,69.0,14.8,0.004932877,70.5802882444724,7.47184705734253,0.0,-0.015707962,-0.195464373,2.009155226,6803.158883,879.7176,642.1909,0.0,0.0
412,4,0,0,102.9802,71.0,14.8,0.004911649,70.5931216366212,6.33903455734253,0.0,-0.005654867,-0.157694101,1.972110224,6824.074407,880.1733,652.5833,0.0,0.0
413,4,0,0,103.7301,71.0,14.8,0.004896757,70.6087153526446,6.16911268234253,0.0,-0.015079645,-0.125607729,1.941876841,6847.610048,0.0,0.0,0.0,0.0
414,4,0,0,104.3144,70.0,14.8,0.004881343,70.628607454874,6.67887830734253,0.0,-0.015079645,-0.117718935,1.953092527,6868.514346,0.0,0.0,0.0,0.0
415,4,0,0,104.9054,69.0,14.8,0.004862808,70.7543802083124,7.04704236984253,0.0,-0.013194689,-0.141130686,2.00103898,6892.967475,0.0,0.0,0.0,0.0
416,4,0,0,105.2632,73.0,14.8,0.004854963,70.8228043722518,6.82047986984253,0.0,-0.007539822,-0.182914495,2.06106801,6913.864454,880.7797,650.8682,0.0,0.0
417,4,0,0,105.6837,74.0,14.8,0.004856226,70.8890793430882,6.87712049484253,0.0,0.0,-0.243950605,2.126133871,6937.388875,0.0,0.0,0.0,0.0
418,4,0,0,105.9255,73.0,14.8,0.004856892,70.9695129331898,6.84880018234253,0.0,0.006283185,-0.294965029,2.1608953,6958.323938,0.0,0.0,0.0,0.0
419,4,0,0,106.2293,72.0,14.8,0.004848001,71.1207945463916,6.87712049484253,0.0,0.005654867,-0.333108187,2.197598886,6981.427946,0.0,0.0,0.0,0.0
420,4,0,0,106.4124,71.0,14.8,0.004826658,71.2530698220066,6.87712049484253,0.0,-0.00816814,-0.356505632,2.228110266,7002.440157,0.0,0.0,0.0,0.0
421,4,0,0,106.6576,75.0,14.6,0.00478385,71.427580632675,6.93376111984253,0.0,0.007539822,-0.395239592,2.229996634,7026.18088,0.0,0.0,0.0,0.0
422,4,0,0,106.7806,74.0,14.6,0.004736835,71.5777910852662,7.07536268234253,0.0,0.013823007,-0.408510923,2.207518053,7047.299041,0.0,0.0,0.0,0.0
423,4,0,0,106.9656,74.0,14.6,0.004687145,71.7435677663536,6.96208143234253,0.0,0.009424778,-0.398701906,2.159596872,7071.222374,0.0,0.0,0.0,0.0
424,4,0,0,107.1513,74.0,14.6,0.004658722,71.8780265783872,7.01872205734253,0.0,0.009424778,-0.373763323,2.111614656,7092.407427,0.0,0.0,0.0,0.0
425,4,0,0,107.3376,72.0,14.6,0.004644332,72.0191733246588,7.04704236984253,0.0,0.003769911,-0.328187227,2.094579649,7117.28633,0.0,0.0,0.0,0.0
426,4,0,0,107.5246,68.0,14.6,0.004637379,72.1397069682876,7.01872205734253,0.0,-0.014451326,-0.285230398,2.086318922,7137.627638,0.0,0.0,0.0,0.0
427,4,0,0,107.3998,69.0,14.4,0.004626381,72.2486363210058,6.99040174484253,0.0,-0.010681415,-0.26966548,2.040617418,7162.131539,0.0,0.0,0.0,0.0
428,4,0,0,107.5246,70.0,14.4,0.004614478,71.4202747279704,6.96208143234253,0.0,0.017592918,-0.26631856,1.999685717,7183.480168,0.0,0.0,0.0,0.0
429,4,0,0,107.7749,70.0,14.4,0.004600528,70.2885122148746,6.93376111984253,0.0,0.000628,-0.230534792,1.950542879,7207.272644,0.0,0.0,0.0,0.0
430,4,0,0,107.9005,69.0,14.4,0.004585457,69.3047628741878,6.93376111984253,0.0,0.001256637,-0.197303057,1.945478392,7227.440123,0.0,0.0,0.0,0.0
431,4,0,0,108.0264,73.0,14.5,0.004562012,68.3045821238208,6.90544080734253,0.0,0.005026548,-0.156643152,1.96936698,7249.485047,0.0,0.0,0.0,0.0
432,4,0,0,108.279,71.0,14.5,0.004539963,67.4308058411224,6.90544080734253,0.0,-0.023876105,-0.121505499,2.006106806,7268.820011,0.0,0.0,0.0,0.0
433,4,0,0,109.1727,70.0,14.5,0.004521142,66.6243001635448,6.90544080734253,0.0,-0.00816814,-0.122500658,2.057784033,7290.383004,0.0,0.0,0.0,0.0
434,4,0,0,108.0264,71.0,14.5,0.004509304,65.979197238429,6.90544080734253,0.0,-0.009424778,-0.140667677,2.103482676,7309.473829,882.3586,651.2591,0.0,0.0
435,4,0,0,118.461,71.0,14.9,0.004492496,65.252156972009,7.04704236984253,0.0,-0.005026548,-0.176096201,2.133099508,7331.728227,838.3608,673.6047,0.0,0.0
436,4,0,0,106.5348,70.0,14.9,0.004473187,64.76153543035,6.99040174484253,0.0,-0.00439823,-0.21424365,2.139187288,7350.452349,0.0,0.0,0.0,0.0
437,4,0,0,103.2098,69.0,14.9,0.004453285,64.36099484445,6.99040174484253,0.0,0.007539822,-0.263070345,2.125256968,7372.989456,0.0,0.0,0.0,0.0
438,4,0,0,100.3573,69.0,14.9,0.004447104,63.9930698832864,7.01872205734253,0.0,0.009424778,-0.294458628,2.101656389,7391.802442,0.0,0.0,0.0,0.0
439,4,0,0,97.4526,71.0,15.2,0.00446248,63.5424522692764,7.01872205734253,0.0,0.00816814,-0.311650515,2.068634462,7412.702341,877.0937,642.5795,0.0,0.0
440,4,0,0,95.0029,70.0,15.2,0.004501371,63.1180919707836,6.99040174484253,0.0,0.006911504,-0.313031912,2.051928949,7431.108589,0.0,0.0,0.0,0.0
441,4,0,0,93.1862,70.0,15.5,0.00457456,62.7950873261284,6.99040174484253,0.0,0.005654867,-0.300256968,2.032944155,7452.082219,0.0,0.0,0.0,0.0
442,4,0,0,93.0925,76.0,15.5,0.004655125,63.1283092520152,7.01872205734253,0.0,0.005654867,-0.281287909,2.017355871,7471.209171,0.0,0.0,0.0,0.0
443,4,0,0,93.6575,76.0,15.7,0.004745238,63.8200696957024,6.99040174484253,0.0,-0.010053096,-0.249197245,1.991567087,7492.978212,0.0,0.0,0.0,0.0
444,4,0,0,94.6629,75.0,15.7,0.004803806,64.3725854076904,6.79215955734253,0.0,-0.001256637,-0.233116865,1.973285151,7512.185729,0.0,0.0,0.0,0.0
445,4,0,0,95.5913,79.0,15.7,0.004849448,65.3336205397106,6.82047986984253,0.0,-0.000628,-0.215787649,1.983359289,7534.809753,0.0,0.0,0.0,0.0
446,4,0,0,96.5381,79.0,15.7,0.004879972,66.1020792148924,6.84880018234253,0.0,0.0,-0.200725794,1.983231497,7553.299988,0.0,0.0,0.0,0.0
447,4,0,0,97.2479,73.0,15.9,0.004894773,66.9415919247878,6.87712049484253,0.0,0.00439823,-0.183293104,1.962670279,7575.775572,886.8326,663.9792,0.0,0.0
448,4,0,0,97.7097,71.0,15.9,0.00488465,67.624185648302,6.96208143234253,0.0,-0.005654867,-0.160247087,1.931557131,7595.090022,0.0,0.0,0.0,0.0
449,4,0,0,98.1239,74.0,15.8,0.004864239,68.3152388514328,7.04704236984253,0.0,-0.015079645,-0.147756815,1.907635164,7616.841973,0.0,0.0,0.0,0.0
450,4,0,0,98.4368,75.0,15.8,0.004856344,68.4413617972552,7.07536268234253,0.0,0.008796459,-0.158838511,1.92142148,7636.162287,0.0,0.0,0.0,0.0
451,4,0,0,98.91,72.0,16.0,0.00486067,68.437303717698,7.16032361984253,0.0,0.008796459,-0.157049894,1.96195693,7657.519223,0.0,0.0,0.0,0.0
452,4,0,0,99.0688,72.0,16.0,0.004863962,68.4552732218964,7.13200330734253,0.0,0.006911504,-0.140887976,2.007372808,7676.1745,0.0,0.0,0.0,0.0
453,4,0,0,99.2812,74.0,15.9,0.004857236,68.4890630210968,7.16032361984253,0.0,-0.001256637,-0.109252214,2.037136984,7696.824894,883.5615,655.2365,0.0,0.0
454,4,0,0,99.6552,73.0,15.9,0.004846569,68.5341206625874,7.13200330734253,0.0,-0.016964599,-0.085165739,2.039104414,7714.854679,0.0,0.0,0.0,0.0
455,4,0,0,99.8163,72.0,15.8,0.004835607,68.1930023168698,7.13200330734253,0.0,-0.013823007,-0.09125495,2.025756788,7734.836611,875.4366,648.0831,0.0,0.0
456,4,0,0,99.978,70.0,15.8,0.004830163,67.2130569892344,7.18864393234253,0.0,-0.008796459,-0.119952917,2.006915045,7752.422547,874.4833,650.8723,0.0,0.0
457,4,0,0,100.2486,72.0,16.0,0.004841343,66.1154001244074,7.16032361984253,0.0,0.007539822,-0.166525602,1.990198088,7773.332213,0.0,0.0,0.0,0.0
458,4,0,0,100.4662,72.0,16.0,0.004881928,65.1599130954768,7.13200330734253,0.0,0.008796459,-0.199754,1.983978224,7791.390806,879.6045,656.2165,0.0,0.0
459,4,0,0,100.6299,76.0,15.9,0.004967379,64.198115796126,7.10368299484253,0.0,0.011938052,-0.215748549,1.973318052,7812.04852,0.0,0.0,0.0,0.0
460,4,0,0,100.9591,76.0,15.9,0.005062139,63.5910873448398,6.79215955734253,0.0,0.006283185,-0.210873842,1.968983603,7830.165219,0.0,0.0,0.0,0.0
461,4,0,0,101.0693,73.0,16.1,0.005170311,63.6694266525192,6.90544080734253,0.0,0.003141593,-0.194920778,1.962858152,7850.919613,0.0,0.0,0.0,0.0
462,4,0,0,101.2351,75.0,16.1,0.005254576,64.2880800103614,6.93376111984253,0.0,0.0,-0.176687479,1.965610456,7869.702328,0.0,0.0,0.0,0.0
463,4,0,0,101.5682,79.0,16.3,0.00534345,64.9229175993532,6.96208143234253,0.0,0.011938052,-0.165629148,2.028988314,7891.182313,0.0,0.0,0.0,0.0
464,4,0,0,101.7915,79.0,16.3,0.005418458,65.453549940543,7.01872205734253,0.0,-0.001256637,-0.157902956,2.112186861,7910.399606,868.9562,659.4247,0.0,0.0
465,4,0,0,102.0158,81.0,16.5,0.005482065,66.0379877804746,7.01872205734253,0.0,-0.001884956,-0.148061514,2.197647047,7931.977252,0.0,0.0,0.0,0.0
466,4,0,0,102.1847,84.0,16.5,0.005495261,66.5030523913844,7.01872205734253,0.0,0.011309734,-0.144176245,2.253521395,7951.156457,0.0,0.0,0.0,0.0
467,4,0,0,102.2411,84.0,16.3,0.005466312,67.0190797950468,6.99040174484253,0.0,0.010053096,-0.137677431,2.273051214,7973.384487,0.0,0.0,0.0,0.0
468,4,0,0,102.4674,81.0,16.3,0.005428413,67.4925626864692,6.96208143234253,0.0,-0.02953097,-0.137140036,2.274018717,7992.80685,880.9011,654.0815,0.0,0.0
469,4,0,0,102.5241,77.0,16.5,0.005388023,67.9765718363098,7.01872205734253,0.0,-0.019477874,-0.185972929,2.253876162,8014.722863,878.6746,670.6482,0.0,0.0
470,4,0,0,102.6947,78.0,16.5,0.005359916,68.391641833411,7.01872205734253,0.0,-0.002513274,-0.258467436,2.234347296,8034.115439,0.0,0.0,0.0,0.0
471,4,0,0,101.7356,78.0,16.7,0.00534125,68.8592882441092,7.01872205734253,0.0,0.005026548,-0.346331358,2.20547576,8056.13692,879.9766,641.0966,0.0,0.0
472,4,0,0,98.594,75.0,16.7,0.00533958,69.255791350004,7.04704236984253,0.0,0.014451326,-0.406568289,2.169394922,8076.021193,881.4703,653.9367,0.0,0.0
473,4,0,0,95.7396,73.0,16.8,0.005359901,69.6904307444778,7.01872205734253,0.0,0.018849555,-0.444810152,2.115059328,8098.608101,880.9786,653.5829,0.0,0.0
474,4,0,0,94.3735,73.0,16.8,0.00539917,70.0639243921896,7.07536268234253,0.0,0.006911504,-0.449463606,2.052697611,8118.517763,0.0,0.0,0.0,0.0
475,4,0,0,94.3735,73.0,16.9,0.005464984,70.4906810784094,7.10368299484253,0.0,0.010681415,-0.443613768,1.976360273,8140.580745,877.0144,662.4566,0.0,0.0
476,4,0,0,95.1982,72.0,16.9,0.005529948,70.8480385820508,7.07536268234253,0.0,-0.000628,-0.42288518,1.906368208,8159.622244,0.0,0.0,0.0,0.0
477,4,0,0,95.938,75.0,16.7,0.005583614,71.2454411963518,7.07536268234253,0.0,0.00439823,-0.401022673,1.815964174,8181.41423,0.0,0.0,0.0,0.0
478,4,0,0,96.6389,75.0,16.7,0.005593087,71.5760195398876,7.18864393234253,0.0,0.005654867,-0.375213385,1.758665037,8200.005048,0.0,0.0,0.0,0.0
479,4,0,0,97.299,70.0,16.8,0.005569047,71.9152221433626,7.13200330734253,0.0,0.005654867,-0.333581686,1.706011248,8220.995768,0.0,0.0,0.0,0.0
480,4,0,0,97.9163,67.0,16.8,0.005542839,71.7033990422886,7.13200330734253,0.0,0.00816814,-0.287764788,1.683161688,8239.728189,0.0,0.0,0.0,0.0
481,4,0,0,98.3845,66.0,16.7,0.005532642,70.9482887319622,7.10368299484253,0.0,0.001884956,-0.219057322,1.69768281,8260.916178,0.0,0.0,0.0,0.0
482,4,0,0,98.7518,67.0,16.7,0.005552308,70.3207776633204,7.07536268234253,0.0,0.003141593,-0.156921148,1.742605639,8279.731121,878.4359,643.6992,0.0,0.0
483,4,0,0,99.0688,71.0,16.2,0.005607876,69.6153667172862,7.16032361984253,0.0,0.00439823,-0.081368208,1.825627279,8300.989426,0.0,0.0,0.0,0.0
484,4,0,0,99.4411,73.0,16.2,0.005669854,69.2638731658028,7.16032361984253,0.0,0.002513274,-0.007608652,1.882857275,8319.877124,0.0,0.0,0.0,0.0
485,4,0,0,99.6016,72.0,16.1,0.005729482,69.5232807652882,7.18864393234253,0.0,0.003141593,0.062195063,1.947380495,8341.218437,877.1125,632.15,0.0,0.0
486,4,0,0,99.978,72.0,16.1,0.005761424,69.7650278377618,7.18864393234253,0.0,-0.014451326,0.109857798,1.975278807,8360.242365,879.1686,642.9657,0.0,0.0
487,4,0,0,100.0861,71.0,16.3,0.005774102,70.0263923785938,7.30192518234253,0.0,-0.012566371,0.139517546,2.000286055,8382.607601,0.0,0.0,0.0,0.0
488,4,0,0,100.1944,69.0,16.3,0.005758347,70.2446905304106,7.27360486984253,0.0,-0.023876105,0.137706041,2.017455053,8400.911313,0.0,0.0,0.0,0.0
489,4,0,0,98.228,73.0,16.2,0.005699255,70.4884082879944,7.24528455734253,0.0,-0.024504423,0.09361577,2.009760332,8423.260922,848.442,598.9896,0.0,0.0
490,4,0,0,92.999,78.0,16.2,0.005614028,70.696550973329,7.18864393234253,0.0,0.005654867,0.02720046,1.988510084,8442.429865,0.0,0.0,0.0,0.0
491,4,0,0,89.4071,79.0,16.0,0.005493346,70.9236519091712,7.21696424484253,0.0,-0.013194689,-0.043987989,1.944673967,8464.040702,0.0,0.0,0.0,0.0
492,4,0,0,88.552,77.0,16.0,0.005380756,71.1169493342362,7.21696424484253,0.0,0.028902652,-0.103998899,1.895611238,8483.285816,875.7566,650.3627,0.0,0.0
493,4,0,0,88.7642,75.0,15.9,0.005256826,71.3338124053882,7.18864393234253,0.0,0.003769911,-0.141895056,1.825185251,8504.740401,0.0,0.0,0.0,0.0
494,4,0,0,89.7102,73.0,15.9,0.005160873,71.518052979922,7.18864393234253,0.0,0.00439823,-0.166159868,1.756465387,8523.620281,0.0,0.0,0.0,0.0
495,4,0,0,90.7655,71.0,15.6,0.005073278,71.7287156342022,7.21696424484253,0.0,0.016964599,-0.187007666,1.682332945,8544.860024,880.7303,651.3356,0.0,0.0
496,4,0,0,91.6641,71.0,15.6,0.005020957,71.9132789296862,7.24528455734253,0.0,0.006911504,-0.190744638,1.660983038,8563.945473,0.0,0.0,0.0,0.0
497,4,0,0,92.6269,72.0,15.2,0.004991898,72.122032729699,7.24528455734253,0.0,0.009424778,-0.174535036,1.671962214,8586.587075,0.0,0.0,0.0,0.0
498,4,0,0,93.1862,72.0,15.2,0.004992293,72.2940372829986,7.24528455734253,0.0,0.009424778,-0.144494295,1.698615503,8605.244302,878.9397,642.8674,0.0,0.0
499,4,0,0,93.7998,71.0,14.6,0.00501891,72.4897310957906,7.24528455734253,0.0,0.009424778,-0.094925642,1.730607462,8627.711588,0.0,0.0,0.0,0.0
500,4,0,0,94.3254,70.0,14.6,0.005063562,72.6532487141332,7.18864393234253,0.0,0.007539822,-0.040792227,1.760417414,8646.881999,881.2051,653.1187,0.0,0.0
501,4,0,0,94.7598,74.0,14.0,0.005131564,72.834207120204,7.21696424484253,0.0,0.003141593,0.033898592,1.801706266,8668.53288,890.4453,942.9364,0.0,0.0
502,4,0,0,95.1982,73.0,14.0,0.005190665,72.9885649063488,7.21696424484253,0.0,-0.005026548,0.103838682,1.828135443,8687.897627,983.3439,594.0534,0.0,0.0
503,4,0,0,95.3944,70.0,13.8,0.005245421,73.1599583449702,7.21696424484253,0.0,-0.023247786,0.159831762,1.850453806,8709.700851,888.4222,684.7077,0.0,0.0
504,4,0,0,95.5913,67.0,13.8,0.005284786,73.3050121020532,7.24528455734253,0.0,-0.014451326,0.162388563,1.875297976,8729.013352,879.0404,643.7986,0.0,0.0
505,4,0,0,95.7891,68.0,13.4,0.005324862,73.4674654155736,7.18864393234253,0.0,-0.001884956,0.140214682,1.922563028,8750.894703,880.2191,638.3868,0.0,0.0
506,4,0,0,96.0375,72.0,13.4,0.005353894,73.6045197550658,7.24528455734253,0.0,-0.001884956,0.113087416,1.962603045,8770.274588,0.0,0.0,0.0,0.0
507,4,0,0,96.2371,73.0,12.9,0.005369453,73.7548949879796,7.27360486984253,0.0,-0.001884956,0.08126235,1.971138906,8792.799491,876.0108,639.6855,0.0,0.0
508,4,0,0,96.3874,73.0,12.9,0.005359493,73.8875685269644,7.27360486984253,0.0,0.005026548,0.047637224,1.952824068,8811.279958,878.8619,655.7955,0.0,0.0
509,4,0,0,96.5885,72.0,12.5,0.005324068,74.0316129059994,7.24528455734253,0.0,0.006283185,0.009587049,1.932211351,8833.703297,880.8426,637.4394,0.0,0.0
510,4,0,0,96.841,73.0,12.5,0.005284994,74.1584224928262,7.24528455734253,0.0,0.0,-0.011894464,1.920452547,8853.13396,0.0,0.0,0.0,0.0
511,4,0,0,96.841,76.0,11.9,0.005251386,74.2999125435066,7.27360486984253,0.0,-0.007539822,-0.035227537,1.923047018,8875.052905,0.0,0.0,0.0,0.0
512,4,0,0,97.044,79.0,11.9,0.00524107,74.4236940283762,7.27360486984253,0.0,-0.008796459,-0.067281961,1.923048925,8895.105151,882.686,652.1574,0.0,0.0
513,4,0,0,97.044,77.0,11.6,0.005243309,74.5453949745872,7.27360486984253,0.0,0.009424778,-0.113827467,1.909974051,8914.650072,0.0,0.0,0.0,0.0
514,4,0,0,97.3501,74.0,11.6,0.005251834,74.6811996132892,7.27360486984253,0.0,0.013194689,-0.144125223,1.882394743,8936.498704,0.0,0.0,0.0,0.0
515,4,0,0,97.4526,72.0,11.3,0.005264701,74.7976133947982,7.27360486984253,0.0,0.019477874,-0.143577337,1.865170431,8955.736495,879.8066,642.1435,0.0,0.0
516,4,0,0,97.5553,72.0,11.3,0.005287096,74.9229673014082,7.24528455734253,0.0,-0.011938052,-0.114736319,1.872651052,8977.823898,881.5824,653.6995,0.0,0.0
517,4,0,0,97.7613,72.0,11.1,0.005312649,75.0277287210208,7.18864393234253,0.0,-0.001256637,-0.103393316,1.899335337,8996.833665,0.0,0.0,0.0,0.0
518,4,0,0,97.7613,73.0,11.1,0.005337534,75.1466212884648,7.18864393234253,0.0,-0.007539822,-0.094156981,1.909467173,9017.673998,0.0,0.0,0.0,0.0
519,4,0,0,98.0719,74.0,10.9,0.005335999,75.1844142243548,7.21696424484253,0.0,0.008796459,-0.100156546,1.867333364,9035.969894,0.0,0.0,0.0,0.0
520,4,0,0,98.228,74.0,10.9,0.005290791,74.9086164142932,7.41520643234253,0.0,0.005654867,-0.092948675,1.830211592,9057.230146,880.214,652.2558,0.0,0.0
521,4,0,0,98.2801,74.0,10.7,0.005217526,74.748449618858,7.52848768234253,0.0,0.00816814,-0.075768232,1.818537664,9074.611493,882.5229,651.8137,0.0,0.0
522,4,0,0,98.228,75.0,10.7,0.005122053,74.5823502168204,7.64176893234253,0.0,-0.00816814,-0.046910524,1.803263617,9095.691082,881.6362,653.5107,0.0,0.0
523,4,0,0,98.1239,76.0,10.2,0.005055299,74.403918651577,7.67008924484253,0.0,-0.015707962,-0.039057493,1.827266645,9113.660809,0.0,0.0,0.0,0.0
524,4,0,0,98.228,75.0,10.2,0.005023317,73.6760818906042,7.69840955734253,0.0,-0.009424778,-0.058584929,1.878592443,9133.901046,876.9973,644.5076,0.0,0.0
525,4,0,0,98.02,73.0,10.4,0.005045296,72.645798628658,7.69840955734253,0.0,0.020734511,-0.085068464,1.923467112,9151.807787,0.0,0.0,0.0,0.0
526,4,0,0,98.228,78.0,10.4,0.005118561,71.4871058867108,7.72672986984253,0.0,0.035185836,-0.069891691,1.982594442,9171.932791,879.7332,639.9832,0.0,0.0
527,4,0,0,98.5416,81.0,10.6,0.005196539,70.9578262279778,7.78337049484253,0.0,-0.036442474,-0.014487982,2.037139845,9189.697443,881.5038,653.5413,0.0,0.0
528,4,0,0,98.6466,83.0,10.6,0.005260573,70.6327410607574,7.78337049484253,0.0,0.0,-0.000483,2.05763526,9209.577815,0.0,0.0,0.0,0.0
529,4,0,0,98.91,85.0,10.7,0.005274733,70.5946597311394,7.78337049484253,0.0,-0.00816814,0.016493559,2.051414919,9226.916682,0.0,0.0,0.0,0.0
530,4,0,0,99.0158,84.0,10.7,0.005245456,70.5687114089022,7.72672986984253,0.0,-0.02136283,0.012615919,2.030381155,9247.0617,0.0,0.0,0.0,0.0
531,4,0,0,99.2812,79.0,11.1,0.005194753,70.5532069629686,7.78337049484253,0.0,0.0,-0.026409388,2.006191683,9263.651054,0.0,0.0,0.0,0.0
532,4,0,0,99.4411,75.0,11.1,0.005125605,69.8664659059008,7.86833143234253,0.0,-0.00439823,-0.079167128,1.978746367,9283.358083,0.0,0.0,0.0,0.0
533,4,0,0,99.5481,74.0,11.2,0.005062586,69.2645804063592,7.67008924484253,0.0,-0.005654867,-0.127834558,1.964650583,9300.204273,0.0,0.0,0.0,0.0
534,4,0,0,99.7089,75.0,11.2,0.004994145,68.591922426137,7.84001111984253,0.0,0.007539822,-0.192622423,1.970668268,9319.137379,0.0,0.0,0.0,0.0
535,4,0,0,99.7626,73.0,11.6,0.004949085,68.0240601927496,7.61344861984253,0.0,0.033929199,-0.231824636,1.997195196,9336.085135,881.695,658.5648,0.0,0.0
536,4,0,0,99.978,75.0,11.6,0.004931928,67.3751944697798,7.69840955734253,0.0,0.010681415,-0.229331732,2.041094255,9355.184259,0.0,0.0,0.0,0.0
537,4,0,0,100.1402,75.0,11.9,0.004957897,66.810758585626,7.86833143234253,0.0,0.006283185,-0.216748476,2.07957406,9372.199398,0.0,0.0,0.0,0.0
538,4,0,0,100.0861,75.0,11.9,0.005033942,66.1632180897726,7.78337049484253,0.0,-0.000628,-0.189744234,2.112073851,9391.481139,0.0,0.0,0.0,0.0
539,4,0,0,100.3573,75.0,12.2,0.005127053,65.6247442555262,7.84001111984253,0.0,-0.000628,-0.165204287,2.137367678,9408.591981,881.2759,656.924,0.0,0.0
540,4,0,0,100.4117,77.0,12.2,0.005249008,65.4822654263498,7.84001111984253,0.0,-0.011309734,-0.142581701,2.168950987,9428.648136,0.0,0.0,0.0,0.0
541,4,0,0,100.6847,78.0,12.5,0.005359634,65.6960248692184,7.72672986984253,0.0,-0.012566371,-0.140529871,2.174493742,9445.201847,0.0,0.0,0.0,0.0
542,4,0,0,100.6847,79.0,12.5,0.005460915,66.0220988149348,7.84001111984253,0.0,-0.013823007,-0.160950422,2.180990648,9465.302922,882.8491,649.8567,0.0,0.0
543,4,0,0,100.7943,75.0,13.0,0.005503424,66.2755051211866,7.78337049484253,0.0,0.0,-0.198616743,2.187752676,9482.517766,0.0,0.0,0.0,0.0
544,4,0,0,100.9591,76.0,13.0,0.005507996,66.5390600542256,7.84001111984253,0.0,0.005654867,-0.243633986,2.187286329,9501.946477,0.0,0.0,0.0,0.0
545,4,0,0,101.0142,79.0,12.9,0.005502068,66.757330750702,7.98161268234253,0.0,0.005654867,-0.276528597,2.165793371,9519.257022,0.0,0.0,0.0,0.0
546,4,0,0,101.2351,78.0,12.9,0.005501034,67.0056421601016,7.89665174484253,0.0,-0.006911504,-0.305089235,2.136636686,9538.695984,0.0,0.0,0.0,0.0
547,4,0,0,101.3459,76.0,12.9,0.005493378,67.2109421233536,7.89665174484253,0.0,0.011309734,-0.335813284,2.101085138,9556.117368,0.0,0.0,0.0,0.0
548,4,0,0,101.4569,74.0,12.9,0.005465023,67.4311560335064,7.89665174484253,0.0,-0.001884956,-0.349081278,2.068222952,9575.673518,880.4106,638.9736,0.0,0.0
549,4,0,0,101.6797,75.0,12.8,0.005434404,67.579327146543,7.95329236984253,0.0,0.001884956,-0.354058504,2.038964701,9593.083672,868.6981,654.7743,0.0,0.0
550,4,0,0,101.8475,78.0,12.8,0.005410776,67.746648777937,7.98161268234253,0.0,-0.003769911,-0.360507727,2.012843084,9613.435232,0.0,0.0,0.0,0.0
551,4,0,0,101.7915,79.0,12.7,0.005397721,67.8850420722158,8.00993347167969,0.0,0.013194689,-0.365419626,1.999497843,9630.108083,0.0,0.0,0.0,0.0
552,4,0,0,101.7356,77.0,12.7,0.005373199,68.0351632547172,7.92497205734253,0.0,0.001256637,-0.343503237,1.982304049,9650.476734,0.0,0.0,0.0,0.0
553,4,0,0,101.9036,74.0,12.6,0.005336019,68.1597343783512,6.36735486984253,0.0,0.006911504,-0.319711447,1.964460802,9667.933764,0.0,0.0,0.0,0.0
554,4,0,0,102.1284,76.0,12.6,0.005287871,68.2983954507126,7.18864393234253,0.0,-0.006283185,-0.278805017,1.952019644,9687.634935,0.0,0.0,0.0,0.0
555,4,0,0,102.3541,76.0,12.3,0.005256524,68.410043912108,9.05778503417969,0.0,-0.000628,-0.249430418,1.948190641,9705.236497,0.0,0.0,0.0,0.0
556,4,0,0,102.5241,76.0,12.3,0.005234952,68.497172292236,7.41520643234253,0.0,-0.003141593,-0.215122938,1.95020051,9725.044114,0.0,0.0,0.0,0.0
557,4,0,0,102.6947,72.0,12.3,0.005222735,68.560529030757,7.69840955734253,0.0,-0.005026548,-0.19080615,1.981271696,9742.771655,0.0,0.0,0.0,0.0
558,4,0,0,102.8087,75.0,12.3,0.005220495,68.6337253705984,7.13200330734253,0.0,0.001884956,-0.174008608,2.033197355,9762.480643,0.0,0.0,0.0,0.0
559,4,0,0,102.923,77.0,12.2,0.005233002,68.7000690119726,7.30192518234253,0.0,0.002513274,-0.159525156,2.081618738,9780.103693,849.0314,666.0531,0.0,0.0
560,4,0,0,103.325,78.0,12.2,0.005254812,68.7717478729412,7.38688611984253,0.0,-0.005026548,-0.138816118,2.134399366,9799.912291,0.0,0.0,0.0,0.0
561,4,0,0,103.325,81.0,12.5,0.005268912,68.8259310194074,7.38688611984253,0.0,-0.005654867,-0.127602816,2.156054926,9817.370301,0.0,0.0,0.0,0.0
562,4,0,0,103.3827,82.0,12.5,0.005276398,68.9008851930506,7.38688611984253,0.0,-0.002513274,-0.123045683,2.159839582,9837.693543,881.431,654.7375,0.0,0.0
563,4,0,0,103.5561,80.0,12.8,0.005284006,68.9652650211964,7.38688611984253,0.0,-0.031415924,-0.12520051,2.158155394,9855.080261,880.2729,654.7055,0.0,0.0
564,4,0,0,103.6721,76.0,12.8,0.005307721,69.0360031746548,7.41520643234253,0.0,-0.011938052,-0.161537409,2.171709967,9874.649598,0.0,0.0,0.0,0.0
565,4,0,0,103.7883,76.0,13.0,0.005347745,69.0975746240336,7.38688611984253,0.0,-0.001884956,-0.209958792,2.180514765,9892.005068,880.2937,639.3511,0.0,0.0
566,4,0,0,103.9631,80.0,13.0,0.005415465,69.1668296419348,7.38688611984253,0.0,0.010053096,-0.269216776,2.181112242,9911.57831,881.0462,634.4521,0.0,0.0
567,4,0,0,104.0799,84.0,12.9,0.005484488,69.0674377852322,7.38688611984253,0.0,0.010053096,-0.311708212,2.174804163,9928.889833,876.1558,649.3576,0.0,0.0
568,4,0,0,104.1971,83.0,12.9,0.005550335,68.6511592864448,7.38688611984253,0.0,0.009424778,-0.333783865,2.154452753,9948.433776,0.0,0.0,0.0,0.0
569,4,0,0,104.3732,81.0,13.1,0.005581265,68.4312749852174,7.35856580734253,0.0,0.002513274,-0.333884001,2.141953421,9965.809752,0.0,0.0,0.0,0.0
570,4,0,0,104.55,76.0,13.1,0.005584308,68.2502341809386,7.38688611984253,0.0,-0.00439823,-0.335766554,2.149715853,9985.442565,0.0,0.0,0.0,0.0
571,4,0,0,104.7274,75.0,13.0,0.005561714,68.3184248779242,7.35856580734253,0.0,0.006911504,-0.348942041,2.153751326,10002.94842,0.0,0.0,0.0,0.0
572,4,0,0,104.846,79.0,13.0,0.005509474,68.348602931923,7.38688611984253,0.0,0.00439823,-0.356458426,2.147448969,10023.18182,0.0,0.0,0.0,0.0
573,4,0,0,105.0244,80.0,13.2,0.005445496,68.3422377347286,7.38688611984253,0.0,0.00439823,-0.355317354,2.141536188,10040.60858,0.0,0.0,0.0,0.0
574,4,0,0,105.084,77.0,13.2,0.005364203,68.3258200527186,7.30192518234253,0.0,0.00816814,-0.344590902,2.146841002,10060.69256,880.0935,642.5717,0.0,0.0
575,4,0,0,105.323,75.0,13.4,0.005301579,68.3257170549586,7.01872205734253,0.0,-0.006911504,-0.324064016,2.150567961,10078.08417,0.0,0.0,0.0,0.0
576,4,0,0,105.443,76.0,13.4,0.00525564,68.319132134574,7.18864393234253,0.0,-0.006911504,-0.318769217,2.137136412,10097.77069,0.0,0.0,0.0,0.0
577,4,0,0,105.6837,75.0,13.2,0.005237729,68.307795621746,7.21696424484253,0.0,0.00439823,-0.327105761,2.117115927,10115.0617,0.0,0.0,0.0,0.0
578,4,0,0,105.8649,78.0,13.2,0.005222607,68.2893042729592,7.18864393234253,0.0,0.005654867,-0.327408552,2.108015013,10134.57928,0.0,0.0,0.0,0.0
579,4,0,0,105.9255,80.0,13.1,0.005196006,68.2671393803148,7.24528455734253,0.0,-0.000628,-0.31995225,2.094396067,10151.90545,877.6734,645.7389,0.0,0.0
580,4,0,0,105.5632,79.0,13.1,0.005145791,68.2386298739346,7.24528455734253,0.0,-0.006911504,-0.316711664,2.084152651,10171.43279,878.3542,645.8983,0.0,0.0
581,4,0,0,106.6576,75.0,13.0,0.005093201,68.215586072436,7.24528455734253,0.0,0.006911504,-0.324936628,2.082145166,10188.76873,878.5931,643.4657,0.0,0.0
582,4,0,0,106.9656,76.0,13.0,0.005038441,68.1920272821374,7.27360486984253,0.0,0.009424778,-0.322188139,2.075781775,10209.06951,876.2839,638.8703,0.0,0.0
583,4,0,0,106.2293,75.0,12.9,0.005000814,68.1722931044422,7.21696424484253,0.0,0.000628,-0.302932501,2.065062475,10226.32537,0.0,0.0,0.0,0.0
584,4,0,0,105.9861,70.0,12.9,0.004962138,68.1525726705106,7.21696424484253,0.0,0.007539822,-0.288336039,2.056622458,10245.73357,879.7479,640.614,0.0,0.0
585,4,0,0,105.6234,72.0,12.8,0.004926648,68.1332848110776,7.24528455734253,0.0,-0.001256637,-0.276039362,2.05163331,10263.0451,881.8435,661.2985,0.0,0.0
586,4,0,0,105.383,72.0,12.8,0.004887286,68.1060868041436,7.24528455734253,0.0,-0.002513274,-0.263182878,2.048308325,10282.52849,881.3284,653.0135,0.0,0.0
587,4,0,0,104.9054,72.0,12.7,0.004856705,68.0818070456184,7.24528455734253,0.0,-0.005026548,-0.25715518,2.047177267,10299.62127,882.0647,652.4713,0.0,0.0
588,4,0,0,104.7274,75.0,12.7,0.004831025,68.054938615423,7.27360486984253,0.0,0.003141593,-0.254801512,2.046073866,10318.83709,0.0,0.0,0.0,0.0
589,4,0,0,104.846,75.0,12.7,0.004822885,68.0317162898382,7.27360486984253,0.0,-0.000628,-0.245471239,2.046757174,10335.82244,0.0,0.0,0.0,0.0
590,4,0,0,104.9054,76.0,12.7,0.004830267,68.0043740860402,7.27360486984253,0.0,-0.001884956,-0.234531641,2.039611292,10354.65838,0.0,0.0,0.0,0.0
591,4,0,0,105.443,75.0,12.9,0.004845519,67.9809251653834,7.01872205734253,0.0,-0.001256637,-0.228479624,2.018161249,10371.37517,0.0,0.0,0.0,0.0
592,4,0,0,105.6837,73.0,12.9,0.004865671,67.9505960587322,7.18864393234253,0.0,-0.001256637,-0.224139929,1.979812574,10390.85466,0.0,0.0,0.0,0.0
593,4,0,0,105.9255,70.0,12.8,0.004881409,67.9144373271452,7.13200330734253,0.0,-0.000628,-0.222501993,1.962601137,10406.94353,0.0,0.0,0.0,0.0
594,4,0,0,106.1076,71.0,12.8,0.004899075,67.8749346445326,7.21696424484253,0.0,-0.001256637,-0.221222162,1.978301001,10426.19743,0.0,0.0,0.0,0.0
595,4,0,0,106.4736,75.0,12.7,0.004924329,67.8411654609776,7.18864393234253,0.0,0.000628,-0.221477747,2.007136774,10442.71306,880.5134,635.2486,0.0,0.0
596,4,0,0,106.5962,79.0,12.7,0.004963979,67.7923450055396,7.21696424484253,0.0,0.010053096,-0.217473269,2.04798789,10461.32048,0.0,0.0,0.0,0.0
597,4,0,0,106.5962,76.0,13.0,0.00499124,67.7396518665124,7.21696424484253,0.0,0.00816814,-0.197513819,2.083781672,10477.88494,0.0,0.0,0.0,0.0
598,4,0,0,106.8422,72.0,13.0,0.005009372,67.6879063068772,7.21696424484253,0.0,-0.006911504,-0.15911603,2.118243647,10496.38299,881.898,650.942,0.0,0.0
599,4,0,0,107.2754,71.0,13.2,0.005030846,67.6455746459456,7.21696424484253,0.0,-0.020106193,-0.137652159,2.142901373,10512.68768,0.0,0.0,0.0,0.0
600,4,0,0,107.3998,70.0,13.2,0.005085976,67.5987866581804,7.21696424484253,0.0,-0.010681415,-0.153301001,2.156506014,10531.01385,0.0,0.0,0.0,0.0
601,4,0,0,107.5246,72.0,13.0,0.005168669,67.5618314320406,7.21696424484253,0.0,-0.006283185,-0.184816599,2.145612669,10547.23748,880.1739,641.4297,0.0,0.0
602,4,0,0,107.7749,75.0,13.0,0.005285116,67.5198293478476,7.24528455734253,0.0,0.001256637,-0.229313612,2.112051439,10566.06072,880.8961,636.1337,0.0,0.0
603,4,0,0,107.9634,76.0,12.9,0.005375293,67.4860601642926,7.18864393234253,0.0,0.001884956,-0.265632868,2.079770517,10581.42498,0.0,0.0,0.0,0.0
604,4,0,0,108.279,74.0,12.9,0.005434911,67.451844646382,7.21696424484253,0.0,0.003769911,-0.301051378,2.047452879,10599.92205,893.4822,493.036,0.0,0.0
605,4,0,0,108.4058,71.0,12.9,0.005441719,67.4227858239796,7.10368299484253,0.0,0.010053096,-0.324976683,2.01058383,10615.47478,0.0,0.0,0.0,0.0
606,4,0,0,108.5965,73.0,12.9,0.005406336,67.3900740572716,7.07536268234253,0.0,0.013823007,-0.328840971,1.964310122,10632.88884,0.0,0.0,0.0,0.0
607,4,0,0,108.7879,72.0,12.8,0.005356204,67.362113883007,7.10368299484253,0.0,0.010053096,-0.307382822,1.929985952,10648.25212,0.0,0.0,0.0,0.0
608,4,0,0,108.7879,74.0,12.8,0.005298882,67.3307204715336,7.04704236984253,0.0,-0.012566371,-0.2648561,1.90168376,10665.54313,0.0,0.0,0.0,0.0
609,4,0,0,108.9159,76.0,12.7,0.005258275,67.3032066155312,7.04704236984253,0.0,0.006283185,-0.235509157,1.880308104,10680.85173,0.0,0.0,0.0,0.0
610,4,0,0,109.3016,74.0,12.7,0.005221426,67.2723556481982,7.04704236984253,0.0,0.005026548,-0.190541983,1.872647238,10698.0861,0.0,0.0,0.0,0.0
611,4,0,0,109.5602,73.0,12.6,0.005191634,67.2459747514624,6.84880018234253,0.0,0.0,-0.144590616,1.869209242,10713.27262,0.0,0.0,0.0,0.0
612,4,0,0,109.4954,72.0,12.6,0.005161641,67.2170463982538,8.17985534667969,0.0,-0.001256637,-0.101307154,1.871262026,10730.69645,0.0,0.0,0.0,0.0
613,4,0,0,109.8853,70.0,12.6,0.005145021,67.1921417973802,7.33024549484253,0.0,-0.009424778,-0.071886301,1.879054976,10744.91911,0.0,0.0,0.0,0.0
614,4,0,0,109.4954,69.0,12.6,0.005141378,67.1636666182222,7.01872205734253,0.0,-0.005026548,-0.051514387,1.894305182,10762.30876,0.0,0.0,0.0,0.0
615,4,0,0,111.1383,73.0,12.5,0.005150722,67.1394967293388,7.04704236984253,0.0,-0.003769911,-0.045552969,1.909213018,10776.87712,0.0,0.0,0.0,0.0
616,4,0,0,109.3661,78.0,12.5,0.00517551,67.112230051867,6.99040174484253,0.0,-0.005026548,-0.044794798,1.925881815,10793.63591,0.0,0.0,0.0,0.0
617,4,0,0,106.9039,81.0,12.5,0.005206743,67.0889939825186,7.01872205734253,0.0,-0.003769911,-0.052308321,1.936927748,10808.21891,0.0,0.0,0.0,0.0
618,4,0,0,105.5632,80.0,12.5,0.005239107,67.0632173446726,7.16032361984253,0.0,-0.000628,-0.069305182,1.941974115,10824.5695,0.0,0.0,0.0,0.0
619,4,0,0,105.323,76.0,12.4,0.005249999,67.0410524359348,7.04704236984253,0.0,-0.000628,-0.087363958,1.936428499,10839.45427,873.237,642.9528,0.0,0.0
620,4,0,0,103.5561,77.0,12.4,0.005230961,67.0171983961198,6.96208143234253,0.0,0.002513274,-0.105904818,1.931812239,10856.1945,882.3017,660.968,0.0,0.0
621,4,0,0,99.8702,77.0,12.4,0.005188032,66.9966471082264,7.04704236984253,0.0,0.009424778,-0.116384268,1.91455884,10871.07145,0.0,0.0,0.0,0.0
622,4,0,0,97.0949,81.0,12.4,0.005117548,66.9737887026958,6.84880018234253,0.0,-0.002513274,-0.112223387,1.901385736,10888.42301,0.0,0.0,0.0,0.0
623,4,0,0,96.2872,79.0,12.4,0.005047436,66.954329174965,6.90544080734253,0.0,0.010053096,-0.107815981,1.914641809,10902.67302,877.4023,648.0157,0.0,0.0
624,4,0,0,96.4878,76.0,12.4,0.004980214,66.933345312573,6.87712049484253,0.0,-0.009424778,-0.084791899,1.935667467,10920.01579,0.0,0.0,0.0,0.0
625,4,0,0,97.3501,75.0,12.3,0.004952922,66.9151835566182,6.87712049484253,0.0,-0.012566371,-0.078410864,1.96002574,10934.8781,0.0,0.0,0.0,0.0
626,4,0,0,98.228,75.0,12.3,0.004971292,66.8950854588688,6.87712049484253,0.0,-0.005026548,-0.098614931,1.995060873,10951.59392,875.146,633.5637,0.0,0.0
627,4,0,0,98.8572,78.0,12.3,0.005027643,66.8775622729326,6.87712049484253,0.0,-0.005654867,-0.12304759,2.029543829,10966.44939,872.2116,654.2739,0.0,0.0
628,4,0,0,99.3345,79.0,12.3,0.005113508,66.857944836761,6.87712049484253,0.0,-0.00439823,-0.161641836,2.066877317,10983.1574,0.0,0.0,0.0,0.0
629,4,0,0,99.8163,78.0,12.3,0.005183174,66.8412112895892,6.90544080734253,0.0,0.000628,-0.20180583,2.101008368,10998.00603,859.5164,653.269,0.0,0.0
630,4,0,0,100.1944,77.0,12.3,0.005247025,66.8225414167162,6.87712049484253,0.0,-0.001256637,-0.246133566,2.131509733,11014.70623,0.0,0.0,0.0,0.0
631,4,0,0,100.4662,76.0,12.0,0.005293078,66.8062816592404,6.79215955734253,0.0,0.005026548,-0.284936666,2.152962637,11029.48553,891.2585,651.2753,0.0,0.0
632,4,0,0,100.8491,76.0,12.0,0.005347252,66.4833594127932,6.84880018234253,0.0,0.006911504,-0.318048716,2.164973688,11045.90057,0.0,0.0,0.0,0.0
633,4,0,0,100.9591,76.0,12.0,0.005410621,65.5190009292994,6.82047986984253,0.0,0.015079645,-0.337297201,2.15806241,11060.29705,881.6592,653.4079,0.0,0.0
634,4,0,0,101.1245,73.0,12.0,0.00551124,64.4294052807192,6.82047986984253,0.0,0.011309734,-0.334761381,2.135843229,11076.86541,886.5684,666.9282,0.0,0.0
635,4,0,0,101.2904,71.0,12.0,0.005630555,63.4867310443854,6.36735486984253,0.0,0.00816814,-0.313741446,2.108176184,11090.80096,882.1099,654.3199,0.0,0.0
636,4,0,0,101.4569,70.0,12.0,0.005821793,59.986022883728,6.25407361984253,0.0,0.000628,-0.276678801,2.075345469,11105.36834,0.0,0.0,0.0,0.0
637,4,0,0,101.5125,71.0,11.7,0.006056347,53.2368799093984,6.36735486984253,0.0,0.001256637,-0.2438519,2.049930048,11116.93376,880.8604,653.3441,0.0,0.0
638,4,0,0,101.7356,73.0,11.7,0.006409869,45.7139876511974,6.36735486984253,0.0,0.000628,-0.210898161,2.02365489,11128.44743,,,,
639,4,0,0,101.9036,76.0,11.4,0.006784246,39.8000177853598,6.36735486984253,0.0,0.001256637,-0.185491323,2.002972078,11137.45329,,,,
